# Blender 4.2.0
# www.blender.org
mtllib gasifier-8-14.mtl
g gasifier-base_base
v 1.500000 0.125000 0.500000
v 1.500000 0.125000 -0.500000
v 1.500000 0.000000 0.500000
v 1.500000 -0.000000 -0.500000
v -0.500000 0.125000 -0.500000
v -0.500000 0.125000 0.500000
v -0.500000 -0.000000 -0.500000
v -0.500000 0.000000 0.500000
vt 0.599304 0.901363
vt 0.599304 0.511584
vt 0.623665 0.511584
vt 0.623665 0.901363
vt 0.858637 0.731887
vt 0.858637 0.926776
vt 0.834276 0.926776
vt 0.834276 0.731887
vt 0.902413 0.389778
vt 0.902413 -0.000000
vt 0.926774 0.000000
vt 0.926774 0.389778
vt 0.180085 0.950085
vt 0.180085 0.755196
vt 0.204446 0.755196
vt 0.204446 0.950085
vt 0.000000 0.389778
vt 0.000000 0.000000
vt 0.194889 0.000000
vt 0.194889 0.389778
vt 0.389779 0.000000
vt 0.389778 0.389778
vt 0.194889 0.389778
vt 0.194889 -0.000000
s 0
g gasifier-base_blue
usemtl blue
f 4/1 7/2 5/3 2/4
f 3/5 4/6 2/7 1/8
f 8/9 3/10 1/11 6/12
f 7/13 8/14 6/15 5/16
f 6/17 1/18 2/19 5/20
f 7/21 4/22 3/23 8/24
g piping2_cylinder.002
v -0.500000 0.525888 0.062500
v -0.500000 0.562500 0.025888
v -0.500000 0.562500 -0.025888
v -0.500000 0.525888 -0.062500
v -0.500000 0.474112 -0.062500
v -0.500000 0.437500 -0.025888
v -0.500000 0.437500 0.025888
v -0.500000 0.474112 0.062500
v -0.483791 0.474112 0.062500
v -0.483791 0.437500 0.025888
v -0.483791 0.437500 -0.025888
v -0.483791 0.474112 -0.062500
v -0.483791 0.525888 -0.062500
v -0.483791 0.562500 -0.025888
v -0.483791 0.562500 0.025888
v -0.483791 0.525888 0.062500
v -0.500000 0.531066 0.075000
v -0.525000 0.531066 0.075000
v -0.500000 0.575000 0.031066
v -0.525000 0.575000 0.031066
v -0.500000 0.575000 -0.031066
v -0.525000 0.575000 -0.031066
v -0.500000 0.531066 -0.075000
v -0.525000 0.531066 -0.075000
v -0.500000 0.468934 -0.075000
v -0.525000 0.468934 -0.075000
v -0.500000 0.425000 -0.031066
v -0.525000 0.425000 -0.031066
v -0.500000 0.425000 0.031066
v -0.525000 0.425000 0.031066
v -0.500000 0.468934 0.075000
v -0.525000 0.468934 0.075000
v -0.137814 2.312467 -0.064093
v -0.137814 2.228092 -0.064093
v -0.133308 2.312467 -0.012513
v -0.133308 2.228092 -0.012513
v -0.093649 2.312467 0.020774
v -0.093649 2.228092 0.020774
v -0.042068 2.312467 0.016267
v -0.042068 2.228092 0.016267
v -0.008782 2.312467 -0.023392
v -0.008782 2.228092 -0.023392
v -0.013288 2.312467 -0.074972
v -0.013288 2.228092 -0.074972
v -0.052947 2.312467 -0.108258
v -0.052947 2.228092 -0.108258
v -0.104527 2.312467 -0.103752
v -0.104527 2.228092 -0.103752
v -0.137826 2.312452 -0.063494
v -0.133319 2.312452 -0.011913
v -0.093660 2.312452 0.021373
v -0.042080 2.312452 0.016867
v -0.008794 2.312452 -0.022792
v -0.013300 2.312452 -0.074372
v -0.052959 2.312452 -0.107659
v -0.104539 2.312452 -0.103153
v -0.133307 2.312414 -0.011928
v -0.161350 2.349025 -0.035465
v -0.093648 2.312414 0.021358
v -0.065605 2.349025 0.044895
v -0.065605 2.400802 0.044895
v -0.093648 2.437414 0.021358
v -0.133307 2.437414 -0.011928
v -0.161350 2.400802 -0.035465
v -0.143961 2.395427 -0.056183
v -0.128880 2.381923 -0.074152
v -0.116684 2.362960 -0.088682
v -0.107997 2.339504 -0.099033
v -0.057970 2.352581 -0.101689
v -0.069995 2.385302 -0.087361
v -0.086480 2.410935 -0.067721
v -0.107516 2.429627 -0.042657
v -0.018311 2.352581 -0.068402
v -0.030336 2.385302 -0.054075
v -0.046821 2.410935 -0.034434
v -0.067856 2.429627 -0.009371
v -0.012252 2.339504 -0.018672
v -0.020939 2.362959 -0.008322
v -0.033135 2.381923 0.006209
v -0.048216 2.395427 0.024177
v -0.043342 2.321009 0.018371
v -0.047308 2.331362 0.023096
v -0.053439 2.340894 0.030401
v -0.060099 2.347063 0.038335
v -0.093370 2.307932 0.021027
v -0.093998 2.309020 0.021775
v -0.095840 2.311883 0.023970
v -0.096544 2.312863 0.024809
v -0.133029 2.307933 -0.012260
v -0.133657 2.309020 -0.011512
v -0.135499 2.311884 -0.009317
v -0.136203 2.312864 -0.008477
v -0.139088 2.321009 -0.061990
v -0.143054 2.331362 -0.057264
v -0.149185 2.340895 -0.049960
v -0.155844 2.347063 -0.042025
v -0.448078 0.438353 0.069091
v -0.484336 0.474074 0.062766
v -0.484336 0.525851 0.062766
v -0.448078 0.563353 0.069091
v -0.396302 0.563353 0.069091
v -0.359690 0.526741 0.069091
v -0.359690 0.474965 0.069091
v -0.396302 0.438353 0.069091
v -0.484317 0.474074 0.062805
v -0.484317 0.437463 0.026193
v -0.484317 0.525851 0.062805
v -0.484317 0.562463 0.026193
v -0.484317 0.562463 -0.025584
v -0.484317 0.525851 -0.062195
v -0.484317 0.474074 -0.062195
v -0.484317 0.437463 -0.025584
v -0.457269 0.437463 -0.020209
v -0.433810 0.437463 -0.006704
v -0.414839 0.437463 0.012259
v -0.401327 0.437463 0.035715
v -0.367130 0.474074 0.022638
v -0.385836 0.474074 -0.010083
v -0.411477 0.474074 -0.035716
v -0.444199 0.474074 -0.054409
v -0.367130 0.525851 0.022638
v -0.385836 0.525851 -0.010083
v -0.411477 0.525851 -0.035716
v -0.444199 0.525851 -0.054409
v -0.401327 0.562463 0.035715
v -0.414839 0.562463 0.012259
v -0.433810 0.562463 -0.006704
v -0.457269 0.562463 -0.020209
v -0.449688 0.562463 0.054209
v -0.455857 0.562463 0.043857
v -0.465394 0.562463 0.034324
v -0.475752 0.562463 0.028156
v -0.484238 0.526741 0.073611
v -0.484861 0.525851 0.066199
v -0.487726 0.525851 0.063335
v -0.488822 0.525851 0.062355
v -0.484238 0.474965 0.073610
v -0.484861 0.474074 0.066199
v -0.487726 0.474074 0.063335
v -0.488822 0.474074 0.062355
v -0.449688 0.437463 0.054209
v -0.455857 0.437463 0.043857
v -0.465394 0.437463 0.034324
v -0.475752 0.437463 0.028156
v -0.249862 2.312538 0.263846
v -0.254369 2.312538 0.212266
v -0.378894 2.312538 0.223145
v -0.374388 2.312538 0.274725
v -0.334729 2.312538 0.308011
v -0.283149 2.312538 0.303505
v -0.065645 2.349111 0.044359
v -0.217879 2.349111 0.225739
v -0.093689 2.312500 0.020822
v -0.245922 2.312500 0.202202
v -0.133348 2.312500 -0.012464
v -0.285581 2.312500 0.168916
v -0.161391 2.349111 -0.036001
v -0.313625 2.349111 0.145379
v -0.161391 2.400888 -0.036001
v -0.313625 2.400888 0.145379
v -0.133348 2.437500 -0.012464
v -0.285581 2.437500 0.168916
v -0.093689 2.437500 0.020822
v -0.245922 2.437500 0.202202
v -0.065645 2.400888 0.044359
v -0.217879 2.400888 0.225739
v -0.245922 2.312500 0.202202
v -0.217879 2.349111 0.225739
v -0.285581 2.312500 0.168916
v -0.313625 2.349111 0.145379
v -0.313625 2.400888 0.145379
v -0.285581 2.437500 0.168916
v -0.245922 2.437500 0.202202
v -0.217879 2.400888 0.225739
v -0.245922 2.312500 0.202202
v -0.217879 2.349111 0.225739
v -0.285581 2.312500 0.168916
v -0.313625 2.349111 0.145379
v -0.313625 2.400888 0.145379
v -0.285581 2.437500 0.168916
v -0.245922 2.437500 0.202202
v -0.217879 2.400888 0.225739
v -0.245922 2.312500 0.202202
v -0.217879 2.349111 0.225739
v -0.285581 2.312500 0.168916
v -0.313625 2.349111 0.145379
v -0.313625 2.400888 0.145379
v -0.285581 2.437500 0.168916
v -0.245922 2.437500 0.202202
v -0.217879 2.400888 0.225739
v -0.254347 2.312500 0.212240
v -0.226304 2.349111 0.235777
v -0.294006 2.312500 0.178953
v -0.322049 2.349111 0.155416
v -0.322049 2.400888 0.155416
v -0.294006 2.437500 0.178953
v -0.254347 2.437500 0.212240
v -0.226304 2.400888 0.235777
v -0.245922 2.312500 0.202202
v -0.217879 2.349111 0.225739
v -0.285581 2.312500 0.168916
v -0.313625 2.349111 0.145379
v -0.313625 2.400888 0.145379
v -0.285581 2.437500 0.168916
v -0.245922 2.437500 0.202202
v -0.217879 2.400888 0.225739
v -0.141762 2.400888 0.135049
v -0.169805 2.437500 0.111512
v -0.209464 2.437500 0.078226
v -0.237508 2.400888 0.054689
v -0.237508 2.349111 0.054689
v -0.209464 2.312500 0.078226
v -0.141762 2.349111 0.135049
v -0.169805 2.312500 0.111512
v -0.254381 2.312500 0.212281
v -0.226338 2.349111 0.235817
v -0.294040 2.312500 0.178994
v -0.322084 2.349111 0.155457
v -0.322084 2.400888 0.155457
v -0.294040 2.437500 0.178994
v -0.254381 2.437500 0.212281
v -0.226338 2.400888 0.235817
v -0.249862 2.312538 0.263846
v -0.254369 2.312538 0.212266
v -0.294028 2.312538 0.178979
v -0.345608 2.312538 0.183486
v -0.378894 2.312538 0.223145
v -0.374388 2.312538 0.274725
v -0.334729 2.312538 0.308011
v -0.283149 2.312538 0.303505
v -0.254381 2.312500 0.212281
v -0.226338 2.349111 0.235817
v -0.294040 2.312500 0.178994
v -0.322084 2.349111 0.155457
v -0.322084 2.400888 0.155457
v -0.294040 2.437500 0.178994
v -0.254381 2.437500 0.212281
v -0.226338 2.400888 0.235817
v -0.243727 2.395513 0.256536
v -0.258808 2.382009 0.274504
v -0.271004 2.363045 0.289035
v -0.279691 2.339589 0.299385
v -0.329718 2.352667 0.302042
v -0.317693 2.385388 0.287714
v -0.301208 2.411020 0.268073
v -0.280173 2.429713 0.243010
v -0.369377 2.352666 0.268755
v -0.357352 2.385388 0.254428
v -0.340868 2.411020 0.234787
v -0.319832 2.429713 0.209724
v -0.375436 2.339590 0.219025
v -0.366749 2.363045 0.208675
v -0.354554 2.382009 0.194144
v -0.339473 2.395513 0.176175
v -0.344346 2.321095 0.181982
v -0.340380 2.331448 0.177257
v -0.334249 2.340980 0.169952
v -0.327590 2.347148 0.162017
v -0.294318 2.308018 0.179326
v -0.293691 2.309105 0.178578
v -0.291848 2.311969 0.176383
v -0.291144 2.312949 0.175543
v -0.254659 2.308018 0.212612
v -0.254031 2.309105 0.211864
v -0.252189 2.311969 0.209669
v -0.251485 2.312949 0.208830
v -0.248600 2.321095 0.262342
v -0.244634 2.331448 0.257617
v -0.238503 2.340981 0.250312
v -0.231844 2.347148 0.242378
v -0.396375 0.438043 0.176994
v -0.396375 0.438043 0.068899
v -0.359906 0.474654 0.176994
v -0.359906 0.474654 0.068899
v -0.359906 0.526431 0.176994
v -0.359906 0.526431 0.068899
v -0.396375 0.563043 0.176994
v -0.396375 0.563043 0.068899
v -0.447949 0.563043 0.176994
v -0.447949 0.563043 0.068899
v -0.484418 0.526431 0.176994
v -0.484418 0.526431 0.068899
v -0.484418 0.474654 0.176994
v -0.484418 0.474654 0.068899
v -0.447949 0.438043 0.176994
v -0.447949 0.438043 0.068899
v -0.486190 0.562846 0.208928
v -0.448323 0.562846 0.173616
v -0.396578 0.562846 0.175423
v -0.361266 0.562846 0.213290
v -0.363073 0.562846 0.265036
v -0.400940 0.562846 0.300347
v -0.452686 0.562846 0.298540
v -0.487997 0.562846 0.260673
v -0.448324 0.562884 0.173636
v -0.484913 0.526272 0.172358
v -0.396579 0.562884 0.175443
v -0.359989 0.526272 0.176720
v -0.359989 0.474495 0.176720
v -0.396579 0.437884 0.175443
v -0.448324 0.437884 0.173636
v -0.484913 0.474495 0.172358
v -0.485857 0.479870 0.199390
v -0.486676 0.493375 0.222834
v -0.487338 0.512338 0.241793
v -0.487810 0.535794 0.255298
v -0.452414 0.522717 0.290751
v -0.451761 0.489996 0.272057
v -0.450866 0.464363 0.246431
v -0.449724 0.445670 0.213730
v -0.400668 0.522717 0.292558
v -0.400016 0.489996 0.273864
v -0.399121 0.464363 0.248238
v -0.397979 0.445670 0.215537
v -0.362886 0.535794 0.259660
v -0.362414 0.512338 0.246156
v -0.361752 0.493375 0.227196
v -0.360933 0.479870 0.203752
v -0.361198 0.554288 0.211328
v -0.360983 0.543936 0.205163
v -0.360650 0.534403 0.195632
v -0.360288 0.528235 0.185280
v -0.396594 0.567365 0.175875
v -0.396560 0.566278 0.174899
v -0.396460 0.563414 0.172035
v -0.396421 0.562434 0.170940
v -0.448339 0.567365 0.174068
v -0.448305 0.566278 0.173092
v -0.448205 0.563414 0.170228
v -0.448167 0.562434 0.169133
v -0.486122 0.554288 0.206966
v -0.485906 0.543936 0.200800
v -0.485574 0.534403 0.191270
v -0.485212 0.528235 0.180917
v -0.486190 0.562846 0.208928
v -0.448323 0.562846 0.173616
v -0.396578 0.562846 0.175423
v -0.361266 0.562846 0.213290
v -0.363073 0.562846 0.265036
v -0.400940 0.562846 0.300347
v -0.452686 0.562846 0.298540
v -0.487997 0.562846 0.260673
v -0.396421 0.562434 0.170940
v -0.448167 0.562434 0.169133
v -0.249962 2.313227 0.264158
v -0.249962 1.875727 0.264158
v -0.254469 2.313227 0.212578
v -0.254469 1.875727 0.212578
v -0.294128 2.313227 0.179292
v -0.294128 1.875727 0.179292
v -0.345708 2.313227 0.183798
v -0.345708 1.875727 0.183798
v -0.378994 2.313227 0.223457
v -0.378994 1.875727 0.223457
v -0.374488 2.313227 0.275038
v -0.374488 1.875727 0.275038
v -0.334829 2.313227 0.308324
v -0.334829 1.875727 0.308324
v -0.283248 2.313227 0.303818
v -0.283248 1.875727 0.303818
v -0.486190 0.562846 0.208928
v -0.361266 0.562846 0.213290
v -0.363073 0.562846 0.265036
v -0.400940 0.562846 0.300347
v -0.452686 0.562846 0.298540
v -0.487997 0.562846 0.260673
v -0.448323 0.575623 0.173616
v -0.486190 0.575623 0.208928
v -0.396578 0.575623 0.175423
v -0.361266 0.575623 0.213290
v -0.363073 0.575623 0.265036
v -0.400940 0.575623 0.300347
v -0.452686 0.575623 0.298540
v -0.487997 0.575623 0.260673
v -0.395043 0.590224 0.175972
v -0.390702 0.631487 0.177491
v -0.383954 0.695603 0.179782
v -0.375200 0.778764 0.182649
v -0.364830 0.877161 0.185904
v -0.353224 0.986984 0.189372
v -0.340741 1.104425 0.192891
v -0.327725 1.225675 0.196320
v -0.314520 1.346925 0.199551
v -0.301538 1.464366 0.202545
v -0.289226 1.574189 0.205269
v -0.278049 1.672586 0.207672
v -0.268486 1.755747 0.209688
v -0.261033 1.819863 0.211236
v -0.256193 1.861126 0.212229
v -0.295902 1.861126 0.179367
v -0.300897 1.819863 0.179552
v -0.308615 1.755747 0.179787
v -0.318557 1.672586 0.180014
v -0.330237 1.574189 0.180172
v -0.343187 1.464366 0.180203
v -0.356962 1.346925 0.180048
v -0.371142 1.225675 0.179651
v -0.385330 1.104425 0.178979
v -0.399123 0.986984 0.178101
v -0.412099 0.877161 0.177108
v -0.423810 0.778764 0.176092
v -0.433783 0.695603 0.175144
v -0.441527 0.631487 0.174356
v -0.446542 0.590224 0.173816
v -0.347218 1.861126 0.184209
v -0.351490 1.819863 0.185336
v -0.358134 1.755747 0.187020
v -0.366759 1.672586 0.189100
v -0.376983 1.574189 0.191425
v -0.388435 1.464366 0.193855
v -0.400763 1.346925 0.196269
v -0.413629 1.225675 0.198565
v -0.426695 1.104425 0.200671
v -0.439549 0.986984 0.202587
v -0.451744 0.877161 0.204312
v -0.462819 0.778764 0.205828
v -0.472296 0.695603 0.207099
v -0.479683 0.631487 0.208078
v -0.484481 0.590224 0.208707
v -0.380080 1.861126 0.223918
v -0.383174 1.819863 0.225201
v -0.388035 1.755747 0.227150
v -0.394417 1.672586 0.229609
v -0.402080 1.574189 0.232435
v -0.410777 1.464366 0.235503
v -0.420265 1.346925 0.238711
v -0.430299 1.225675 0.241982
v -0.440607 1.104425 0.245260
v -0.450819 0.986984 0.248486
v -0.460541 0.877161 0.251581
v -0.469377 0.778764 0.254438
v -0.476934 0.695603 0.256928
v -0.482818 0.631487 0.258904
v -0.486637 0.590224 0.260205
v -0.375238 1.861126 0.275234
v -0.377390 1.819863 0.275793
v -0.380802 1.755747 0.276668
v -0.385331 1.672586 0.277811
v -0.390827 1.574189 0.279181
v -0.397125 1.464366 0.280752
v -0.404044 1.346925 0.282512
v -0.411385 1.225675 0.284469
v -0.418915 1.104425 0.286625
v -0.426333 0.986984 0.288912
v -0.433337 0.877161 0.291225
v -0.439641 0.778764 0.293447
v -0.444979 0.695603 0.295442
v -0.449096 0.631487 0.297060
v -0.451746 0.590224 0.298145
v -0.335528 1.861126 0.308096
v -0.337525 1.819863 0.307478
v -0.340672 1.755747 0.306569
v -0.344822 1.672586 0.305469
v -0.349816 1.574189 0.304278
v -0.355476 1.464366 0.303094
v -0.361602 1.346925 0.302015
v -0.367968 1.225675 0.301138
v -0.374327 1.104425 0.300537
v -0.380434 0.986984 0.300182
v -0.386068 0.877161 0.300022
v -0.391031 0.778764 0.300005
v -0.395150 0.695603 0.300079
v -0.398270 0.631487 0.300194
v -0.400248 0.590224 0.300301
v -0.284213 1.861126 0.303254
v -0.286933 1.819863 0.301693
v -0.291153 1.755747 0.299336
v -0.296620 1.672586 0.296382
v -0.303070 1.574189 0.293025
v -0.310228 1.464366 0.289442
v -0.317801 1.346925 0.285794
v -0.325481 1.225675 0.282225
v -0.332961 1.104425 0.278845
v -0.340008 0.986984 0.275696
v -0.346423 0.877161 0.272818
v -0.352021 0.778764 0.270269
v -0.356636 0.695603 0.268124
v -0.360114 0.631487 0.266472
v -0.362308 0.590224 0.265410
v -0.251351 1.861126 0.263545
v -0.255248 1.819863 0.261829
v -0.261253 1.755747 0.259206
v -0.268962 1.672586 0.255874
v -0.277973 1.574189 0.252014
v -0.287886 1.464366 0.247793
v -0.298299 1.346925 0.243352
v -0.308811 1.225675 0.238808
v -0.319049 1.104425 0.234257
v -0.328738 0.986984 0.229797
v -0.337626 0.877161 0.225549
v -0.345464 0.778764 0.221659
v -0.351999 0.695603 0.218295
v -0.356979 0.631487 0.215646
v -0.360153 0.590224 0.213912
vt 0.213250 0.974446
vt 0.213569 0.984532
vt 0.210421 0.984629
vt 0.210102 0.974544
vt 0.213250 0.991734
vt 0.210102 0.991832
vt 0.213851 0.862420
vt 0.213851 0.872510
vt 0.210697 0.872509
vt 0.210697 0.862419
vt 0.752536 0.499653
vt 0.752948 0.492132
vt 0.756089 0.492020
vt 0.755677 0.499541
vt 0.752536 0.482064
vt 0.755677 0.481952
vt 0.990599 0.476247
vt 0.989919 0.469407
vt 0.993063 0.469419
vt 0.993743 0.476260
vt 0.989919 0.459324
vt 0.993063 0.459336
vt 0.860112 0.959752
vt 0.860112 0.969842
vt 0.852990 0.976977
vt 0.842918 0.976976
vt 0.835795 0.969840
vt 0.835795 0.959749
vt 0.842918 0.952615
vt 0.852990 0.952616
vt 0.990599 0.451906
vt 0.993743 0.451919
vt 0.656059 0.968097
vt 0.656442 0.980199
vt 0.651586 0.980350
vt 0.651203 0.968247
vt 0.656059 0.988842
vt 0.651203 0.988993
vt 0.978874 0.593613
vt 0.978874 0.605722
vt 0.974009 0.605721
vt 0.974009 0.593612
vt 0.860205 0.982235
vt 0.860700 0.973210
vt 0.865544 0.973037
vt 0.865049 0.982062
vt 0.860205 0.961128
vt 0.865049 0.960955
vt 0.861021 0.931703
vt 0.860205 0.923494
vt 0.865055 0.923513
vt 0.865871 0.931722
vt 0.860205 0.911395
vt 0.865055 0.911414
vt 0.535912 0.905066
vt 0.544449 0.896499
vt 0.556522 0.896491
vt 0.565058 0.905048
vt 0.565058 0.917157
vt 0.556522 0.925724
vt 0.544449 0.925731
vt 0.535912 0.917174
vt 0.861021 0.902493
vt 0.865871 0.902512
vt 0.506678 0.905053
vt 0.506679 0.917162
vt 0.498133 0.925724
vt 0.486047 0.925724
vt 0.477499 0.917162
vt 0.477498 0.905053
vt 0.486044 0.896491
vt 0.498131 0.896491
vt 0.617872 0.974925
vt 0.634301 0.974895
vt 0.634301 0.984976
vt 0.617872 0.985006
vt 0.618169 0.968105
vt 0.634598 0.968075
vt 0.140745 0.937265
vt 0.144507 0.925724
vt 0.154330 0.927388
vt 0.150568 0.938929
vt 0.991914 0.372752
vt 0.975490 0.372731
vt 0.975839 0.365405
vt 0.992263 0.365426
vt 0.991914 0.382839
vt 0.975490 0.382818
vt 0.992263 0.389778
vt 0.975839 0.389757
vt 0.633811 0.886400
vt 0.633811 0.898674
vt 0.623969 0.900156
vt 0.623969 0.887881
vt 0.157514 0.952043
vt 0.150568 0.955811
vt 0.140745 0.954147
vt 0.133799 0.948025
vt 0.133799 0.941033
vt 0.157514 0.945051
vt 0.634598 0.992413
vt 0.618169 0.992443
vt 0.986312 0.866643
vt 0.979075 0.865679
vt 0.973958 0.857929
vt 0.973958 0.847933
vt 0.979075 0.841548
vt 0.986311 0.842513
vt 0.991429 0.850263
vt 0.991429 0.860258
vt 0.159660 0.930985
vt 0.168241 0.926122
vt 0.170077 0.933083
vt 0.160891 0.935694
vt 0.177434 0.925724
vt 0.179271 0.932685
vt 0.114439 0.986713
vt 0.114439 0.976882
vt 0.118209 0.977009
vt 0.120046 0.986921
vt 0.077168 0.965815
vt 0.077357 0.975891
vt 0.076151 0.976240
vt 0.073358 0.966755
vt 0.423933 0.975539
vt 0.421138 0.985031
vt 0.421873 0.985080
vt 0.422408 0.975540
vt 0.704382 0.918310
vt 0.710962 0.923573
vt 0.710547 0.924779
vt 0.704487 0.917668
vt 0.721023 0.924232
vt 0.719872 0.928050
vt 0.170873 0.940305
vt 0.161456 0.940884
vt 0.170874 0.947338
vt 0.161456 0.946088
vt 0.170077 0.954224
vt 0.160891 0.951039
vt 0.168240 0.960408
vt 0.159660 0.955226
vt 0.180067 0.939906
vt 0.180067 0.946940
vt 0.179271 0.953825
vt 0.177434 0.960009
vt 0.066482 0.960393
vt 0.070085 0.969292
vt 0.061917 0.963903
vt 0.067468 0.972909
vt 0.058379 0.968792
vt 0.065640 0.977421
vt 0.055850 0.975087
vt 0.064977 0.982665
vt 0.054892 0.982867
vt 0.074707 0.977400
vt 0.073391 0.979218
vt 0.072555 0.981209
vt 0.072309 0.982867
vt 0.421593 0.985142
vt 0.420124 0.975863
vt 0.420827 0.985330
vt 0.417573 0.976489
vt 0.420553 0.985404
vt 0.415437 0.977249
vt 0.421146 0.985028
vt 0.414147 0.977938
vt 0.423933 0.994106
vt 0.423653 0.994169
vt 0.422887 0.994357
vt 0.422613 0.994430
vt 0.709308 0.926189
vt 0.704292 0.917813
vt 0.707419 0.927438
vt 0.703724 0.918189
vt 0.705383 0.928193
vt 0.703509 0.918315
vt 0.703712 0.928366
vt 0.704389 0.918307
vt 0.717156 0.931249
vt 0.713397 0.933734
vt 0.708787 0.935377
vt 0.703509 0.935806
vt 0.728670 0.919900
vt 0.705136 0.911525
vt 0.712782 0.907193
vt 0.722843 0.907852
vt 0.729424 0.913115
vt 0.105253 0.953210
vt 0.096158 0.957547
vt 0.093717 0.949974
vt 0.103621 0.948095
vt 0.089081 0.960125
vt 0.086640 0.952552
vt 0.474223 0.988479
vt 0.465236 0.983890
vt 0.466986 0.978829
vt 0.476842 0.980985
vt 0.000000 0.984444
vt 0.006371 0.981068
vt 0.007500 0.982348
vt 0.003465 0.988539
vt 0.014903 0.975682
vt 0.014381 0.974970
vt 0.961681 0.345203
vt 0.971254 0.348366
vt 0.970472 0.349885
vt 0.962017 0.344387
vt 0.977963 0.349867
vt 0.975601 0.354687
vt 0.093105 0.942948
vt 0.103194 0.943051
vt 0.093853 0.936689
vt 0.103747 0.938420
vt 0.095965 0.931159
vt 0.105253 0.934438
vt 0.040877 0.960393
vt 0.043022 0.967852
vt 0.033898 0.968070
vt 0.034326 0.960595
vt 0.086028 0.945526
vt 0.054892 0.967464
vt 0.054892 0.977542
vt 0.049606 0.977772
vt 0.049606 0.967693
vt 0.043022 0.977931
vt 0.033898 0.978148
vt 0.467445 0.973823
vt 0.477498 0.974013
vt 0.466851 0.969216
vt 0.476696 0.967785
vt 0.465236 0.965241
vt 0.474430 0.962265
vt 0.040877 0.984725
vt 0.034326 0.984927
vt 0.009333 0.983649
vt 0.007557 0.991515
vt 0.011494 0.984595
vt 0.011857 0.993397
vt 0.013407 0.984934
vt 0.016143 0.994089
vt 0.472574 0.923539
vt 0.472741 0.913921
vt 0.474958 0.913781
vt 0.477470 0.923539
vt 0.014615 0.975087
vt 0.015265 0.975371
vt 0.016143 0.975063
vt 0.014897 0.975681
vt 0.015307 0.984301
vt 0.370057 0.841310
vt 0.370057 0.831228
vt 0.370257 0.831236
vt 0.370257 0.841318
vt 0.370839 0.831258
vt 0.370839 0.841340
vt 0.372288 0.831434
vt 0.372288 0.841516
vt 0.969035 0.351612
vt 0.961822 0.344560
vt 0.967213 0.353090
vt 0.961275 0.345004
vt 0.965492 0.353925
vt 0.960158 0.344853
vt 0.963347 0.353738
vt 0.961687 0.345201
vt 0.972406 0.358611
vt 0.968781 0.361552
vt 0.964910 0.363358
vt 0.960158 0.363264
vt 0.107002 0.969747
vt 0.107002 0.959656
vt 0.114123 0.952521
vt 0.124196 0.952521
vt 0.131318 0.959657
vt 0.131319 0.969747
vt 0.124198 0.976882
vt 0.114125 0.976882
vt 0.900994 0.448526
vt 0.900994 0.467162
vt 0.890926 0.467628
vt 0.890926 0.448992
vt 0.875641 0.925758
vt 0.875641 0.943828
vt 0.865871 0.942259
vt 0.865871 0.924189
vt 0.884334 0.922571
vt 0.884334 0.940641
vt 0.633756 0.832680
vt 0.633756 0.850576
vt 0.623969 0.849025
vt 0.623968 0.831129
vt 0.105300 0.866202
vt 0.105300 0.883222
vt 0.095226 0.882838
vt 0.095226 0.865818
vt 0.104975 0.826510
vt 0.104975 0.845414
vt 0.095225 0.846906
vt 0.095225 0.828002
vt 0.608143 0.925002
vt 0.608143 0.943714
vt 0.599304 0.940866
vt 0.599304 0.922154
vt 0.617835 0.923358
vt 0.617835 0.942070
vt 0.194889 0.389778
vt 0.875641 0.905680
vt 0.865871 0.904111
vt 0.884334 0.902493
vt 0.633756 0.812796
vt 0.623969 0.811244
vt 0.105300 0.847290
vt 0.095226 0.846906
vt 0.104975 0.805505
vt 0.095225 0.806998
vt 0.608143 0.904210
vt 0.599304 0.901363
vt 0.617835 0.902566
vt 0.900994 0.483933
vt 0.890926 0.484399
vt 0.754136 0.376155
vt 0.756101 0.375844
vt 0.756101 0.385753
vt 0.754136 0.386064
vt 0.985642 0.195026
vt 0.987642 0.195202
vt 0.990058 0.204139
vt 0.988057 0.203964
vt 0.987642 0.213735
vt 0.985642 0.213560
vt 0.755998 0.406383
vt 0.754136 0.406297
vt 0.754136 0.396218
vt 0.755998 0.396304
vt 0.033898 0.993541
vt 0.031823 0.993676
vt 0.029555 0.984111
vt 0.031630 0.983976
vt 0.031823 0.975105
vt 0.033898 0.974970
vt 0.756213 0.375844
vt 0.754136 0.375526
vt 0.754137 0.365663
vt 0.756213 0.365981
vt 0.754136 0.386136
vt 0.756026 0.386064
vt 0.756026 0.396146
vt 0.754136 0.396218
vt 0.497830 0.955171
vt 0.489286 0.960033
vt 0.487537 0.953094
vt 0.496657 0.950476
vt 0.480006 0.960383
vt 0.478257 0.953444
vt 0.985876 0.467264
vt 0.985876 0.477127
vt 0.982042 0.477071
vt 0.980174 0.467160
vt 0.961178 0.977451
vt 0.956456 0.968543
vt 0.957342 0.967588
vt 0.964052 0.974576
vt 0.890926 0.681714
vt 0.893755 0.672218
vt 0.893027 0.672166
vt 0.892440 0.681718
vt 0.633756 0.717265
vt 0.633756 0.707978
vt 0.634489 0.707786
vt 0.634489 0.717073
vt 0.985008 0.195903
vt 0.979867 0.203122
vt 0.978670 0.202645
vt 0.985641 0.196040
vt 0.979544 0.213195
vt 0.975758 0.211850
vt 0.486779 0.945879
vt 0.496119 0.945291
vt 0.486778 0.938841
vt 0.496119 0.940084
vt 0.487537 0.931939
vt 0.496657 0.935121
vt 0.489287 0.925724
vt 0.497830 0.930913
vt 0.477498 0.946230
vt 0.477498 0.939191
vt 0.478257 0.932290
vt 0.480006 0.926075
vt 0.973159 0.977451
vt 0.965737 0.970560
vt 0.975523 0.971875
vt 0.966367 0.965930
vt 0.976374 0.965616
vt 0.965908 0.960920
vt 0.975715 0.958638
vt 0.964109 0.955878
vt 0.973024 0.951172
vt 0.958068 0.965780
vt 0.958384 0.963452
vt 0.958207 0.961226
vt 0.957671 0.959612
vt 0.893306 0.672104
vt 0.894719 0.681398
vt 0.894073 0.671917
vt 0.897271 0.680775
vt 0.894348 0.671844
vt 0.899416 0.680015
vt 0.893747 0.672221
vt 0.900718 0.679324
vt 0.890926 0.663152
vt 0.891205 0.663090
vt 0.891972 0.662903
vt 0.892247 0.662830
vt 0.632795 0.620139
vt 0.632795 0.613313
vt 0.633679 0.613338
vt 0.633679 0.620164
vt 0.977246 0.201330
vt 0.985493 0.195838
vt 0.975959 0.199370
vt 0.985106 0.195249
vt 0.975152 0.197287
vt 0.984975 0.195026
vt 0.974928 0.195600
vt 0.985011 0.195911
vt 0.972529 0.208962
vt 0.969969 0.205062
vt 0.968207 0.200349
vt 0.967617 0.195026
vt 0.809687 0.945166
vt 0.808856 0.951972
vt 0.801126 0.950174
vt 0.804477 0.943929
vt 0.894845 0.936936
vt 0.884779 0.936906
vt 0.884468 0.930500
vt 0.894534 0.930530
vt 0.835795 0.926776
vt 0.834851 0.934220
vt 0.829569 0.935052
vt 0.827963 0.927974
vt 0.834487 0.944292
vt 0.832813 0.944607
vt 0.834919 0.951092
vt 0.835795 0.951040
vt 0.809820 0.927651
vt 0.810086 0.935092
vt 0.808439 0.934650
vt 0.810691 0.927770
vt 0.902106 0.927365
vt 0.894400 0.923533
vt 0.902011 0.922334
vt 0.894400 0.916474
vt 0.902011 0.917111
vt 0.894534 0.909311
vt 0.902106 0.911963
vt 0.794046 0.932653
vt 0.786757 0.934639
vt 0.785554 0.926776
vt 0.793211 0.927352
vt 0.884334 0.923503
vt 0.884334 0.916444
vt 0.884468 0.909281
vt 0.884778 0.902493
vt 0.894845 0.902523
vt 0.824927 0.937494
vt 0.821489 0.931352
vt 0.821117 0.941034
vt 0.816339 0.936136
vt 0.818333 0.945490
vt 0.812483 0.942354
vt 0.817100 0.950710
vt 0.810691 0.950099
vt 0.830762 0.945725
vt 0.828846 0.947504
vt 0.827578 0.949469
vt 0.827137 0.951118
vt 0.205649 0.972039
vt 0.207845 0.964475
vt 0.208130 0.964449
vt 0.207920 0.971843
vt 0.208917 0.964375
vt 0.210536 0.971599
vt 0.835000 0.951757
vt 0.834803 0.951960
vt 0.834923 0.951085
vt 0.206908 0.954432
vt 0.207193 0.954406
vt 0.207979 0.954333
vt 0.208262 0.954306
vt 0.209200 0.964348
vt 0.806475 0.933376
vt 0.810486 0.927572
vt 0.205656 0.947599
vt 0.208273 0.947354
vt 0.210536 0.947125
vt 0.809770 0.926776
vt 0.803579 0.929396
vt 0.803264 0.927717
vt 0.800026 0.941136
vt 0.796489 0.937313
vt 0.804697 0.931454
vt 0.634562 0.620164
vt 0.633679 0.620128
vt 0.634562 0.613726
vt 0.884350 0.683243
vt 0.874291 0.683191
vt 0.874312 0.680703
vt 0.884371 0.680755
vt 0.940013 0.001465
vt 0.949968 0.000000
vt 0.950115 0.001853
vt 0.940160 0.003318
vt 0.866619 0.682854
vt 0.866640 0.680367
vt 0.943681 0.641925
vt 0.933618 0.641686
vt 0.933779 0.639855
vt 0.943842 0.640094
vt 0.926679 0.731921
vt 0.920250 0.731578
vt 0.920235 0.729091
vt 0.926664 0.729434
vt 0.910204 0.731589
vt 0.910190 0.729102
vt 0.751700 0.417280
vt 0.751700 0.409601
vt 0.754187 0.409513
vt 0.754187 0.417192
vt 0.935427 0.968030
vt 0.956456 0.968030
vt 0.956052 0.975504
vt 0.935023 0.975504
vt 0.935398 0.957951
vt 0.956426 0.957951
vt 0.934952 0.951172
vt 0.955981 0.951172
vt 0.790332 0.626400
vt 0.790332 0.611347
vt 0.800325 0.610593
vt 0.800325 0.625646
vt 0.535912 0.971952
vt 0.556958 0.971952
vt 0.557256 0.979377
vt 0.536209 0.979377
vt 0.535930 0.961870
vt 0.556976 0.961870
vt 0.536254 0.955037
vt 0.557300 0.955037
vt 0.800325 0.624946
vt 0.810278 0.611622
vt 0.810278 0.625974
vt 0.909838 0.475011
vt 0.909349 0.389850
vt 0.919436 0.389778
vt 0.919925 0.474939
vt 0.902902 0.475408
vt 0.902413 0.390248
vt 0.945084 0.192466
vt 0.950115 0.255911
vt 0.940421 0.258166
vt 0.935390 0.194721
vt 0.882768 0.426713
vt 0.883486 0.341526
vt 0.890926 0.341305
vt 0.890208 0.426492
vt 0.872687 0.426610
vt 0.873405 0.341423
vt 0.865871 0.426243
vt 0.866589 0.341056
vt 0.927254 0.453073
vt 0.932757 0.390373
vt 0.942703 0.389778
vt 0.937199 0.452478
vt 0.926764 0.390075
vt 0.927254 0.475236
vt 0.949935 0.004003
vt 0.940014 0.005416
vt 0.890926 0.680492
vt 0.884424 0.677899
vt 0.890896 0.677634
vt 0.874416 0.677850
vt 0.866733 0.677516
vt 0.933829 0.637768
vt 0.943849 0.638054
vt 0.920301 0.726241
vt 0.926647 0.726585
vt 0.910307 0.726249
vt 0.902413 0.729461
vt 0.902521 0.726604
vt 0.949432 0.010083
vt 0.939604 0.011351
vt 0.948660 0.019535
vt 0.938968 0.020581
vt 0.947676 0.031802
vt 0.938147 0.032566
vt 0.946532 0.046326
vt 0.937178 0.046764
vt 0.945279 0.062552
vt 0.936097 0.062633
vt 0.943962 0.079924
vt 0.934934 0.079629
vt 0.942620 0.097887
vt 0.933716 0.097206
vt 0.941290 0.115884
vt 0.932469 0.114814
vt 0.940002 0.133346
vt 0.931230 0.131893
vt 0.938791 0.149700
vt 0.930040 0.147879
vt 0.937696 0.164371
vt 0.928948 0.162211
vt 0.936761 0.176785
vt 0.928004 0.174330
vt 0.936032 0.186365
vt 0.927260 0.183676
vt 0.935558 0.192536
vt 0.926774 0.189693
vt 0.909767 0.477869
vt 0.902912 0.478268
vt 0.884573 0.669826
vt 0.890816 0.669558
vt 0.884807 0.657282
vt 0.890702 0.657009
vt 0.885110 0.641014
vt 0.890570 0.640734
vt 0.632754 0.622522
vt 0.624975 0.619247
vt 0.624899 0.605882
vt 0.632782 0.608793
vt 0.624783 0.590973
vt 0.632795 0.593492
vt 0.624623 0.575045
vt 0.632794 0.577156
vt 0.624419 0.558621
vt 0.632785 0.560324
vt 0.624178 0.542228
vt 0.632777 0.543530
vt 0.623920 0.526379
vt 0.632779 0.527295
vt 0.623665 0.511584
vt 0.632795 0.512135
vt 0.947316 0.146753
vt 0.946578 0.161650
vt 0.945962 0.174254
vt 0.945490 0.183981
vt 0.945189 0.190247
vt 0.874704 0.669786
vt 0.875144 0.657256
vt 0.875702 0.641005
vt 0.876345 0.621777
vt 0.885473 0.621766
vt 0.877045 0.600318
vt 0.885886 0.600285
vt 0.877779 0.577371
vt 0.886343 0.577315
vt 0.878529 0.553682
vt 0.886841 0.553602
vt 0.879280 0.529996
vt 0.887378 0.529891
vt 0.880017 0.507055
vt 0.887937 0.506926
vt 0.880721 0.485604
vt 0.888493 0.485452
vt 0.881368 0.466386
vt 0.889021 0.466212
vt 0.881929 0.450144
vt 0.889489 0.449952
vt 0.882372 0.437623
vt 0.889866 0.437415
vt 0.882664 0.429564
vt 0.890117 0.429347
vt 0.866990 0.669462
vt 0.867375 0.656946
vt 0.867855 0.640712
vt 0.868396 0.621504
vt 0.868967 0.600066
vt 0.869542 0.577141
vt 0.870097 0.553473
vt 0.870615 0.529807
vt 0.871092 0.506885
vt 0.871524 0.485452
vt 0.871906 0.466249
vt 0.872227 0.450021
vt 0.872473 0.437510
vt 0.872632 0.429459
vt 0.933965 0.631869
vt 0.943869 0.632283
vt 0.934168 0.622695
vt 0.943899 0.623308
vt 0.934416 0.610787
vt 0.943936 0.611654
vt 0.934691 0.596683
vt 0.943981 0.597845
vt 0.934977 0.580923
vt 0.944036 0.582412
vt 0.935265 0.564045
vt 0.944105 0.565883
vt 0.935549 0.546589
vt 0.944199 0.548791
vt 0.935827 0.529096
vt 0.944327 0.531672
vt 0.204446 0.756585
vt 0.213212 0.755196
vt 0.213212 0.771294
vt 0.204509 0.773092
vt 0.213204 0.786322
vt 0.204537 0.788513
vt 0.213186 0.799767
vt 0.204535 0.802320
vt 0.213161 0.811115
vt 0.204512 0.813983
vt 0.866065 0.449655
vt 0.865967 0.437144
vt 0.865897 0.429093
vt 0.920487 0.718188
vt 0.926603 0.718535
vt 0.920777 0.705673
vt 0.926545 0.706024
vt 0.921155 0.689440
vt 0.926486 0.689797
vt 0.927254 0.614714
vt 0.927371 0.600276
vt 0.927469 0.584156
vt 0.927536 0.566909
vt 0.927564 0.549086
vt 0.927551 0.531238
vt 0.927509 0.513925
vt 0.936101 0.512123
vt 0.927453 0.497713
vt 0.936369 0.496227
vt 0.927394 0.483168
vt 0.936621 0.481968
vt 0.927339 0.470860
vt 0.936847 0.469905
vt 0.927295 0.461360
vt 0.937031 0.460596
vt 0.927265 0.455240
vt 0.937154 0.454601
vt 0.910635 0.718186
vt 0.911137 0.705656
vt 0.911774 0.689404
vt 0.912512 0.670174
vt 0.921605 0.670232
vt 0.913319 0.648709
vt 0.922117 0.648792
vt 0.914168 0.625753
vt 0.922680 0.625862
vt 0.915037 0.602051
vt 0.923289 0.602187
vt 0.915907 0.578346
vt 0.923937 0.578510
vt 0.916761 0.555384
vt 0.924603 0.555575
vt 0.917574 0.533909
vt 0.925261 0.534127
vt 0.918320 0.514668
vt 0.925879 0.514910
vt 0.918965 0.498405
vt 0.926424 0.498669
vt 0.919473 0.485865
vt 0.926860 0.486147
vt 0.919806 0.477795
vt 0.927149 0.478088
vt 0.902821 0.718529
vt 0.903273 0.705983
vt 0.903840 0.689710
vt 0.904483 0.670456
vt 0.905170 0.648965
vt 0.905868 0.625984
vt 0.906551 0.602255
vt 0.907198 0.578526
vt 0.907800 0.555539
vt 0.908350 0.534043
vt 0.908837 0.514781
vt 0.909247 0.498501
vt 0.909564 0.485948
s 0
g piping2_
usemtl blue
f 9/47 10/48 11/49 12/50 13/51 14/52 15/53 16/54
g piping2_blue
usemtl blue
f 119/295 120/296 114/297 113/298 115/299 116/300 117/301 118/302
f 160/331 176/331 182/331 174/331
f 174/331 182/331 181/331 172/331
f 172/331 181/331 180/331 170/331
f 170/331 180/331 179/331 168/331
f 168/331 179/331 178/331 166/331
f 166/331 178/331 177/331 164/331
f 164/331 177/331 175/331 162/331
f 162/331 175/331 176/331 160/331
f 176/331 184/331 190/331 182/331
f 182/331 190/331 189/331 181/331
f 181/331 189/331 188/331 180/331
f 180/331 188/331 187/331 179/331
f 179/331 187/331 186/331 178/331
f 178/331 186/331 185/331 177/331
f 177/331 185/331 183/331 175/331
f 175/331 183/331 184/331 176/331
f 184/331 192/331 198/331 190/331
f 190/331 198/331 197/331 189/331
f 189/331 197/331 196/331 188/331
f 188/331 196/331 195/331 187/331
f 187/331 195/331 194/331 186/331
f 186/331 194/331 193/331 185/331
f 185/331 193/331 191/331 183/331
f 183/331 191/331 192/331 184/331
f 192/331 208/331 214/331 198/331
f 198/331 214/331 213/331 197/331
f 197/331 213/331 212/331 196/331
f 196/331 212/331 211/331 195/331
f 195/331 211/331 210/331 194/331
f 194/331 210/331 209/331 193/331
f 193/331 209/331 207/331 191/331
f 191/331 207/331 208/331 192/331
f 241/392 239/393 274/394 270/395
f 267/439 271/440 232/441 233/442
f 347/331 348/331 372/331 371/331
f 349/331 350/331 374/331 373/331
f 346/331 347/331 371/331 370/331
f 348/331 349/331 373/331 372/331
f 350/331 343/331 369/331 374/331
g piping2_
usemtl blue
f 24/25 23/26 10/27 9/28
f 23/26 22/29 11/30 10/27
f 22/31 21/32 12/33 11/34
f 21/35 20/36 13/37 12/38
f 20/36 19/39 14/40 13/37
f 19/41 18/42 15/43 14/44
f 18/42 17/45 16/46 15/43
f 17/45 24/55 9/56 16/46
f 25/57 27/58 28/59 26/60
f 27/58 29/61 30/62 28/59
f 29/63 31/64 32/65 30/66
f 31/67 33/68 34/69 32/70
f 33/68 35/71 36/72 34/69
f 35/73 37/74 38/75 36/76
f 37/74 39/77 40/78 38/75
f 25/79 39/80 37/81 35/82 33/83 31/84 29/85 27/86
f 39/77 25/87 26/88 40/78
f 26/89 28/90 30/91 32/92 34/93 36/94 38/95 40/96
f 44/97 43/98 41/99 42/100
f 46/101 45/102 43/98 44/97
f 48/103 47/104 45/105 46/106
f 50/107 49/108 47/109 48/110
f 52/111 51/112 49/108 50/107
f 54/113 53/114 51/112 52/111
f 56/115 55/116 53/117 54/118
f 42/119 56/120 54/121 52/122 50/123 48/103 46/106 44/124
f 42/100 41/99 55/125 56/126
f 41/127 43/128 45/129 47/130 49/131 51/132 53/133 55/134
f 72/135 71/136 80/137 73/138
f 71/136 70/139 84/140 80/137
f 70/141 69/142 88/143 84/144
f 69/145 68/146 92/147 88/148
f 68/149 67/150 96/151 92/152
f 65/153 66/154 104/155 100/156
f 66/154 72/157 73/158 104/155
f 73/138 80/137 79/159 74/160
f 74/160 79/159 78/161 75/162
f 75/162 78/161 77/163 76/164
f 76/164 77/163 63/165 64/166
f 80/137 84/140 83/167 79/159
f 79/159 83/167 82/168 78/161
f 78/161 82/168 81/169 77/163
f 77/163 81/169 62/170 63/165
f 84/171 88/148 87/172 83/173
f 83/173 87/172 86/174 82/175
f 82/175 86/174 85/176 81/177
f 81/177 85/176 61/178 62/179
f 88/148 92/147 91/180 87/172
f 87/172 91/180 90/181 86/174
f 86/174 90/181 89/182 85/176
f 85/176 89/182 60/183 61/178
f 92/152 96/151 95/184 91/185
f 91/185 95/184 94/186 90/187
f 90/187 94/186 93/188 89/189
f 89/189 93/188 59/190 60/191
f 96/151 100/192 99/193 95/184
f 95/184 99/193 98/194 94/186
f 94/186 98/194 97/195 93/188
f 100/156 104/155 103/196 99/197
f 99/197 103/196 102/198 98/199
f 98/199 102/198 101/200 97/201
f 97/201 101/200 57/202 58/203
f 104/155 73/158 74/204 103/196
f 103/196 74/204 75/205 102/198
f 102/198 75/205 76/206 101/200
f 101/200 76/206 64/207 57/202
f 71/208 72/157 66/154 65/153 67/209 68/210 69/211 70/212
f 120/213 119/214 128/215 121/216
f 119/214 118/217 132/218 128/215
f 118/219 117/220 136/221 132/222
f 117/223 116/224 140/225 136/226
f 116/224 115/227 144/228 140/225
f 113/229 114/230 152/231 148/232
f 114/230 120/233 121/234 152/231
f 121/216 128/215 127/235 122/236
f 122/236 127/235 126/237 123/238
f 123/238 126/237 125/239 124/240
f 124/241 125/242 111/243 112/244
f 128/215 132/218 131/245 127/235
f 127/246 131/247 130/248 126/249
f 126/249 130/248 129/250 125/242
f 125/242 129/250 110/251 111/243
f 132/222 136/221 135/252 131/253
f 131/253 135/252 134/254 130/255
f 130/255 134/254 133/256 129/257
f 129/250 133/258 109/259 110/251
f 136/226 140/225 139/260 135/261
f 135/261 139/260 138/262 134/263
f 134/263 138/262 137/264 133/265
f 133/266 137/267 108/268 109/269
f 140/225 144/228 143/270 139/260
f 139/260 143/270 142/271 138/262
f 138/262 142/271 141/272 137/264
f 137/264 141/272 107/273 108/274
f 144/275 148/276 147/277 143/278
f 143/278 147/277 146/279 142/280
f 142/280 146/279 145/281 141/282
f 148/232 152/231 151/283 147/284
f 147/284 151/283 150/285 146/286
f 146/286 150/285 149/287 145/288
f 145/288 149/287 105/289 106/290
f 152/231 121/234 122/291 151/283
f 151/283 122/291 123/292 150/285
f 150/285 123/292 124/293 149/287
f 149/287 124/293 112/294 105/289
f 224/303 221/304 215/305 230/306
f 222/307 161/308 159/309 221/310
f 220/311 163/312 161/308 222/307
f 219/313 165/314 163/315 220/316
f 218/317 167/318 165/319 219/320
f 217/321 169/322 167/323 218/324
f 216/325 171/326 169/327 217/328
f 215/329 173/330 171/326 216/325
f 223/332 222/307 221/310 224/333
f 225/334 220/311 222/307 223/332
f 226/335 219/313 220/316 225/336
f 227/337 218/317 219/320 226/338
f 228/339 217/321 218/324 227/340
f 229/341 216/325 217/328 228/342
f 230/343 215/329 216/325 229/341
f 221/304 159/344 173/345 215/305
f 214/346 230/347 229/348 213/349
f 213/350 229/351 228/352 212/353
f 212/353 228/352 227/354 211/355
f 211/356 227/357 226/358 210/359
f 210/360 226/361 225/362 209/363
f 209/363 225/362 223/364 207/365
f 207/366 223/367 224/368 208/369
f 208/370 224/371 230/372 214/373
f 246/374 245/375 254/376 247/377
f 245/375 244/378 258/379 254/376
f 244/380 243/381 262/382 258/383
f 243/384 242/385 266/386 262/387
f 242/388 241/389 270/390 266/391
f 239/396 240/397 278/398 274/399
f 240/397 246/400 247/401 278/398
f 247/377 254/376 253/402 248/403
f 248/403 253/402 252/404 249/405
f 249/405 252/404 251/406 250/407
f 250/407 251/406 237/408 238/409
f 254/376 258/379 257/410 253/402
f 253/402 257/410 256/411 252/404
f 252/404 256/411 255/412 251/406
f 251/406 255/412 236/413 237/408
f 258/414 262/387 261/415 257/416
f 257/416 261/415 260/417 256/418
f 256/418 260/417 259/419 255/420
f 255/420 259/419 235/421 236/422
f 262/387 266/386 265/423 261/415
f 261/415 265/423 264/424 260/417
f 260/417 264/424 263/425 259/419
f 259/419 263/425 234/426 235/421
f 266/391 270/390 269/427 265/428
f 265/428 269/427 268/429 264/430
f 264/430 268/429 267/431 263/432
f 263/432 267/431 233/433 234/434
f 270/390 274/435 273/436 269/427
f 269/427 273/436 272/437 268/429
f 268/429 272/437 271/438 267/431
f 274/399 278/398 277/443 273/444
f 273/444 277/443 276/445 272/446
f 272/446 276/445 275/447 271/448
f 271/448 275/447 231/449 232/450
f 278/398 247/401 248/451 277/443
f 277/443 248/451 249/452 276/445
f 276/445 249/452 250/453 275/447
f 275/447 250/453 238/454 231/449
f 310/455 309/456 318/457 311/458
f 309/459 308/460 322/461 318/462
f 308/463 307/464 326/465 322/466
f 307/464 306/467 330/468 326/465
f 306/467 305/469 334/470 330/468
f 303/471 304/472 342/473 338/474
f 304/472 310/455 311/458 342/473
f 311/475 318/462 317/476 312/477
f 312/477 317/476 316/478 313/479
f 313/479 316/478 315/480 314/481
f 314/482 315/483 301/484 302/485
f 318/462 322/461 321/486 317/476
f 317/476 321/486 320/487 316/478
f 316/478 320/487 319/488 315/480
f 315/480 319/488 300/489 301/490
f 322/466 326/465 325/491 321/492
f 321/492 325/491 324/493 320/494
f 320/494 324/493 323/495 319/496
f 319/496 323/495 299/497 300/498
f 326/465 330/468 329/499 325/491
f 325/491 329/499 328/500 324/493
f 324/493 328/500 327/501 323/495
f 323/495 327/501 298/502 299/497
f 330/503 334/504 333/505 329/506
f 329/506 333/505 332/507 328/508
f 328/500 332/509 331/510 327/501
f 327/501 331/510 297/511 298/502
f 334/504 338/512 337/513 333/505
f 333/505 337/513 336/514 332/507
f 332/507 336/514 335/515 331/516
f 338/474 342/473 341/517 337/518
f 337/513 341/519 340/520 336/514
f 336/514 340/520 339/521 335/515
f 335/522 339/523 295/524
f 342/473 311/458 312/525 341/517
f 341/517 312/525 313/526 340/527
f 340/527 313/526 314/482 339/523
f 339/523 314/482 302/485 295/524
f 296/528 335/529 295/530
f 343/531 350/532 382/533 376/534
f 345/535 296/536 375/537 377/538
f 350/532 349/539 381/540 382/533
f 349/541 348/542 380/543 381/544
f 348/545 347/546 379/547 380/548
f 347/546 346/549 378/550 379/547
f 345/551 346/552 378/553 377/554
f 282/555 281/556 279/557 280/558
f 284/559 283/560 281/556 282/555
f 286/561 285/562 283/560 284/559
f 288/563 287/564 285/565 286/566
f 290/567 289/568 287/569 288/570
f 292/571 291/572 289/568 290/567
f 294/573 293/574 291/572 292/571
f 280/575 279/565 293/576 294/577
f 356/578 355/579 353/580 354/581
f 358/582 357/583 355/579 356/578
f 360/584 359/585 357/586 358/587
f 362/588 361/589 359/590 360/591
f 364/592 363/593 361/589 362/588
f 366/594 365/595 363/593 364/592
f 368/596 367/597 365/598 366/599
f 354/581 353/580 367/600 368/601
f 377/538 375/537 412/602 383/603
f 375/604 376/534 427/605 412/606
f 376/534 382/533 442/607 427/605
f 382/533 381/540 457/608 442/607
f 381/544 380/543 472/609 457/610
f 380/548 379/547 487/611 472/612
f 379/547 378/550 502/613 487/611
f 378/550 377/614 383/615 502/613
f 383/603 412/602 411/616 384/617
f 384/617 411/616 410/618 385/619
f 385/619 410/618 409/620 386/621
f 386/621 409/620 408/622 387/623
f 387/623 408/622 407/624 388/625
f 388/625 407/624 406/626 389/627
f 389/627 406/626 405/628 390/629
f 390/629 405/628 404/630 391/631
f 391/631 404/630 403/632 392/633
f 392/633 403/632 402/634 393/635
f 393/635 402/634 401/636 394/637
f 394/637 401/636 400/638 395/639
f 395/639 400/638 399/640 396/641
f 396/641 399/640 398/642 397/643
f 397/644 398/645 358/582 356/578
f 412/606 427/605 426/646 411/647
f 411/647 426/646 425/648 410/649
f 410/649 425/648 424/650 409/651
f 409/652 424/653 423/654 408/655
f 408/655 423/654 422/656 407/657
f 407/657 422/656 421/658 406/659
f 406/659 421/658 420/660 405/661
f 405/661 420/660 419/662 404/663
f 404/663 419/662 418/664 403/665
f 403/665 418/664 417/666 402/667
f 402/634 417/668 416/669 401/636
f 401/636 416/669 415/670 400/638
f 400/638 415/670 414/671 399/640
f 399/640 414/671 413/672 398/642
f 398/642 413/672 360/584 358/587
f 427/605 442/607 441/673 426/646
f 426/646 441/673 440/674 425/648
f 425/648 440/674 439/675 424/650
f 424/650 439/675 438/676 423/677
f 423/677 438/676 437/678 422/679
f 422/679 437/678 436/680 421/681
f 421/681 436/680 435/682 420/683
f 420/683 435/682 434/684 419/685
f 419/685 434/684 433/686 418/687
f 418/687 433/686 432/688 417/689
f 417/689 432/688 431/690 416/691
f 416/691 431/690 430/692 415/693
f 415/693 430/692 429/694 414/695
f 414/695 429/694 428/696 413/697
f 413/697 428/696 362/588 360/591
f 442/607 457/608 456/698 441/673
f 441/673 456/698 455/699 440/674
f 440/674 455/699 454/700 439/675
f 439/675 454/700 453/701 438/676
f 438/676 453/701 452/702 437/678
f 437/678 452/702 451/703 436/680
f 436/680 451/703 450/704 435/682
f 435/682 450/704 449/705 434/684
f 434/684 449/705 448/706 433/686
f 433/686 448/706 447/707 432/688
f 432/688 447/707 446/708 431/690
f 431/690 446/708 445/709 430/692
f 430/692 445/709 444/710 429/694
f 429/694 444/710 443/711 428/696
f 428/696 443/711 364/592 362/588
f 457/610 472/609 471/712 456/713
f 456/713 471/712 470/714 455/715
f 455/715 470/714 469/716 454/717
f 454/717 469/716 468/718 453/719
f 453/719 468/718 467/720 452/721
f 452/721 467/720 466/722 451/723
f 451/723 466/722 465/724 450/725
f 450/725 465/724 464/726 449/727
f 449/728 464/729 463/730 448/731
f 448/731 463/730 462/732 447/733
f 447/733 462/732 461/734 446/735
f 446/735 461/734 460/736 445/737
f 445/709 460/738 459/739 444/710
f 444/710 459/739 458/740 443/711
f 443/711 458/740 366/594 364/592
f 472/612 487/611 486/741 471/742
f 471/742 486/741 485/743 470/744
f 470/744 485/743 484/745 469/746
f 469/716 484/747 483/748 468/718
f 468/718 483/748 482/749 467/720
f 467/720 482/749 481/750 466/722
f 466/722 481/750 480/751 465/724
f 465/724 480/751 479/752 464/726
f 464/726 479/752 478/753 463/754
f 463/754 478/753 477/755 462/756
f 462/756 477/755 476/757 461/758
f 461/758 476/757 475/759 460/760
f 460/760 475/759 474/761 459/762
f 459/762 474/761 473/763 458/764
f 458/764 473/763 368/596 366/599
f 487/611 502/613 501/765 486/741
f 486/741 501/765 500/766 485/743
f 485/743 500/766 499/767 484/745
f 484/745 499/767 498/768 483/769
f 483/769 498/768 497/770 482/771
f 482/771 497/770 496/772 481/773
f 481/773 496/772 495/774 480/775
f 480/775 495/774 494/776 479/777
f 479/777 494/776 493/778 478/779
f 478/779 493/778 492/780 477/781
f 477/781 492/780 491/782 476/783
f 476/783 491/782 490/784 475/785
f 475/785 490/784 489/786 474/787
f 474/787 489/786 488/788 473/789
f 473/789 488/788 354/581 368/601
f 502/613 383/615 384/790 501/765
f 501/765 384/790 385/791 500/766
f 500/766 385/791 386/792 499/767
f 499/767 386/792 387/793 498/768
f 498/768 387/793 388/794 497/770
f 497/770 388/794 389/795 496/772
f 496/772 389/795 390/796 495/774
f 495/774 390/796 391/797 494/776
f 494/776 391/797 392/798 493/778
f 493/778 392/798 393/799 492/780
f 492/780 393/799 394/800 491/782
f 491/782 394/800 395/801 490/784
f 490/784 395/801 396/802 489/786
f 489/786 396/802 397/644 488/788
f 488/788 397/644 356/578 354/581
l 153 158
l 157 158
l 156 157
l 155 156
l 153 154
l 191 199
l 192 200
l 193 201
l 194 202
l 195 203
l 196 204
l 197 205
l 198 206
l 155 235
l 154 233
l 343 344
l 351 352
l 305 346
g gas-filter_cylinder.022
v -0.099112 0.250000 0.375000
v -0.099112 0.250000 0.187500
v -0.062500 0.286612 0.375000
v -0.062500 0.286612 0.187500
v -0.062500 0.338388 0.375000
v -0.062500 0.338388 0.187500
v -0.099112 0.375000 0.375000
v -0.099112 0.375000 0.187500
v -0.150888 0.375000 0.375000
v -0.150888 0.375000 0.187500
v -0.187500 0.338388 0.375000
v -0.187500 0.338388 0.187500
v -0.187500 0.286612 0.375000
v -0.187500 0.286612 0.187500
v -0.150888 0.250000 0.375000
v -0.150888 0.250000 0.187500
v 0.119796 1.943593 0.296173
v 0.119796 2.081093 0.296173
v 0.129798 1.943593 0.298853
v 0.129798 2.081093 0.298853
v 0.138766 1.943593 0.293676
v 0.138766 2.081093 0.293676
v 0.141446 1.943593 0.283673
v 0.141446 2.081093 0.283673
v 0.136269 1.943593 0.274705
v 0.136269 2.081093 0.274705
v 0.126266 1.943593 0.272025
v 0.126266 2.081093 0.272025
v 0.117298 1.943593 0.277203
v 0.117298 2.081093 0.277203
v 0.114618 1.943593 0.287205
v 0.114618 2.081093 0.287205
v 0.124907 1.999843 0.325780
v 0.168208 1.999843 0.300780
v 0.124907 1.968593 0.325780
v 0.168208 1.968593 0.300780
v 0.077583 1.999843 0.143813
v 0.034282 1.999843 0.168813
v 0.077583 1.968593 0.143813
v 0.034282 1.968593 0.168813
v 0.124907 2.062343 0.325780
v 0.168208 2.062343 0.300780
v 0.124907 2.031093 0.325780
v 0.168208 2.031093 0.300780
v 0.077583 2.062343 0.143813
v 0.034282 2.062343 0.168813
v 0.077583 2.031093 0.143813
v 0.034282 2.031093 0.168813
v 0.115677 2.081093 0.301540
v 0.115677 2.093593 0.301540
v 0.130681 2.081093 0.305560
v 0.130681 2.093593 0.305560
v 0.144133 2.081093 0.297794
v 0.144133 2.093593 0.297794
v 0.148153 2.081093 0.282790
v 0.148153 2.093593 0.282790
v 0.140387 2.081093 0.269338
v 0.140387 2.093593 0.269338
v 0.125383 2.081093 0.265318
v 0.125383 2.093593 0.265318
v 0.111931 2.081093 0.273084
v 0.111931 2.093593 0.273084
v 0.107911 2.081093 0.288088
v 0.107911 2.093593 0.288088
v -0.253906 1.943893 -0.412685
v -0.253906 2.081393 -0.412685
v -0.263908 1.943893 -0.415365
v -0.263908 2.081393 -0.415365
v -0.272876 1.943893 -0.410187
v -0.272876 2.081393 -0.410187
v -0.275556 1.943893 -0.400185
v -0.275556 2.081393 -0.400185
v -0.270379 1.943893 -0.391217
v -0.270379 2.081393 -0.391217
v -0.260376 1.943893 -0.388536
v -0.260376 2.081393 -0.388536
v -0.251408 1.943893 -0.393714
v -0.251408 2.081393 -0.393714
v -0.248728 1.943893 -0.403717
v -0.248728 2.081393 -0.403717
v -0.259017 2.000143 -0.442291
v -0.302319 2.000143 -0.417291
v -0.259017 1.968893 -0.442291
v -0.302319 1.968893 -0.417291
v -0.211694 2.000143 -0.260324
v -0.168392 2.000143 -0.285324
v -0.211694 1.968893 -0.260324
v -0.168392 1.968893 -0.285324
v -0.259017 2.062643 -0.442291
v -0.302319 2.062643 -0.417291
v -0.259017 2.031393 -0.442291
v -0.302319 2.031393 -0.417291
v -0.211694 2.062643 -0.260324
v -0.168392 2.062643 -0.285324
v -0.211694 2.031393 -0.260324
v -0.168392 2.031393 -0.285324
v -0.249788 2.081393 -0.418052
v -0.249788 2.093893 -0.418052
v -0.264791 2.081393 -0.422072
v -0.264791 2.093893 -0.422072
v -0.278243 2.081393 -0.414305
v -0.278243 2.093893 -0.414305
v -0.282264 2.081393 -0.399302
v -0.282264 2.093893 -0.399302
v -0.274497 2.081393 -0.385850
v -0.274497 2.093893 -0.385850
v -0.259493 2.081393 -0.381829
v -0.259493 2.093893 -0.381829
v -0.246041 2.081393 -0.389596
v -0.246041 2.093893 -0.389596
v -0.242021 2.081393 -0.404600
v -0.242021 2.093893 -0.404600
v -0.421179 1.943779 0.128586
v -0.421179 2.081279 0.128586
v -0.423859 1.943779 0.138589
v -0.423859 2.081279 0.138589
v -0.418682 1.943779 0.147557
v -0.418682 2.081279 0.147557
v -0.408679 1.943779 0.150237
v -0.408679 2.081279 0.150237
v -0.399711 1.943779 0.145059
v -0.399711 2.081279 0.145059
v -0.397031 1.943779 0.135057
v -0.397031 2.081279 0.135057
v -0.402209 1.943779 0.126089
v -0.402209 2.081279 0.126089
v -0.412211 1.943779 0.123408
v -0.412211 2.081279 0.123408
v -0.450786 2.000029 0.133698
v -0.425786 2.000029 0.176999
v -0.450786 1.968779 0.133698
v -0.425786 1.968779 0.176999
v -0.268819 2.000029 0.086374
v -0.293819 2.000029 0.043073
v -0.268819 1.968779 0.086374
v -0.293819 1.968779 0.043073
v -0.450786 2.062529 0.133698
v -0.425786 2.062529 0.176999
v -0.450786 2.031279 0.133698
v -0.425786 2.031279 0.176999
v -0.268819 2.062529 0.086374
v -0.293819 2.062529 0.043073
v -0.268819 2.031279 0.086374
v -0.293819 2.031279 0.043073
v -0.426546 2.081279 0.124468
v -0.426546 2.093779 0.124468
v -0.430566 2.081279 0.139472
v -0.430566 2.093779 0.139472
v -0.422800 2.081279 0.152924
v -0.422800 2.093779 0.152924
v -0.407796 2.081279 0.156944
v -0.407796 2.093779 0.156944
v -0.394344 2.081279 0.149177
v -0.394344 2.093779 0.149177
v -0.390324 2.081279 0.134174
v -0.390324 2.093779 0.134174
v -0.398091 2.081279 0.120722
v -0.398091 2.093779 0.120722
v -0.413094 2.081279 0.116701
v -0.413094 2.093779 0.116701
v 0.287678 1.944078 -0.245115
v 0.287678 2.081578 -0.245115
v 0.290359 1.944078 -0.255118
v 0.290359 2.081578 -0.255118
v 0.285181 1.944078 -0.264086
v 0.285181 2.081578 -0.264086
v 0.275178 1.944078 -0.266766
v 0.275178 2.081578 -0.266766
v 0.266210 1.944078 -0.261588
v 0.266210 2.081578 -0.261588
v 0.263530 1.944078 -0.251586
v 0.263530 2.081578 -0.251586
v 0.268708 1.944078 -0.242618
v 0.268708 2.081578 -0.242618
v 0.278710 1.944078 -0.239938
v 0.278710 2.081578 -0.239938
v 0.317285 2.000328 -0.250227
v 0.292285 2.000328 -0.293528
v 0.317285 1.969078 -0.250227
v 0.292285 1.969078 -0.293528
v 0.135318 2.000328 -0.202903
v 0.160318 2.000328 -0.159602
v 0.135318 1.969078 -0.202903
v 0.160318 1.969078 -0.159602
v 0.317285 2.062828 -0.250227
v 0.292285 2.062828 -0.293528
v 0.317285 2.031578 -0.250227
v 0.292285 2.031578 -0.293528
v 0.135318 2.062828 -0.202903
v 0.160318 2.062828 -0.159602
v 0.135318 2.031578 -0.202903
v 0.160318 2.031578 -0.159602
v 0.293045 2.081578 -0.240997
v 0.293045 2.094078 -0.240997
v 0.297066 2.081578 -0.256001
v 0.297066 2.094078 -0.256001
v 0.289299 2.081578 -0.269453
v 0.289299 2.094078 -0.269453
v 0.274295 2.081578 -0.273473
v 0.274295 2.094078 -0.273473
v 0.260843 2.081578 -0.265707
v 0.260843 2.094078 -0.265707
v 0.256823 2.081578 -0.250703
v 0.256823 2.094078 -0.250703
v 0.264590 2.081578 -0.237251
v 0.264590 2.094078 -0.237251
v 0.279593 2.081578 -0.233231
v 0.279593 2.094078 -0.233231
v -0.050000 0.343566 0.350000
v -0.050000 0.343566 0.375000
v -0.093934 0.387500 0.350000
v -0.093934 0.387500 0.375000
v -0.156066 0.387500 0.350000
v -0.156066 0.387500 0.375000
v -0.200000 0.343566 0.350000
v -0.200000 0.343566 0.375000
v -0.200000 0.281434 0.350000
v -0.200000 0.281434 0.375000
v -0.156066 0.237500 0.350000
v -0.156066 0.237500 0.375000
v -0.093934 0.237500 0.350000
v -0.093934 0.237500 0.375000
v -0.050000 0.281434 0.350000
v -0.050000 0.281434 0.375000
v 0.021234 0.126563 0.250000
v 0.021234 2.001563 0.250000
v 0.166266 0.126563 0.166266
v 0.166266 2.001563 0.166266
v 0.250000 0.126563 0.021234
v 0.250000 2.001563 0.021234
v 0.250000 0.126563 -0.146234
v 0.250000 2.001563 -0.146234
v 0.166266 0.126563 -0.291266
v 0.166266 2.001563 -0.291266
v 0.021234 0.126563 -0.375000
v 0.021234 2.001563 -0.375000
v -0.146234 0.126563 -0.375000
v -0.146234 2.001563 -0.375000
v -0.291266 0.126563 -0.291266
v -0.291266 2.001563 -0.291266
v -0.375000 0.126563 -0.146234
v -0.375000 2.001563 -0.146234
v -0.375000 0.126563 0.021234
v -0.375000 2.001563 0.021234
v -0.291266 0.126563 0.166266
v -0.291266 2.001563 0.166266
v -0.146234 0.126563 0.250000
v -0.146234 2.001563 0.250000
v -0.062500 2.312500 -0.062500
v -0.020633 2.270633 0.093750
v 0.010016 2.156250 0.208133
v 0.051883 2.270633 0.051883
v 0.135617 2.156250 0.135617
v 0.093750 2.270633 -0.020633
v 0.208133 2.156250 0.010016
v 0.093750 2.270633 -0.104367
v 0.208133 2.156250 -0.135016
v 0.051883 2.270633 -0.176883
v 0.135617 2.156250 -0.260617
v -0.020633 2.270633 -0.218750
v 0.010016 2.156250 -0.333133
v -0.104367 2.270633 -0.218750
v -0.135016 2.156250 -0.333133
v -0.176883 2.270633 -0.176883
v -0.260617 2.156250 -0.260617
v -0.218750 2.270633 -0.104367
v -0.333133 2.156250 -0.135016
v -0.218750 2.270633 -0.020633
v -0.333133 2.156250 0.010016
v -0.176883 2.270633 0.051883
v -0.260617 2.156250 0.135617
v -0.104367 2.270633 0.093750
v -0.135016 2.156250 0.208133
v 0.021234 2.000000 0.250000
v 0.166266 2.000000 0.166266
v 0.250000 2.000000 0.021234
v 0.250000 2.000000 -0.146234
v 0.166266 2.000000 -0.291266
v 0.021234 2.000000 -0.375000
v -0.146234 2.000000 -0.375000
v -0.291266 2.000000 -0.291266
v -0.375000 2.000000 -0.146234
v -0.375000 2.000000 0.021234
v -0.291266 2.000000 0.166266
v -0.146234 2.000000 0.250000
vt 0.741610 0.626400
vt 0.741610 0.589858
vt 0.748745 0.589858
vt 0.748745 0.626400
vt 0.989910 0.563304
vt 0.989910 0.535451
vt 1.000000 0.535370
vt 1.000000 0.563223
vt 0.846555 0.622427
vt 0.846555 0.585886
vt 0.853690 0.585886
vt 0.853690 0.622427
vt 0.836464 0.622427
vt 0.836464 0.585886
vt 0.829329 0.622427
vt 0.829329 0.585886
vt 0.623659 0.968075
vt 0.623659 0.940222
vt 0.633749 0.940141
vt 0.633749 0.967994
vt 0.758836 0.626400
vt 0.758836 0.589858
vt 0.765971 0.589858
vt 0.765971 0.626400
vt 0.981812 0.633451
vt 0.974121 0.633389
vt 0.968682 0.626211
vt 0.968682 0.616121
vt 0.974121 0.609029
vt 0.981812 0.609091
vt 0.987250 0.616269
vt 0.987250 0.626359
vt 0.612433 0.968136
vt 0.617872 0.975315
vt 0.617872 0.985405
vt 0.612433 0.992496
vt 0.604742 0.992435
vt 0.599304 0.985256
vt 0.599304 0.975166
vt 0.604742 0.968075
vt 0.884367 0.968189
vt 0.886190 0.968197
vt 0.886190 0.994993
vt 0.884367 0.994985
vt 0.989919 0.389785
vt 0.991819 0.389778
vt 0.991819 0.416575
vt 0.989919 0.416581
vt 0.993643 0.389787
vt 0.993643 0.416583
vt 0.679283 0.994894
vt 0.677383 0.994901
vt 0.677383 0.968105
vt 0.679283 0.968098
vt 0.675559 0.994893
vt 0.675559 0.968097
vt 0.980869 0.639785
vt 0.978728 0.641925
vt 0.975701 0.641925
vt 0.973560 0.639784
vt 0.973560 0.636757
vt 0.975701 0.634617
vt 0.978728 0.634617
vt 0.980869 0.636757
vt 0.996071 0.535364
vt 0.994170 0.535370
vt 0.994170 0.508574
vt 0.996071 0.508568
vt 0.968392 0.634617
vt 0.971420 0.634617
vt 0.973560 0.636757
vt 0.973560 0.639784
vt 0.971420 0.641925
vt 0.968392 0.641925
vt 0.966252 0.639784
vt 0.966252 0.636757
vt 0.992346 0.535362
vt 0.992346 0.508566
vt 0.769436 0.584906
vt 0.770863 0.586333
vt 0.770863 0.588351
vt 0.769435 0.589778
vt 0.767417 0.589778
vt 0.765990 0.588351
vt 0.765990 0.586333
vt 0.767417 0.584906
vt 0.882466 0.968195
vt 0.882466 0.994992
vt 0.864727 0.831764
vt 0.864727 0.865029
vt 0.858637 0.865008
vt 0.858637 0.831743
vt 0.968636 0.977471
vt 0.968636 0.986648
vt 0.962546 0.986627
vt 0.962546 0.977451
vt 0.204446 0.947105
vt 0.204446 0.913840
vt 0.210536 0.913860
vt 0.210536 0.947125
vt 0.983687 0.948905
vt 0.983687 0.939728
vt 0.989777 0.939749
vt 0.989777 0.948925
vt 0.980166 0.606017
vt 0.980166 0.570694
vt 0.989910 0.570694
vt 0.989910 0.606017
vt 0.986119 0.803787
vt 0.986119 0.768463
vt 0.995863 0.768463
vt 0.995863 0.803787
vt 0.564283 0.959037
vt 0.564283 0.992302
vt 0.558193 0.992282
vt 0.558193 0.959017
vt 0.896316 0.980390
vt 0.896316 0.989567
vt 0.890226 0.989546
vt 0.890226 0.980370
vt 0.858637 0.765152
vt 0.858637 0.731887
vt 0.864727 0.731907
vt 0.864727 0.765172
vt 0.535912 0.988554
vt 0.535912 0.979377
vt 0.542002 0.979398
vt 0.542002 0.988574
vt 0.986119 0.840329
vt 0.986119 0.805005
vt 0.995863 0.805006
vt 0.995863 0.840329
vt 0.980174 0.425102
vt 0.980174 0.389778
vt 0.989919 0.389778
vt 0.989919 0.425102
vt 0.475025 0.879977
vt 0.475036 0.877241
vt 0.477472 0.877240
vt 0.477461 0.879975
vt 0.755091 0.880822
vt 0.755102 0.883673
vt 0.752666 0.883674
vt 0.752655 0.880823
vt 0.755091 0.886409
vt 0.752655 0.886410
vt 0.213133 0.872510
vt 0.213144 0.875361
vt 0.210708 0.875362
vt 0.210697 0.872511
vt 0.213133 0.878097
vt 0.210697 0.878098
vt 0.369852 0.875044
vt 0.369841 0.872193
vt 0.372277 0.872192
vt 0.372288 0.875043
vt 0.369852 0.869457
vt 0.372288 0.869456
vt 0.475036 0.882827
vt 0.477472 0.882826
vt 0.991743 0.451906
vt 0.989919 0.451898
vt 0.989919 0.425102
vt 0.991743 0.425110
vt 0.683007 0.994894
vt 0.681107 0.994901
vt 0.681107 0.968105
vt 0.683007 0.968098
vt 0.679283 0.994893
vt 0.679283 0.968097
vt 0.989910 0.570700
vt 0.991811 0.570694
vt 0.991811 0.597490
vt 0.989910 0.597496
vt 0.993635 0.570702
vt 0.993635 0.597498
vt 0.055364 0.931166
vt 0.057265 0.931159
vt 0.057265 0.957955
vt 0.055364 0.957962
vt 0.059089 0.931167
vt 0.059089 0.957963
vt 0.761118 0.588351
vt 0.761118 0.586333
vt 0.762545 0.584906
vt 0.764563 0.584906
vt 0.765990 0.586333
vt 0.765990 0.588351
vt 0.764563 0.589778
vt 0.762545 0.589778
vt 0.993643 0.451900
vt 0.993643 0.425104
vt 0.928862 0.984437
vt 0.928862 0.951172
vt 0.934952 0.951192
vt 0.934952 0.984457
vt 0.835795 0.986154
vt 0.835795 0.976977
vt 0.841885 0.976997
vt 0.841885 0.986174
vt 0.564283 0.925752
vt 0.564283 0.959017
vt 0.558193 0.958996
vt 0.558193 0.925731
vt 0.132226 0.976903
vt 0.132226 0.986080
vt 0.126136 0.986059
vt 0.126136 0.976883
vt 0.599304 0.852640
vt 0.599304 0.887964
vt 0.589559 0.887964
vt 0.589559 0.852640
vt 0.900670 0.627506
vt 0.900670 0.662830
vt 0.890926 0.662830
vt 0.890926 0.627506
vt 0.204446 0.847248
vt 0.204446 0.813983
vt 0.210536 0.814004
vt 0.210536 0.847269
vt 0.841885 0.986154
vt 0.841885 0.976977
vt 0.847975 0.976997
vt 0.847975 0.986174
vt 0.083447 0.960414
vt 0.083447 0.993679
vt 0.077357 0.993658
vt 0.077357 0.960393
vt 0.126136 0.976903
vt 0.126136 0.986080
vt 0.120046 0.986059
vt 0.120046 0.976882
vt 0.104970 0.883222
vt 0.104970 0.918546
vt 0.095226 0.918546
vt 0.095226 0.883222
vt 0.599304 0.887964
vt 0.599304 0.923288
vt 0.589559 0.923288
vt 0.589559 0.887964
vt 0.372288 0.883482
vt 0.372277 0.886218
vt 0.369841 0.886219
vt 0.369852 0.883483
vt 0.752666 0.869647
vt 0.752655 0.866796
vt 0.755091 0.866795
vt 0.755102 0.869646
vt 0.752666 0.864060
vt 0.755102 0.864059
vt 0.369852 0.847104
vt 0.369841 0.844253
vt 0.372277 0.844252
vt 0.372288 0.847103
vt 0.369852 0.841517
vt 0.372288 0.841516
vt 0.372277 0.847104
vt 0.372288 0.849955
vt 0.369852 0.849956
vt 0.369841 0.847106
vt 0.372277 0.852691
vt 0.369841 0.852692
vt 0.951635 0.639785
vt 0.951635 0.636757
vt 0.953776 0.634617
vt 0.956803 0.634617
vt 0.958944 0.636757
vt 0.958944 0.639785
vt 0.956803 0.641925
vt 0.953776 0.641925
vt 0.372277 0.880632
vt 0.369841 0.880633
vt 0.586931 0.981973
vt 0.585107 0.981965
vt 0.585107 0.955169
vt 0.586931 0.955177
vt 0.992359 0.219257
vt 0.994259 0.219251
vt 0.994259 0.246047
vt 0.992359 0.246053
vt 0.996083 0.219259
vt 0.996083 0.246055
vt 0.886191 0.968195
vt 0.888091 0.968189
vt 0.888091 0.994985
vt 0.886191 0.994991
vt 0.889915 0.968197
vt 0.889915 0.994993
vt 0.535314 0.986945
vt 0.533414 0.986951
vt 0.533414 0.960155
vt 0.535314 0.960149
vt 0.531590 0.986943
vt 0.531590 0.960147
vt 0.588832 0.981967
vt 0.588832 0.955171
vt 0.754726 0.504613
vt 0.754726 0.537878
vt 0.748636 0.537857
vt 0.748636 0.504592
vt 0.847975 0.986153
vt 0.847975 0.976977
vt 0.854065 0.976997
vt 0.854065 0.986174
vt 0.755102 0.891736
vt 0.755102 0.858471
vt 0.761192 0.858491
vt 0.761192 0.891756
vt 0.548092 0.979398
vt 0.548092 0.988574
vt 0.542002 0.988554
vt 0.542002 0.979377
vt 0.980174 0.460426
vt 0.980174 0.425102
vt 0.989919 0.425102
vt 0.989919 0.460426
vt 0.749473 0.993675
vt 0.749473 0.958352
vt 0.759217 0.958352
vt 0.759217 0.993675
vt 0.864727 0.765193
vt 0.864727 0.798458
vt 0.858637 0.798437
vt 0.858637 0.765172
vt 0.854065 0.986154
vt 0.854065 0.976977
vt 0.860155 0.976998
vt 0.860155 0.986174
vt 0.858637 0.898294
vt 0.858637 0.865029
vt 0.864727 0.865049
vt 0.864727 0.898314
vt 0.974726 0.977471
vt 0.974726 0.986648
vt 0.968636 0.986627
vt 0.968636 0.977451
vt 0.986246 0.702694
vt 0.986246 0.667371
vt 0.995991 0.667371
vt 0.995991 0.702695
vt 0.589559 0.993935
vt 0.589559 0.958612
vt 0.599304 0.958611
vt 0.599304 0.993935
vt 0.752655 0.861208
vt 0.752666 0.858472
vt 0.755102 0.858471
vt 0.755091 0.861207
vt 0.752666 0.880822
vt 0.752655 0.877972
vt 0.755091 0.877970
vt 0.755102 0.880821
vt 0.752666 0.875236
vt 0.755102 0.875235
vt 0.213133 0.878098
vt 0.213144 0.880949
vt 0.210708 0.880950
vt 0.210697 0.878099
vt 0.213133 0.883685
vt 0.210697 0.883686
vt 0.372277 0.863868
vt 0.372288 0.866719
vt 0.369852 0.866720
vt 0.369841 0.863869
vt 0.372277 0.869455
vt 0.369841 0.869456
vt 0.752666 0.864059
vt 0.755102 0.864058
vt 0.783142 0.956149
vt 0.784966 0.956157
vt 0.784966 0.982953
vt 0.783142 0.982945
vt 0.510404 0.923289
vt 0.508503 0.923295
vt 0.508503 0.896499
vt 0.510404 0.896492
vt 0.506679 0.923287
vt 0.506679 0.896491
vt 0.995570 0.942165
vt 0.993670 0.942171
vt 0.993670 0.915375
vt 0.995570 0.915368
vt 0.991846 0.942163
vt 0.991846 0.915367
vt 0.991869 0.866650
vt 0.993770 0.866644
vt 0.993770 0.893440
vt 0.991869 0.893446
vt 0.995593 0.866652
vt 0.995593 0.893448
vt 0.757673 0.584906
vt 0.759691 0.584906
vt 0.761118 0.586333
vt 0.761118 0.588351
vt 0.759691 0.589778
vt 0.757673 0.589778
vt 0.756246 0.588351
vt 0.756246 0.586333
vt 0.781242 0.956155
vt 0.781242 0.982951
vt 0.204446 0.913819
vt 0.204446 0.880554
vt 0.210536 0.880575
vt 0.210536 0.913840
vt 0.962546 0.977471
vt 0.962546 0.986648
vt 0.956456 0.986627
vt 0.956456 0.977451
vt 0.754726 0.537898
vt 0.754726 0.571163
vt 0.748635 0.571143
vt 0.748635 0.537878
vt 0.980166 0.510988
vt 0.980166 0.501812
vt 0.986256 0.501832
vt 0.986256 0.511009
vt 0.995863 0.731921
vt 0.995863 0.767245
vt 0.986119 0.767245
vt 0.986119 0.731921
vt 0.996554 -0.000000
vt 0.996554 0.035324
vt 0.986810 0.035324
vt 0.986810 0.000000
vt 0.204446 0.880534
vt 0.204446 0.847269
vt 0.210536 0.847289
vt 0.210536 0.880554
vt 0.902406 0.980390
vt 0.902406 0.989567
vt 0.896316 0.989546
vt 0.896316 0.980370
vt 0.864727 0.798478
vt 0.864727 0.831743
vt 0.858637 0.831723
vt 0.858637 0.798458
vt 0.551210 0.988554
vt 0.551210 0.979377
vt 0.557300 0.979398
vt 0.557300 0.988574
vt 0.599304 0.923288
vt 0.599304 0.958611
vt 0.589559 0.958611
vt 0.589559 0.923288
vt 0.989910 0.535370
vt 0.980166 0.535370
vt 0.372288 0.855543
vt 0.372277 0.858279
vt 0.369841 0.858280
vt 0.369852 0.855544
vt 0.372277 0.858280
vt 0.372288 0.861131
vt 0.369852 0.861132
vt 0.369841 0.858281
vt 0.372277 0.863867
vt 0.369841 0.863868
vt 0.752666 0.875234
vt 0.752655 0.872384
vt 0.755091 0.872383
vt 0.755102 0.875233
vt 0.752666 0.869648
vt 0.755102 0.869647
vt 0.369852 0.880631
vt 0.369841 0.877781
vt 0.372277 0.877779
vt 0.372288 0.880630
vt 0.369852 0.875045
vt 0.372288 0.875044
vt 0.372277 0.852692
vt 0.369841 0.852693
vt 0.958944 0.636757
vt 0.961084 0.634617
vt 0.964111 0.634616
vt 0.966252 0.636757
vt 0.966252 0.639784
vt 0.964112 0.641925
vt 0.961084 0.641925
vt 0.958944 0.639785
vt 0.759052 0.957532
vt 0.756024 0.957532
vt 0.753884 0.955391
vt 0.753884 0.952364
vt 0.756024 0.950223
vt 0.759052 0.950223
vt 0.761192 0.952364
vt 0.761192 0.955391
vt 0.946467 0.634617
vt 0.949495 0.634617
vt 0.951635 0.636757
vt 0.951635 0.639785
vt 0.949495 0.641925
vt 0.946467 0.641925
vt 0.944327 0.639784
vt 0.944327 0.636757
vt 0.753803 0.581839
vt 0.755944 0.583979
vt 0.755944 0.587006
vt 0.753803 0.589147
vt 0.750776 0.589147
vt 0.748635 0.587006
vt 0.748635 0.583979
vt 0.750776 0.581838
vt 0.761192 0.920990
vt 0.761192 0.929552
vt 0.756320 0.929552
vt 0.756320 0.920990
vt 0.761192 0.941661
vt 0.756320 0.941661
vt 0.761192 0.950223
vt 0.756320 0.950223
vt 0.756320 0.891786
vt 0.756320 0.903894
vt 0.752606 0.903865
vt 0.752606 0.891756
vt 0.761192 0.891756
vt 0.761192 0.900319
vt 0.756320 0.900319
vt 0.756320 0.891756
vt 0.761192 0.912427
vt 0.756320 0.912427
vt 0.558193 0.934419
vt 0.558193 0.946527
vt 0.551667 0.955037
vt 0.542438 0.954963
vt 0.535912 0.946349
vt 0.535912 0.934241
vt 0.542438 0.925731
vt 0.551667 0.925805
vt 0.756320 0.920990
vt 0.587340 0.946659
vt 0.580814 0.955169
vt 0.571585 0.955095
vt 0.565058 0.946481
vt 0.565058 0.934373
vt 0.571585 0.925863
vt 0.580814 0.925937
vt 0.587340 0.934551
vt 0.978174 0.243685
vt 0.978174 0.255793
vt 0.974461 0.255763
vt 0.974461 0.243655
vt 0.741610 0.000103
vt 0.772345 -0.000000
vt 0.772345 0.365401
vt 0.741610 0.365505
vt 0.804453 0.000055
vt 0.804453 0.365456
vt 0.829329 0.000254
vt 0.829329 0.365655
vt 0.389442 0.755330
vt 0.358707 0.755434
vt 0.358707 0.390033
vt 0.389442 0.389929
vt 0.326599 0.755379
vt 0.326599 0.389978
vt 0.301723 0.755180
vt 0.301723 0.389778
vt 0.301723 0.755330
vt 0.270987 0.755434
vt 0.270987 0.390033
vt 0.301723 0.389929
vt 0.238880 0.755379
vt 0.238880 0.389978
vt 0.214003 0.755180
vt 0.214003 0.389778
vt 0.389779 0.511688
vt 0.420514 0.511584
vt 0.420514 0.876985
vt 0.389779 0.877089
vt 0.452622 0.511639
vt 0.452622 0.877041
vt 0.477498 0.511839
vt 0.477498 0.877240
vt 0.772061 0.656851
vt 0.786194 0.648692
vt 0.794353 0.679143
vt 0.755742 0.640532
vt 0.780221 0.626400
vt 0.033898 0.760576
vt 0.064406 0.755720
vt 0.064562 0.786455
vt 0.034034 0.787194
vt 0.802513 0.648692
vt 0.808486 0.626400
vt 0.064562 0.818563
vt 0.034034 0.815000
vt 0.816645 0.656851
vt 0.832964 0.640532
vt 0.064406 0.843440
vt 0.033898 0.836544
vt 0.824805 0.670984
vt 0.847097 0.665011
vt 0.033898 0.848296
vt 0.064406 0.843440
vt 0.064562 0.874175
vt 0.034034 0.874913
vt 0.824804 0.687303
vt 0.847097 0.693276
vt 0.064562 0.906282
vt 0.034034 0.902719
vt 0.816645 0.701435
vt 0.832964 0.717754
vt 0.064406 0.931159
vt 0.033898 0.924263
vt 0.802512 0.709595
vt 0.808486 0.731887
vt 0.095226 0.838583
vt 0.064718 0.843440
vt 0.064562 0.812704
vt 0.095090 0.811966
vt 0.786194 0.709595
vt 0.780220 0.731887
vt 0.064562 0.780597
vt 0.095090 0.784160
vt 0.772061 0.701435
vt 0.755742 0.717754
vt 0.064718 0.755720
vt 0.095226 0.762616
vt 0.763902 0.687303
vt 0.741610 0.693276
vt 0.095226 0.926303
vt 0.064718 0.931159
vt 0.064562 0.900424
vt 0.095090 0.899685
vt 0.763902 0.670984
vt 0.741610 0.665011
vt 0.064562 0.868316
vt 0.095090 0.871879
vt 0.064718 0.843440
vt 0.095226 0.850335
s 0
g gas-filter_
usemtl blue
f 551/859 565/860 563/861 561/862 559/863 557/864 555/865 553/866
f 541/903 542/904 540/905 539/906
f 549/927 550/928 548/929 547/930
f 567/985 581/986 579/987 577/988 575/989 573/990 571/991 569/992
f 637/1111 638/1112 636/1113 635/1114
f 645/1135 646/1136 644/1137 643/1138
f 663/1193 677/1194 675/1195 673/1196 671/1197 669/1198 667/1199 665/1200
f 695/1297 709/1298 707/1299 705/1300 703/1301 701/1302 699/1303 697/1304
g gas-filter_blue
usemtl blue
f 506/803 505/804 503/805 504/806
f 508/807 507/808 505/809 506/810
f 510/811 509/812 507/813 508/814
f 512/815 511/816 509/812 510/811
f 514/817 513/818 511/816 512/815
f 516/819 515/820 513/821 514/822
f 518/823 517/824 515/825 516/826
f 504/806 503/805 517/824 518/823
f 504/827 518/828 516/829 514/830 512/831 510/832 508/833 506/834
f 503/835 505/836 507/837 509/838 511/839 513/840 515/841 517/842
f 519/843 521/844 522/845 520/846
f 521/847 523/848 524/849 522/850
f 523/848 525/851 526/852 524/849
f 525/853 527/854 528/855 526/856
f 527/854 529/857 530/858 528/855
f 529/867 531/868 532/869 530/870
f 552/871 554/872 556/873 558/874 560/875 562/876 564/877 566/878
f 531/868 533/879 534/880 532/869
f 519/881 533/882 531/883 529/884 527/885 525/886 523/887 521/888
f 533/889 519/843 520/846 534/890
f 538/891 541/892 539/893 536/894
f 537/895 538/896 536/897 535/898
f 542/899 537/900 535/901 540/902
f 540/907 535/908 536/909 539/910
f 541/911 538/912 537/913 542/914
f 546/915 549/916 547/917 544/918
f 545/919 546/920 544/921 543/922
f 550/923 545/924 543/925 548/926
f 548/931 543/932 544/933 547/934
f 549/935 546/936 545/937 550/938
f 551/939 553/940 554/941 552/942
f 553/943 555/944 556/945 554/946
f 555/944 557/947 558/948 556/945
f 557/949 559/950 560/951 558/952
f 559/950 561/953 562/954 560/951
f 561/955 563/956 564/957 562/958
f 563/956 565/959 566/960 564/957
f 565/961 551/939 552/942 566/962
f 567/963 569/964 570/965 568/966
f 569/967 571/968 572/969 570/970
f 571/968 573/971 574/972 572/969
f 573/973 575/974 576/975 574/976
f 575/974 577/977 578/978 576/975
f 577/979 579/980 580/981 578/982
f 579/980 581/983 582/984 580/981
f 581/993 567/963 568/966 582/994
f 586/995 589/996 587/997 584/998
f 585/999 586/1000 584/1001 583/1002
f 590/1003 585/1004 583/1005 588/1006
f 589/1007 590/1008 588/1009 587/1010
f 588/1011 583/1012 584/1013 587/1014
f 589/1015 586/1016 585/1017 590/1018
f 594/1019 597/1020 595/1021 592/1022
f 593/1023 594/1024 592/1025 591/1026
f 598/1027 593/1028 591/1029 596/1030
f 597/1031 598/1032 596/1033 595/1034
f 596/1035 591/1036 592/1037 595/1038
f 597/1039 594/1040 593/1041 598/1042
f 599/1043 601/1044 602/1045 600/1046
f 601/1047 603/1048 604/1049 602/1050
f 603/1048 605/1051 606/1052 604/1049
f 605/1053 607/1054 608/1055 606/1056
f 607/1054 609/1057 610/1058 608/1055
f 609/1059 611/1060 612/1061 610/1062
f 611/1060 613/1063 614/1064 612/1061
f 599/1065 613/1066 611/1067 609/1068 607/1069 605/1070 603/1071 601/1072
f 613/1073 599/1043 600/1046 614/1074
f 615/1075 617/1076 618/1077 616/1078
f 617/1079 619/1080 620/1081 618/1082
f 619/1080 621/1083 622/1084 620/1081
f 621/1085 623/1086 624/1087 622/1088
f 623/1086 625/1089 626/1090 624/1087
f 625/1091 627/1092 628/1093 626/1094
f 627/1092 629/1095 630/1096 628/1093
f 629/1097 615/1075 616/1078 630/1098
f 634/1099 637/1100 635/1101 632/1102
f 633/1103 634/1104 632/1105 631/1106
f 638/1107 633/1108 631/1109 636/1110
f 636/1115 631/1116 632/1117 635/1118
f 637/1119 634/1120 633/1121 638/1122
f 642/1123 645/1124 643/1125 640/1126
f 641/1127 642/1128 640/1129 639/1130
f 646/1131 641/1132 639/1133 644/1134
f 644/1139 639/1140 640/1141 643/1142
f 645/1143 642/1144 641/1145 646/1146
f 647/1147 649/1148 650/1149 648/1150
f 649/1151 651/1152 652/1153 650/1154
f 651/1152 653/1155 654/1156 652/1153
f 653/1157 655/1158 656/1159 654/1160
f 655/1158 657/1161 658/1162 656/1159
f 657/1163 659/1164 660/1165 658/1166
f 659/1164 661/1167 662/1168 660/1165
f 661/1169 647/1147 648/1150 662/1170
f 663/1171 665/1172 666/1173 664/1174
f 665/1175 667/1176 668/1177 666/1178
f 667/1176 669/1179 670/1180 668/1177
f 669/1181 671/1182 672/1183 670/1184
f 671/1182 673/1185 674/1186 672/1183
f 673/1187 675/1188 676/1189 674/1190
f 675/1188 677/1191 678/1192 676/1189
f 677/1201 663/1171 664/1174 678/1202
f 682/1203 685/1204 683/1205 680/1206
f 681/1207 682/1208 680/1209 679/1210
f 686/1211 681/1212 679/1213 684/1214
f 685/1215 686/1216 684/1217 683/1218
f 684/1219 679/1220 680/1221 683/1222
f 685/1223 682/1224 681/1225 686/1226
f 690/1227 693/1228 691/1229 688/1230
f 689/1231 690/1232 688/1233 687/1234
f 694/1235 689/1236 687/1237 692/1238
f 693/1239 694/1240 692/1241 691/1242
f 692/1243 687/1244 688/1245 691/1246
f 693/1247 690/909 689/908 694/1248
f 695/1249 697/1250 698/1251 696/1252
f 697/1253 699/1254 700/1255 698/1256
f 699/1254 701/1257 702/1258 700/1255
f 701/1259 703/1260 704/1261 702/1262
f 703/1260 705/1263 706/1264 704/1261
f 705/1265 707/1266 708/1267 706/1268
f 707/1266 709/1269 710/1270 708/1267
f 709/1271 695/1249 696/1252 710/1272
f 648/1273 650/1274 652/1275 654/1276 656/1277 658/1278 660/1279 662/1280
f 647/1281 661/1282 659/1283 657/1284 655/1285 653/1286 651/1287 649/1288
f 696/1289 698/1290 700/1291 702/1292 704/1293 706/1294 708/1295 710/1296
f 711/1305 713/1306 714/1307 712/1308
f 713/1306 715/1309 716/1310 714/1307
f 715/1309 717/1311 718/1312 716/1310
f 717/1313 719/1314 720/1315 718/1316
f 719/1317 721/1318 722/1319 720/1320
f 721/1318 723/1321 724/1322 722/1319
f 711/1323 725/1324 723/1325 721/1326 719/1327 717/1328 715/1329 713/1330
f 723/1321 725/1305 726/1331 724/1322
f 712/1332 714/1333 716/1334 718/1335 720/1336 722/1337 724/1338 726/1339
f 725/1340 711/1341 712/1342 726/1343
f 727/1344 729/1345 730/1346 728/1347
f 729/1345 731/1348 732/1349 730/1346
f 731/1348 733/1350 734/1351 732/1349
f 733/1352 735/1353 736/1354 734/1355
f 735/1353 737/1356 738/1357 736/1354
f 737/1356 739/1358 740/1359 738/1357
f 739/1360 741/1361 742/1362 740/1363
f 741/1361 743/1364 744/1365 742/1362
f 743/1364 745/1366 746/1367 744/1365
f 745/1368 747/1369 748/1370 746/1371
f 747/1369 749/1372 750/1373 748/1370
f 749/1372 727/1374 728/1375 750/1373
f 752/1376 754/1377 751/1378
f 752/1376 753/1379 755/1380 754/1377
f 753/1381 776/1382 777/1383 755/1384
f 754/1377 756/1385 751/1378
f 754/1377 755/1380 757/1386 756/1385
f 755/1384 777/1383 778/1387 757/1388
f 756/1385 758/1389 751/1378
f 756/1385 757/1386 759/1390 758/1389
f 757/1388 778/1387 779/1391 759/1392
f 758/1389 760/1393 751/1378
f 758/1389 759/1390 761/1394 760/1393
f 759/1395 779/1396 780/1397 761/1398
f 760/1393 762/1399 751/1378
f 760/1393 761/1394 763/1400 762/1399
f 761/1398 780/1397 781/1401 763/1402
f 762/1399 764/1403 751/1378
f 762/1399 763/1400 765/1404 764/1403
f 763/1402 781/1401 782/1405 765/1406
f 764/1403 766/1407 751/1378
f 764/1403 765/1404 767/1408 766/1407
f 765/1409 782/1410 783/1411 767/1412
f 766/1407 768/1413 751/1378
f 766/1407 767/1408 769/1414 768/1413
f 767/1412 783/1411 784/1415 769/1416
f 768/1413 770/1417 751/1378
f 768/1413 769/1414 771/1418 770/1417
f 769/1416 784/1415 785/1419 771/1420
f 770/1417 772/1421 751/1378
f 770/1417 771/1418 773/1422 772/1421
f 771/1423 785/1424 786/1425 773/1426
f 772/1421 774/1427 751/1378
f 772/1421 773/1422 775/1428 774/1427
f 773/1426 786/1425 787/1429 775/1430
f 774/1427 752/1376 751/1378
f 774/1427 775/1428 753/1379 752/1376
f 775/1430 787/1429 776/1431 753/1432
g condenser_cylinder.054
v 0.525888 0.687500 -0.375000
v 0.525888 0.687500 -0.437500
v 0.562500 0.724112 -0.375000
v 0.562500 0.724112 -0.437500
v 0.562500 0.775888 -0.375000
v 0.562500 0.775888 -0.437500
v 0.525888 0.812500 -0.375000
v 0.525888 0.812500 -0.437500
v 0.474112 0.812500 -0.375000
v 0.474112 0.812500 -0.437500
v 0.437500 0.775888 -0.375000
v 0.437500 0.775888 -0.437500
v 0.437500 0.724112 -0.375000
v 0.437500 0.724112 -0.437500
v 0.474112 0.687500 -0.375000
v 0.474112 0.687500 -0.437500
v 0.687500 1.437500 0.250000
v 0.687500 1.437500 -0.375000
v 0.687500 0.562500 0.250000
v 0.687500 0.562500 -0.375000
v 0.312500 1.437500 -0.375000
v 0.312500 1.437500 0.250000
v 0.312500 0.562500 -0.375000
v 0.312500 0.562500 0.250000
v 0.528477 0.681250 -0.437500
v 0.528477 0.681250 -0.450000
v 0.568750 0.721523 -0.437500
v 0.568750 0.721523 -0.450000
v 0.568750 0.778477 -0.437500
v 0.568750 0.778477 -0.450000
v 0.528477 0.818750 -0.437500
v 0.528477 0.818750 -0.450000
v 0.471523 0.818750 -0.437500
v 0.471523 0.818750 -0.450000
v 0.431250 0.778477 -0.437500
v 0.431250 0.778477 -0.450000
v 0.431250 0.721523 -0.437500
v 0.431250 0.721523 -0.450000
v 0.471523 0.681250 -0.437500
v 0.471523 0.681250 -0.450000
vt 0.510010 0.969401
vt 0.497830 0.969401
vt 0.497830 0.962265
vt 0.510010 0.962265
vt 0.510010 0.979491
vt 0.497830 0.979491
vt 0.510010 0.986627
vt 0.497830 0.986627
vt 0.926774 0.985623
vt 0.914593 0.985623
vt 0.914593 0.975533
vt 0.926774 0.975533
vt 0.926774 0.992759
vt 0.914593 0.992759
vt 0.095226 0.930726
vt 0.095226 0.918546
vt 0.105316 0.918546
vt 0.105316 0.930726
vt 0.988554 0.982669
vt 0.976374 0.982669
vt 0.976374 0.975533
vt 0.988554 0.975533
vt 0.988554 0.992759
vt 0.976374 0.992759
vt 0.829329 0.000000
vt 0.902413 0.000000
vt 0.902413 0.170528
vt 0.829329 0.170528
vt 0.477498 0.511584
vt 0.599304 0.511584
vt 0.599304 0.682112
vt 0.477498 0.682112
vt 0.902413 0.341056
vt 0.829329 0.341056
vt 0.599304 0.852640
vt 0.477498 0.852640
vt 0.477498 0.682112
vt 0.599304 0.682112
vt 0.761192 0.731887
vt 0.834276 0.731887
vt 0.834276 0.853692
vt 0.761192 0.853692
vt 0.180085 0.877002
vt 0.107002 0.877002
vt 0.107002 0.755196
vt 0.180085 0.755196
vt 0.372493 0.763283
vt 0.370057 0.763283
vt 0.370057 0.755434
vt 0.372493 0.755434
vt 0.372493 0.774382
vt 0.370057 0.774382
vt 0.372493 0.782231
vt 0.370057 0.782231
vt 0.372493 0.831228
vt 0.370057 0.831228
vt 0.370057 0.820128
vt 0.372493 0.820128
vt 0.372493 0.790080
vt 0.370057 0.790080
vt 0.370057 0.782231
vt 0.372493 0.782231
vt 0.372493 0.801180
vt 0.370057 0.801180
vt 0.372493 0.809028
vt 0.370057 0.809028
vt 0.125950 0.925724
vt 0.133799 0.933573
vt 0.133799 0.944672
vt 0.125950 0.952521
vt 0.114850 0.952521
vt 0.107002 0.944672
vt 0.107002 0.933573
vt 0.114850 0.925724
vt 0.372493 0.820128
vt 0.370057 0.820128
vt 0.372493 0.809028
vt 0.737272 0.907193
vt 0.748372 0.907193
vt 0.756221 0.915042
vt 0.756221 0.926142
vt 0.748372 0.933991
vt 0.737272 0.933991
vt 0.729424 0.926142
vt 0.729424 0.915042
s 0
g condenser_blue
usemtl blue
f 791/1433 790/1434 788/1435 789/1436
f 793/1437 792/1438 790/1434 791/1433
f 795/1439 794/1440 792/1438 793/1437
f 797/1441 796/1442 794/1443 795/1444
f 799/1445 798/1446 796/1442 797/1441
f 801/1447 800/1448 798/1449 799/1450
f 803/1451 802/1452 800/1453 801/1454
f 789/1455 788/1456 802/1452 803/1451
f 807/1457 810/1458 808/1459 805/1460
f 806/1461 807/1462 805/1463 804/1464
f 811/1460 806/1459 804/1465 809/1466
f 810/1467 811/1468 809/1469 808/1470
f 809/1471 804/1472 805/1473 808/1474
f 810/1475 807/1476 806/1477 811/1478
f 815/1479 814/1480 812/1481 813/1482
f 817/1483 816/1484 814/1480 815/1479
f 819/1485 818/1486 816/1484 817/1483
f 821/1487 820/1488 818/1489 819/1490
f 823/1491 822/1492 820/1493 821/1494
f 825/1495 824/1496 822/1492 823/1491
f 827/1497 826/1498 824/1496 825/1495
f 813/1499 827/1500 825/1501 823/1502 821/1503 819/1504 817/1505 815/1506
f 813/1507 812/1508 826/1498 827/1509
f 812/1510 814/1511 816/1512 818/1513 820/1514 822/1515 824/1516 826/1517
g piping1_cylinder.059
v 0.512500 1.843566 0.350000
v 0.512500 1.843566 0.375000
v 0.468566 1.887500 0.350000
v 0.468566 1.887500 0.375000
v 0.406434 1.887500 0.350000
v 0.406434 1.887500 0.375000
v 0.362500 1.843566 0.350000
v 0.362500 1.843566 0.375000
v 0.362500 1.781434 0.350000
v 0.362500 1.781434 0.375000
v 0.406434 1.737500 0.350000
v 0.406434 1.737500 0.375000
v 0.468566 1.737500 0.350000
v 0.468566 1.737500 0.375000
v 0.512500 1.781434 0.350000
v 0.512500 1.781434 0.375000
v -0.098401 0.749082 0.499595
v -0.098401 0.999082 0.499595
v -0.061790 0.749082 0.462983
v -0.061790 0.999082 0.462983
v -0.061790 0.749082 0.411206
v -0.061790 0.999082 0.411206
v -0.098401 0.749082 0.374595
v -0.098401 0.999082 0.374595
v -0.150178 0.749082 0.374595
v -0.150178 0.999082 0.374595
v -0.186790 0.749082 0.411206
v -0.186790 0.999082 0.411206
v -0.186790 0.749082 0.462983
v -0.186790 0.999082 0.462983
v -0.150178 0.749082 0.499595
v -0.150178 0.999082 0.499595
v 0.411612 1.875000 0.375000
v 0.411612 1.875000 -0.000000
v 0.375000 1.838388 0.375000
v 0.375000 1.838388 -0.000000
v 0.375000 1.786612 0.375000
v 0.375000 1.786612 -0.000000
v 0.411612 1.750000 0.375000
v 0.411612 1.750000 -0.000000
v 0.463388 1.750000 0.375000
v 0.463388 1.750000 -0.000000
v 0.500000 1.786612 0.375000
v 0.500000 1.786612 -0.000000
v 0.500000 1.838388 0.375000
v 0.500000 1.838388 -0.000000
v 0.463388 1.875000 0.375000
v 0.463388 1.875000 -0.000000
v 1.062500 0.286612 0.500000
v -0.062500 0.286612 0.500000
v 1.062500 0.250000 0.463388
v -0.062500 0.250000 0.463388
v 1.062500 0.250000 0.411612
v -0.062500 0.250000 0.411612
v 1.062500 0.286612 0.375000
v -0.062500 0.286612 0.375000
v 1.062500 0.338388 0.375000
v -0.062500 0.338388 0.375000
v 1.062500 0.375000 0.411612
v -0.062500 0.375000 0.411612
v 1.062500 0.375000 0.463388
v -0.062500 0.375000 0.463388
v 1.062500 0.338388 0.500000
v -0.062500 0.338388 0.500000
v 0.512500 1.843566 -0.000000
v 0.512500 1.843566 0.025000
v 0.468566 1.887500 -0.000000
v 0.468566 1.887500 0.025000
v 0.406434 1.887500 -0.000000
v 0.406434 1.887500 0.025000
v 0.362500 1.843566 -0.000000
v 0.362500 1.843566 0.025000
v 0.362500 1.781434 -0.000000
v 0.362500 1.781434 0.025000
v 0.406434 1.737500 -0.000000
v 0.406434 1.737500 0.025000
v 0.468566 1.737500 -0.000000
v 0.468566 1.737500 0.025000
v 0.512500 1.781434 -0.000000
v 0.512500 1.781434 0.025000
v 0.463388 1.375000 -0.000000
v 0.463388 1.750000 -0.000000
v 0.500000 1.375000 -0.036612
v 0.500000 1.750000 -0.036612
v 0.500000 1.375000 -0.088388
v 0.500000 1.750000 -0.088388
v 0.463388 1.375000 -0.125000
v 0.463388 1.750000 -0.125000
v 0.411612 1.375000 -0.125000
v 0.411612 1.750000 -0.125000
v 0.375000 1.375000 -0.088388
v 0.375000 1.750000 -0.088388
v 0.375000 1.375000 -0.036612
v 0.375000 1.750000 -0.036612
v 0.411612 1.375000 -0.000000
v 0.411612 1.750000 -0.000000
v 1.062500 1.411612 0.500000
v -0.062500 1.411612 0.500000
v 1.062500 1.375000 0.463388
v -0.062500 1.375000 0.463388
v 1.062500 1.375000 0.411612
v -0.062500 1.375000 0.411612
v 1.062500 1.411612 0.375000
v -0.062500 1.411612 0.375000
v 1.062500 1.463388 0.375000
v -0.062500 1.463388 0.375000
v 1.062500 1.500000 0.411612
v -0.062500 1.500000 0.411612
v 1.062500 1.500000 0.463388
v -0.062500 1.500000 0.463388
v 1.062500 1.463388 0.500000
v -0.062500 1.463388 0.500000
v 1.062500 1.036612 0.500000
v -0.062500 1.036612 0.500000
v 1.062500 1.000000 0.463388
v -0.062500 1.000000 0.463388
v 1.062500 1.000000 0.411612
v -0.062500 1.000000 0.411612
v 1.062500 1.036612 0.375000
v -0.062500 1.036612 0.375000
v 1.062500 1.088388 0.375000
v -0.062500 1.088388 0.375000
v 1.062500 1.125000 0.411612
v -0.062500 1.125000 0.411612
v 1.062500 1.125000 0.463388
v -0.062500 1.125000 0.463388
v 1.062500 1.088388 0.500000
v -0.062500 1.088388 0.500000
v 1.062500 0.661612 0.500000
v -0.062500 0.661612 0.500000
v 1.062500 0.625000 0.463388
v -0.062500 0.625000 0.463388
v 1.062500 0.625000 0.411612
v -0.062500 0.625000 0.411612
v 1.062500 0.661612 0.375000
v -0.062500 0.661612 0.375000
v 1.062500 0.713388 0.375000
v -0.062500 0.713388 0.375000
v 1.062500 0.750000 0.411612
v -0.062500 0.750000 0.411612
v 1.062500 0.750000 0.463388
v -0.062500 0.750000 0.463388
v 1.062500 0.713388 0.500000
v -0.062500 0.713388 0.500000
v -0.099112 1.500000 0.500000
v -0.099112 1.750000 0.500000
v -0.062500 1.500000 0.463388
v -0.062500 1.750000 0.463388
v -0.062500 1.500000 0.411612
v -0.062500 1.750000 0.411612
v -0.099112 1.500000 0.375000
v -0.099112 1.750000 0.375000
v -0.150888 1.500000 0.375000
v -0.150888 1.750000 0.375000
v -0.187500 1.500000 0.411612
v -0.187500 1.750000 0.411612
v -0.187500 1.500000 0.463388
v -0.187500 1.750000 0.463388
v -0.150888 1.500000 0.500000
v -0.150888 1.750000 0.500000
v 1.099112 1.125000 0.500000
v 1.099112 1.375000 0.500000
v 1.062500 1.125000 0.463388
v 1.062500 1.375000 0.463388
v 1.062500 1.125000 0.411612
v 1.062500 1.375000 0.411612
v 1.099112 1.125000 0.375000
v 1.099112 1.375000 0.375000
v 1.150888 1.125000 0.375000
v 1.150888 1.375000 0.375000
v 1.187500 1.125000 0.411612
v 1.187500 1.375000 0.411612
v 1.187500 1.125000 0.463388
v 1.187500 1.375000 0.463388
v 1.150888 1.125000 0.500000
v 1.150888 1.375000 0.500000
v 0.375000 1.786612 0.500000
v -0.062500 1.786612 0.500000
v 0.375000 1.750000 0.463388
v -0.062500 1.750000 0.463388
v 0.375000 1.750000 0.411612
v -0.062500 1.750000 0.411612
v 0.375000 1.786612 0.375000
v -0.062500 1.786612 0.375000
v 0.375000 1.838388 0.375000
v -0.062500 1.838388 0.375000
v 0.375000 1.875000 0.411611
v -0.062500 1.875000 0.411611
v 0.375000 1.875000 0.463388
v -0.062500 1.875000 0.463388
v 0.375000 1.838388 0.500000
v -0.062500 1.838388 0.500000
v 1.099112 0.375000 0.500000
v 1.099112 0.625000 0.500000
v 1.062500 0.375000 0.463388
v 1.062500 0.625000 0.463388
v 1.062500 0.375000 0.411612
v 1.062500 0.625000 0.411612
v 1.099112 0.375000 0.375000
v 1.099112 0.625000 0.375000
v 1.150888 0.375000 0.375000
v 1.150888 0.625000 0.375000
v 1.187500 0.375000 0.411612
v 1.187500 0.625000 0.411612
v 1.187500 0.375000 0.463388
v 1.187500 0.625000 0.463388
v 1.150888 0.375000 0.500000
v 1.150888 0.625000 0.500000
v 0.375114 1.750038 -0.036494
v 0.411726 1.750038 0.000118
v 0.463502 1.750038 0.000118
v 0.500114 1.750038 -0.036494
v 0.500114 1.750038 -0.088270
v 0.463502 1.750038 -0.124882
v 0.411726 1.750038 -0.124882
v 0.375114 1.750038 -0.088270
v 0.411726 1.750000 0.000099
v 0.375114 1.786612 0.000099
v 0.463502 1.750000 0.000099
v 0.500114 1.786612 0.000099
v 0.500114 1.838388 0.000099
v 0.463502 1.875000 0.000099
v 0.411726 1.875000 0.000099
v 0.375114 1.838388 0.000099
v 0.375114 1.833014 -0.026950
v 0.375114 1.819509 -0.050408
v 0.375114 1.800546 -0.069379
v 0.375114 1.777090 -0.082892
v 0.411726 1.790167 -0.117088
v 0.411726 1.822888 -0.098383
v 0.411726 1.848521 -0.072741
v 0.411726 1.867213 -0.040020
v 0.463502 1.790167 -0.117088
v 0.463502 1.822888 -0.098383
v 0.463502 1.848521 -0.072741
v 0.463502 1.867213 -0.040020
v 0.500114 1.777090 -0.082892
v 0.500114 1.800545 -0.069379
v 0.500114 1.819509 -0.050408
v 0.500114 1.833014 -0.026950
v 0.500114 1.758595 -0.034530
v 0.500114 1.768948 -0.028361
v 0.500114 1.778481 -0.018825
v 0.500114 1.784649 -0.008466
v 0.463502 1.745518 -0.000334
v 0.463502 1.746606 0.000643
v 0.463502 1.749469 0.003508
v 0.463502 1.750449 0.004604
v 0.411726 1.745519 -0.000334
v 0.411726 1.746606 0.000643
v 0.411726 1.749470 0.003508
v 0.411726 1.750450 0.004604
v 0.375114 1.758595 -0.034530
v 0.375114 1.768948 -0.028361
v 0.375114 1.778481 -0.018825
v 0.375114 1.784649 -0.008466
v -0.098828 1.749911 0.500771
v -0.062217 1.749911 0.464159
v -0.062217 1.749911 0.412383
v -0.098828 1.749911 0.375771
v -0.150605 1.749911 0.375771
v -0.187217 1.749911 0.412383
v -0.187217 1.749911 0.464159
v -0.150605 1.749911 0.500771
v -0.062236 1.749873 0.464159
v -0.062236 1.786484 0.500771
v -0.062236 1.749873 0.412383
v -0.062236 1.786484 0.375771
v -0.062236 1.838261 0.375771
v -0.062236 1.874873 0.412383
v -0.062236 1.874873 0.464159
v -0.062236 1.838261 0.500771
v -0.089284 1.832886 0.500771
v -0.112743 1.819382 0.500771
v -0.131713 1.800418 0.500771
v -0.145226 1.776962 0.500771
v -0.179423 1.790039 0.464159
v -0.160717 1.822760 0.464159
v -0.135075 1.848393 0.464159
v -0.102354 1.867086 0.464159
v -0.179423 1.790039 0.412383
v -0.160717 1.822760 0.412383
v -0.135076 1.848393 0.412383
v -0.102354 1.867086 0.412383
v -0.145226 1.776963 0.375771
v -0.131714 1.800418 0.375771
v -0.112743 1.819382 0.375771
v -0.089284 1.832886 0.375771
v -0.096865 1.758468 0.375771
v -0.090696 1.768821 0.375771
v -0.081159 1.778353 0.375771
v -0.070800 1.784521 0.375771
v -0.062669 1.745391 0.412383
v -0.061692 1.746478 0.412383
v -0.058827 1.749342 0.412383
v -0.057730 1.750322 0.412383
v -0.062669 1.745391 0.464159
v -0.061692 1.746478 0.464159
v -0.058827 1.749342 0.464159
v -0.057730 1.750322 0.464159
v -0.096865 1.758468 0.500771
v -0.090696 1.768821 0.500771
v -0.081159 1.778354 0.500771
v -0.070800 1.784521 0.500771
v -0.099081 1.000096 0.499971
v -0.062469 1.000096 0.463359
v -0.062469 1.000096 0.411582
v -0.099081 1.000096 0.374971
v -0.150857 1.000096 0.374971
v -0.187469 1.000096 0.411582
v -0.187469 1.000096 0.463359
v -0.150857 1.000096 0.499971
v -0.062488 1.000058 0.463359
v -0.062488 1.036669 0.499971
v -0.062488 1.000058 0.411582
v -0.062488 1.036669 0.374971
v -0.062488 1.088446 0.374971
v -0.062488 1.125058 0.411582
v -0.062488 1.125058 0.463359
v -0.062488 1.088446 0.499971
v -0.089537 1.083071 0.499971
v -0.112995 1.069567 0.499971
v -0.131966 1.050604 0.499971
v -0.145478 1.027147 0.499971
v -0.179675 1.040225 0.463359
v -0.160970 1.072946 0.463359
v -0.135328 1.098579 0.463359
v -0.102607 1.117271 0.463359
v -0.179675 1.040225 0.411582
v -0.160970 1.072946 0.411582
v -0.135328 1.098579 0.411582
v -0.102607 1.117271 0.411582
v -0.145478 1.027148 0.374971
v -0.131966 1.050603 0.374971
v -0.112995 1.069567 0.374971
v -0.089537 1.083071 0.374971
v -0.097117 1.008653 0.374971
v -0.090948 1.019006 0.374971
v -0.081412 1.028538 0.374971
v -0.071053 1.034707 0.374971
v -0.062921 0.995576 0.411582
v -0.061944 0.996664 0.411582
v -0.059079 0.999527 0.411582
v -0.057983 1.000507 0.411582
v -0.062921 0.995577 0.463359
v -0.061944 0.996664 0.463359
v -0.059079 0.999528 0.463359
v -0.057983 1.000507 0.463359
v -0.097117 1.008653 0.499971
v -0.090948 1.019006 0.499971
v -0.081412 1.028539 0.499971
v -0.071053 1.034707 0.499971
v -0.062579 1.463406 0.500210
v -0.062579 1.500018 0.463599
v -0.062579 1.500018 0.411822
v -0.062579 1.463406 0.375210
v -0.062579 1.411629 0.375210
v -0.062579 1.375018 0.411822
v -0.062579 1.375018 0.463599
v -0.062579 1.411629 0.500210
v -0.062541 1.499998 0.463599
v -0.099153 1.499998 0.500210
v -0.062541 1.499998 0.411822
v -0.099153 1.499998 0.375210
v -0.150930 1.499998 0.375210
v -0.187541 1.499998 0.411822
v -0.187541 1.499998 0.463599
v -0.150930 1.499998 0.500210
v -0.145555 1.472950 0.500210
v -0.132050 1.449492 0.500210
v -0.113087 1.430521 0.500210
v -0.089631 1.417008 0.500210
v -0.102708 1.382812 0.463599
v -0.135429 1.401517 0.463599
v -0.161062 1.427159 0.463599
v -0.179754 1.459880 0.463599
v -0.102708 1.382812 0.411822
v -0.135429 1.401517 0.411822
v -0.161062 1.427159 0.411822
v -0.179754 1.459880 0.411822
v -0.089631 1.417008 0.375210
v -0.113086 1.430521 0.375210
v -0.132050 1.449492 0.375210
v -0.145555 1.472950 0.375210
v -0.071137 1.465369 0.375210
v -0.081489 1.471539 0.375210
v -0.091022 1.481075 0.375210
v -0.097190 1.491434 0.375210
v -0.058059 1.499566 0.411822
v -0.059147 1.500542 0.411822
v -0.062011 1.503408 0.411822
v -0.062990 1.504504 0.411822
v -0.058060 1.499566 0.463599
v -0.059147 1.500542 0.463599
v -0.062011 1.503408 0.463599
v -0.062991 1.504504 0.463599
v -0.071137 1.465369 0.500210
v -0.081489 1.471539 0.500210
v -0.091022 1.481075 0.500210
v -0.097190 1.491434 0.500210
v -0.099167 0.749982 0.374863
v -0.062556 0.749982 0.411475
v -0.062556 0.749982 0.463252
v -0.099167 0.749982 0.499863
v -0.150944 0.749982 0.499863
v -0.187556 0.749982 0.463252
v -0.187556 0.749982 0.411475
v -0.150944 0.749982 0.374863
v -0.062575 0.750020 0.411475
v -0.062575 0.713408 0.374863
v -0.062575 0.750020 0.463252
v -0.062575 0.713408 0.499863
v -0.062575 0.661631 0.499863
v -0.062575 0.625020 0.463252
v -0.062575 0.625020 0.411475
v -0.062575 0.661631 0.374863
v -0.089623 0.667006 0.374863
v -0.113082 0.680511 0.374863
v -0.132052 0.699474 0.374863
v -0.145565 0.722930 0.374863
v -0.179762 0.709853 0.411475
v -0.161056 0.677132 0.411475
v -0.135414 0.651499 0.411475
v -0.102693 0.632806 0.411475
v -0.179762 0.709853 0.463252
v -0.161056 0.677132 0.463252
v -0.135414 0.651499 0.463252
v -0.102693 0.632806 0.463252
v -0.145565 0.722930 0.499863
v -0.132052 0.699474 0.499863
v -0.113082 0.680511 0.499863
v -0.089623 0.667006 0.499863
v -0.097204 0.741424 0.499863
v -0.091035 0.731072 0.499863
v -0.081498 0.721539 0.499863
v -0.071139 0.715371 0.499863
v -0.063008 0.754501 0.463252
v -0.062031 0.753414 0.463252
v -0.059166 0.750550 0.463252
v -0.058069 0.749570 0.463252
v -0.063008 0.754501 0.411475
v -0.062031 0.753414 0.411475
v -0.059166 0.750550 0.411475
v -0.058069 0.749570 0.411475
v -0.097204 0.741424 0.374863
v -0.091035 0.731072 0.374863
v -0.081498 0.721539 0.374863
v -0.071139 0.715371 0.374863
v 1.099025 1.375075 0.374959
v 1.062413 1.375075 0.411571
v 1.062413 1.375075 0.463348
v 1.099025 1.375075 0.499959
v 1.150802 1.375075 0.499959
v 1.187413 1.375075 0.463348
v 1.187413 1.375075 0.411571
v 1.150802 1.375075 0.374959
v 1.062433 1.375037 0.411571
v 1.062433 1.411649 0.374959
v 1.062433 1.375037 0.463348
v 1.062433 1.411649 0.499959
v 1.062433 1.463426 0.499959
v 1.062433 1.500037 0.463348
v 1.062433 1.500037 0.411571
v 1.062433 1.463426 0.374959
v 1.089481 1.458051 0.374959
v 1.112940 1.444546 0.374959
v 1.131910 1.425583 0.374959
v 1.145423 1.402127 0.374959
v 1.179619 1.415204 0.411571
v 1.160914 1.447925 0.411571
v 1.135272 1.473558 0.411571
v 1.102551 1.492251 0.411571
v 1.179619 1.415204 0.463348
v 1.160914 1.447925 0.463348
v 1.135272 1.473558 0.463348
v 1.102551 1.492251 0.463348
v 1.145423 1.402127 0.499959
v 1.131910 1.425583 0.499959
v 1.112940 1.444546 0.499959
v 1.089481 1.458051 0.499959
v 1.097062 1.383633 0.499959
v 1.090893 1.393985 0.499959
v 1.081356 1.403518 0.499959
v 1.070997 1.409686 0.499959
v 1.062865 1.370556 0.463348
v 1.061889 1.371643 0.463348
v 1.059023 1.374507 0.463348
v 1.057927 1.375486 0.463348
v 1.062865 1.370556 0.411571
v 1.061889 1.371643 0.411571
v 1.059023 1.374507 0.411571
v 1.057927 1.375487 0.411571
v 1.097062 1.383633 0.374959
v 1.090893 1.393985 0.374959
v 1.081356 1.403518 0.374959
v 1.070997 1.409686 0.374959
v 1.099081 1.124915 0.499849
v 1.062469 1.124915 0.463237
v 1.062469 1.124915 0.411461
v 1.099081 1.124915 0.374849
v 1.150857 1.124915 0.374849
v 1.187469 1.124915 0.411460
v 1.187469 1.124915 0.463237
v 1.150857 1.124915 0.499849
v 1.062488 1.124953 0.463237
v 1.062488 1.088342 0.499849
v 1.062488 1.124953 0.411461
v 1.062488 1.088342 0.374849
v 1.062488 1.036565 0.374849
v 1.062488 0.999953 0.411460
v 1.062488 0.999953 0.463237
v 1.062488 1.036565 0.499849
v 1.089537 1.041940 0.499849
v 1.112995 1.055444 0.499849
v 1.131966 1.074408 0.499849
v 1.145478 1.097864 0.499849
v 1.179675 1.084787 0.463237
v 1.160970 1.052065 0.463237
v 1.135328 1.026433 0.463237
v 1.102607 1.007740 0.463237
v 1.179675 1.084787 0.411460
v 1.160970 1.052065 0.411460
v 1.135328 1.026433 0.411460
v 1.102607 1.007740 0.411460
v 1.145478 1.097863 0.374849
v 1.131966 1.074408 0.374849
v 1.112995 1.055444 0.374849
v 1.089537 1.041940 0.374849
v 1.097117 1.116358 0.374849
v 1.090948 1.106005 0.374849
v 1.081412 1.096473 0.374849
v 1.071053 1.090304 0.374849
v 1.062921 1.129435 0.411461
v 1.061944 1.128348 0.411461
v 1.059079 1.125484 0.411461
v 1.057983 1.124504 0.411461
v 1.062921 1.129435 0.463237
v 1.061944 1.128348 0.463237
v 1.059079 1.125484 0.463237
v 1.057983 1.124504 0.463237
v 1.097117 1.116358 0.499849
v 1.090948 1.106005 0.499849
v 1.081412 1.096472 0.499849
v 1.071053 1.090304 0.499849
v 1.098574 0.625047 0.375122
v 1.061962 0.625047 0.411733
v 1.061962 0.625047 0.463510
v 1.098574 0.625047 0.500122
v 1.150351 0.625047 0.500122
v 1.186962 0.625047 0.463510
v 1.186962 0.625047 0.411733
v 1.150351 0.625047 0.375122
v 1.061982 0.625008 0.411733
v 1.061982 0.661620 0.375122
v 1.061982 0.625008 0.463510
v 1.061982 0.661620 0.500122
v 1.061982 0.713397 0.500122
v 1.061982 0.750008 0.463510
v 1.061982 0.750008 0.411733
v 1.061982 0.713397 0.375122
v 1.089030 0.708022 0.375122
v 1.112489 0.694517 0.375122
v 1.131459 0.675554 0.375122
v 1.144972 0.652098 0.375122
v 1.179168 0.665175 0.411733
v 1.160463 0.697896 0.411733
v 1.134821 0.723529 0.411733
v 1.102100 0.742222 0.411733
v 1.179168 0.665175 0.463510
v 1.160463 0.697896 0.463510
v 1.134821 0.723529 0.463510
v 1.102100 0.742222 0.463510
v 1.144972 0.652099 0.500122
v 1.131459 0.675554 0.500122
v 1.112489 0.694517 0.500122
v 1.089030 0.708022 0.500122
v 1.096611 0.633604 0.500122
v 1.090442 0.643957 0.500122
v 1.080905 0.653489 0.500122
v 1.070546 0.659657 0.500122
v 1.062415 0.620527 0.463510
v 1.061438 0.621614 0.463510
v 1.058573 0.624478 0.463510
v 1.057476 0.625458 0.463510
v 1.062415 0.620527 0.411733
v 1.061438 0.621614 0.411733
v 1.058573 0.624478 0.411733
v 1.057476 0.625458 0.411733
v 1.096611 0.633604 0.375122
v 1.090442 0.643957 0.375122
v 1.080905 0.653489 0.375122
v 1.070546 0.659657 0.375122
v 1.099243 0.375119 0.500000
v 1.062632 0.375119 0.463388
v 1.062632 0.375119 0.411612
v 1.099243 0.375119 0.375000
v 1.151020 0.375119 0.375000
v 1.187632 0.375119 0.411612
v 1.187632 0.375119 0.463388
v 1.151020 0.375119 0.500000
v 1.062651 0.375157 0.463388
v 1.062651 0.338546 0.500000
v 1.062651 0.375157 0.411612
v 1.062651 0.338546 0.375000
v 1.062651 0.286769 0.375000
v 1.062651 0.250157 0.411612
v 1.062651 0.250157 0.463388
v 1.062651 0.286769 0.500000
v 1.089699 0.292144 0.500000
v 1.113158 0.305648 0.500000
v 1.132128 0.324612 0.500000
v 1.145641 0.348068 0.500000
v 1.179838 0.334990 0.463388
v 1.161132 0.302269 0.463388
v 1.135491 0.276637 0.463388
v 1.102769 0.257944 0.463388
v 1.179838 0.334990 0.411612
v 1.161132 0.302269 0.411612
v 1.135491 0.276637 0.411612
v 1.102769 0.257944 0.411612
v 1.145641 0.348067 0.375000
v 1.132128 0.324612 0.375000
v 1.113158 0.305648 0.375000
v 1.089699 0.292144 0.375000
v 1.097280 0.366562 0.375000
v 1.091111 0.356209 0.375000
v 1.081574 0.346677 0.375000
v 1.071216 0.340508 0.375000
v 1.063084 0.379639 0.411612
v 1.062107 0.378551 0.411612
v 1.059242 0.375688 0.411612
v 1.058146 0.374708 0.411612
v 1.063084 0.379639 0.463388
v 1.062107 0.378551 0.463388
v 1.059242 0.375688 0.463388
v 1.058146 0.374708 0.463388
v 1.097280 0.366562 0.500000
v 1.091111 0.356209 0.500000
v 1.081574 0.346676 0.500000
v 1.071216 0.340508 0.500000
v -0.099161 0.249926 0.375011
v -0.062550 0.286538 0.375011
v -0.062550 0.338315 0.375011
v -0.099161 0.374926 0.375011
v -0.150938 0.374926 0.375011
v -0.187550 0.338315 0.375011
v -0.187550 0.286538 0.375011
v -0.150938 0.249926 0.375011
v -0.062569 0.286538 0.374973
v -0.062569 0.249926 0.411584
v -0.062569 0.338315 0.374973
v -0.062569 0.374926 0.411584
v -0.062569 0.374926 0.463361
v -0.062569 0.338315 0.499973
v -0.062569 0.286538 0.499973
v -0.062569 0.249926 0.463361
v -0.089617 0.249926 0.457986
v -0.113076 0.249926 0.444482
v -0.132047 0.249926 0.425518
v -0.145559 0.249926 0.402062
v -0.179756 0.286538 0.415139
v -0.161051 0.286538 0.447861
v -0.135409 0.286538 0.473493
v -0.102688 0.286538 0.492186
v -0.179756 0.338315 0.415139
v -0.161051 0.338315 0.447861
v -0.135409 0.338315 0.473493
v -0.102688 0.338315 0.492186
v -0.145559 0.374926 0.402063
v -0.132047 0.374926 0.425518
v -0.113076 0.374926 0.444482
v -0.089617 0.374926 0.457986
v -0.097198 0.374926 0.383568
v -0.091029 0.374926 0.393921
v -0.081493 0.374926 0.403453
v -0.071134 0.374926 0.409621
v -0.063002 0.338315 0.370491
v -0.062025 0.338315 0.371578
v -0.059160 0.338315 0.374442
v -0.058064 0.338315 0.375422
v -0.063002 0.286538 0.370491
v -0.062025 0.286538 0.371578
v -0.059160 0.286538 0.374442
v -0.058064 0.286538 0.375422
v -0.097198 0.249926 0.383568
v -0.091029 0.249926 0.393921
v -0.081493 0.249926 0.403454
v -0.071134 0.249926 0.409621
v 0.375057 1.749972 0.411636
v 0.375057 1.786584 0.375024
v 0.375057 1.838360 0.375024
v 0.375057 1.874972 0.411636
v 0.375057 1.874972 0.463413
v 0.375057 1.838360 0.500024
v 0.375057 1.786584 0.500024
v 0.375057 1.749972 0.463413
v 0.375019 1.786584 0.375044
v 0.411631 1.749972 0.375044
v 0.375019 1.838360 0.375044
v 0.411631 1.874972 0.375044
v 0.463408 1.874972 0.375044
v 0.500019 1.838360 0.375044
v 0.500019 1.786584 0.375044
v 0.463408 1.749972 0.375044
v 0.458033 1.749972 0.402092
v 0.444528 1.749972 0.425551
v 0.425565 1.749972 0.444521
v 0.402109 1.749972 0.458034
v 0.415186 1.786584 0.492230
v 0.447907 1.786584 0.473525
v 0.473540 1.786584 0.447883
v 0.492233 1.786584 0.415162
v 0.415186 1.838360 0.492230
v 0.447907 1.838360 0.473525
v 0.473540 1.838360 0.447883
v 0.492233 1.838360 0.415162
v 0.402109 1.874972 0.458034
v 0.425564 1.874972 0.444521
v 0.444528 1.874972 0.425551
v 0.458033 1.874972 0.402092
v 0.383615 1.874972 0.409673
v 0.393967 1.874972 0.403504
v 0.403500 1.874972 0.393967
v 0.409668 1.874972 0.383608
v 0.370538 1.838360 0.375476
v 0.371625 1.838360 0.374500
v 0.374489 1.838360 0.371634
v 0.375468 1.838360 0.370538
v 0.370538 1.786584 0.375476
v 0.371625 1.786584 0.374500
v 0.374489 1.786584 0.371634
v 0.375469 1.786584 0.370538
v 0.383615 1.749972 0.409673
v 0.393967 1.749972 0.403504
v 0.403500 1.749972 0.393967
v 0.409668 1.749972 0.383608
vt 0.728608 0.980838
vt 0.728420 0.989401
vt 0.723549 0.989401
vt 0.723737 0.980838
vt 0.213855 0.826092
vt 0.213855 0.838201
vt 0.210536 0.838201
vt 0.210536 0.826092
vt 0.059691 0.960393
vt 0.059503 0.951830
vt 0.064374 0.951830
vt 0.064562 0.960393
vt 0.059503 0.939721
vt 0.064374 0.939721
vt 0.059691 0.931159
vt 0.064562 0.931159
vt 0.210536 0.850310
vt 0.210536 0.838201
vt 0.213851 0.838201
vt 0.213851 0.850310
vt 0.728420 0.960167
vt 0.728608 0.968730
vt 0.723737 0.968730
vt 0.723549 0.960167
vt 0.517846 0.960146
vt 0.511551 0.951584
vt 0.511551 0.939475
vt 0.517846 0.930913
vt 0.526749 0.930914
vt 0.533044 0.939476
vt 0.533044 0.951585
vt 0.526749 0.960147
vt 0.049077 0.960393
vt 0.040185 0.960393
vt 0.033898 0.951831
vt 0.033898 0.939722
vt 0.040185 0.931160
vt 0.049077 0.931159
vt 0.055364 0.939721
vt 0.055364 0.951830
vt 0.155712 0.877002
vt 0.163002 0.877002
vt 0.163002 0.925724
vt 0.155712 0.925724
vt 0.173091 0.877002
vt 0.173091 0.925724
vt 0.180067 0.877002
vt 0.180067 0.925724
vt 0.890926 0.484399
vt 0.901017 0.484400
vt 0.901017 0.520176
vt 0.890926 0.520176
vt 0.107002 0.877002
vt 0.113978 0.877001
vt 0.113978 0.925724
vt 0.107002 0.925724
vt 0.124067 0.877001
vt 0.124067 0.925724
vt 0.979030 0.304153
vt 0.979030 0.294062
vt 0.983885 0.286926
vt 0.990750 0.286926
vt 0.995604 0.294062
vt 0.995604 0.304153
vt 0.990750 0.311288
vt 0.983885 0.311288
vt 0.131357 0.877002
vt 0.131357 0.925724
vt 0.634608 0.975232
vt 0.639469 0.968096
vt 0.646343 0.968097
vt 0.651203 0.975232
vt 0.651203 0.985322
vt 0.646343 0.992458
vt 0.639469 0.992458
vt 0.634608 0.985322
vt 0.623968 0.850577
vt 0.634059 0.850576
vt 0.634059 0.886399
vt 0.623969 0.886400
vt 0.582284 0.925863
vt 0.582284 0.852797
vt 0.589420 0.852640
vt 0.589420 0.925706
vt 0.572194 0.925863
vt 0.572194 0.852797
vt 0.565058 0.925706
vt 0.565058 0.852640
vt 0.623665 0.811245
vt 0.623665 0.761521
vt 0.633756 0.761521
vt 0.633756 0.811245
vt 0.778418 0.926915
vt 0.778418 0.853849
vt 0.785553 0.853692
vt 0.785553 0.926758
vt 0.768328 0.926915
vt 0.768328 0.853849
vt 0.761192 0.926758
vt 0.761192 0.853692
vt 0.973958 0.898140
vt 0.979204 0.891005
vt 0.986623 0.891005
vt 0.991869 0.898141
vt 0.991869 0.908231
vt 0.986623 0.915367
vt 0.979204 0.915366
vt 0.973958 0.908231
vt 0.095226 0.805505
vt 0.095226 0.755720
vt 0.105316 0.755720
vt 0.105316 0.805505
vt 0.991846 0.922502
vt 0.991846 0.932592
vt 0.986606 0.939728
vt 0.979197 0.939728
vt 0.973958 0.932593
vt 0.973958 0.922502
vt 0.979197 0.915367
vt 0.986606 0.915367
vt 0.379359 0.974684
vt 0.379359 0.755434
vt 0.389442 0.755434
vt 0.389442 0.974684
vt 0.372493 0.974684
vt 0.372493 0.755434
vt 0.241579 0.755434
vt 0.241579 0.974685
vt 0.231496 0.974685
vt 0.231496 0.755434
vt 0.248988 0.755434
vt 0.248988 0.974684
vt 0.308597 0.974684
vt 0.308597 0.755434
vt 0.318681 0.755434
vt 0.318681 0.974684
vt 0.301723 0.974684
vt 0.301723 0.755434
vt 0.960198 -0.000000
vt 0.960198 0.219250
vt 0.950115 0.219250
vt 0.950115 0.000000
vt 0.966834 0.673422
vt 0.966834 0.683512
vt 0.959701 0.690647
vt 0.949613 0.690647
vt 0.942479 0.683512
vt 0.942479 0.673422
vt 0.949612 0.666286
vt 0.959701 0.666286
vt 0.967617 0.000000
vt 0.967617 0.219251
vt 0.865871 0.950963
vt 0.873004 0.943828
vt 0.883093 0.943828
vt 0.890226 0.950963
vt 0.890226 0.961054
vt 0.883093 0.968189
vt 0.873004 0.968189
vt 0.865871 0.961054
vt 0.158907 0.976482
vt 0.158719 0.985044
vt 0.153848 0.985044
vt 0.154036 0.976482
vt 0.213855 0.813983
vt 0.213855 0.826092
vt 0.210536 0.826092
vt 0.210536 0.813983
vt 0.860393 0.960955
vt 0.860205 0.952393
vt 0.865076 0.952393
vt 0.865264 0.960955
vt 0.860205 0.940284
vt 0.865076 0.940284
vt 0.860393 0.931722
vt 0.865264 0.931722
vt 0.210536 0.862419
vt 0.213851 0.850310
vt 0.213851 0.862419
vt 0.158719 0.955811
vt 0.158907 0.964373
vt 0.154036 0.964373
vt 0.153848 0.955811
vt 0.767488 0.956148
vt 0.761192 0.947586
vt 0.761192 0.935477
vt 0.767488 0.926915
vt 0.776391 0.926915
vt 0.782686 0.935478
vt 0.782686 0.947587
vt 0.776391 0.956149
vt 0.079740 0.960393
vt 0.070849 0.960393
vt 0.064562 0.951831
vt 0.064562 0.939722
vt 0.070849 0.931160
vt 0.079740 0.931159
vt 0.086028 0.939721
vt 0.086028 0.951830
vt 0.834264 0.926776
vt 0.826974 0.926776
vt 0.826974 0.853692
vt 0.834264 0.853692
vt 0.816886 0.926776
vt 0.816886 0.853692
vt 0.809909 0.926776
vt 0.809909 0.853692
vt 0.741610 0.365663
vt 0.751700 0.365664
vt 0.751700 0.419328
vt 0.741610 0.419328
vt 0.785553 0.853692
vt 0.792530 0.853692
vt 0.792530 0.926776
vt 0.785553 0.926776
vt 0.802618 0.853692
vt 0.802618 0.926776
vt 0.623665 0.707787
vt 0.633756 0.707786
vt 0.633756 0.761521
vt 0.623665 0.761521
vt 0.658963 0.975232
vt 0.663824 0.968096
vt 0.670698 0.968096
vt 0.675559 0.975232
vt 0.675559 0.985322
vt 0.670698 0.992458
vt 0.663824 0.992458
vt 0.658963 0.985322
vt 0.023814 0.974970
vt 0.023814 0.755720
vt 0.033898 0.755720
vt 0.033898 0.974970
vt 0.016949 0.974970
vt 0.016949 0.755720
vt 0.259071 0.755434
vt 0.259071 0.974685
vt 0.248988 0.974685
vt 0.248988 0.755434
vt 0.266481 0.755434
vt 0.266481 0.974684
vt 0.290847 0.974684
vt 0.290847 0.755434
vt 0.300931 0.755434
vt 0.300931 0.974684
vt 0.283973 0.974684
vt 0.283973 0.755434
vt 0.949037 0.731921
vt 0.949037 0.951172
vt 0.938954 0.951172
vt 0.938954 0.731921
vt 0.968682 0.616165
vt 0.968682 0.626255
vt 0.961549 0.633390
vt 0.951460 0.633390
vt 0.944327 0.626255
vt 0.944327 0.616165
vt 0.951460 0.609029
vt 0.961549 0.609029
vt 0.956456 0.731922
vt 0.956456 0.951172
vt 0.942479 0.697783
vt 0.949612 0.690647
vt 0.959701 0.690647
vt 0.966834 0.697783
vt 0.966834 0.707873
vt 0.959701 0.715009
vt 0.949612 0.715009
vt 0.942479 0.707873
vt 0.006865 0.974970
vt 0.006865 0.755720
vt 0.016949 0.755720
vt 0.016949 0.974970
vt -0.000000 0.974970
vt -0.000000 0.755720
vt 0.276564 0.755434
vt 0.276564 0.974685
vt 0.266481 0.974685
vt 0.266481 0.755434
vt 0.283973 0.755434
vt 0.283973 0.974684
vt 0.325555 0.974684
vt 0.325555 0.755434
vt 0.335639 0.755434
vt 0.335639 0.974684
vt 0.318681 0.974684
vt 0.966538 0.731921
vt 0.966538 0.951172
vt 0.956456 0.951172
vt 0.956456 0.731921
vt 0.180085 0.967311
vt 0.180085 0.957220
vt 0.187219 0.950085
vt 0.197307 0.950085
vt 0.204440 0.957220
vt 0.204440 0.967311
vt 0.197307 0.974446
vt 0.187219 0.974446
vt 0.973957 0.731922
vt 0.973957 0.951172
vt 0.785553 0.959107
vt 0.792687 0.951972
vt 0.802775 0.951972
vt 0.809909 0.959107
vt 0.809909 0.969198
vt 0.802775 0.976333
vt 0.792687 0.976333
vt 0.785553 0.969198
vt 0.359462 0.974684
vt 0.359462 0.755434
vt 0.369546 0.755434
vt 0.369546 0.974684
vt 0.352597 0.974684
vt 0.352597 0.755434
vt 0.224086 0.755434
vt 0.224086 0.974685
vt 0.214003 0.974685
vt 0.214003 0.755434
vt 0.231496 0.755434
vt 0.231496 0.974684
vt 0.342513 0.974684
vt 0.342513 0.755434
vt 0.352597 0.755434
vt 0.352597 0.974684
vt 0.335639 0.974684
vt 0.335639 0.755434
vt 0.729424 0.941126
vt 0.736557 0.933991
vt 0.746645 0.933991
vt 0.753779 0.941126
vt 0.753779 0.951216
vt 0.746645 0.958352
vt 0.736557 0.958352
vt 0.729424 0.951216
vt 0.954409 0.389778
vt 0.954409 0.609029
vt 0.944327 0.609029
vt 0.944327 0.389778
vt 0.950115 0.236477
vt 0.950115 0.226386
vt 0.957249 0.219251
vt 0.967337 0.219251
vt 0.974470 0.226386
vt 0.974470 0.236477
vt 0.967337 0.243612
vt 0.957249 0.243612
vt 0.961828 0.389779
vt 0.961828 0.609029
vt 0.438489 0.877240
vt 0.445779 0.877240
vt 0.445779 0.925962
vt 0.438489 0.925962
vt 0.455868 0.877240
vt 0.455868 0.925962
vt 0.462844 0.877240
vt 0.462844 0.925962
vt 0.890926 0.520176
vt 0.901016 0.520177
vt 0.901016 0.555953
vt 0.890926 0.555952
vt 0.703509 0.858471
vt 0.710486 0.858471
vt 0.710486 0.907193
vt 0.703509 0.907193
vt 0.720574 0.858471
vt 0.720574 0.907193
vt 0.727865 0.858471
vt 0.727865 0.907193
vt 0.995079 0.346767
vt 0.995079 0.356858
vt 0.990224 0.363993
vt 0.983359 0.363993
vt 0.978504 0.356858
vt 0.978504 0.346767
vt 0.983359 0.339632
vt 0.990224 0.339632
vt 0.890926 0.341057
vt 0.901016 0.341056
vt 0.901016 0.376879
vt 0.890926 0.376880
vt 0.744929 0.907193
vt 0.744929 0.858471
vt 0.752220 0.858471
vt 0.752220 0.907193
vt 0.734841 0.907193
vt 0.734841 0.858471
vt 0.727865 0.907193
vt 0.727865 0.858471
vt 0.890926 0.627506
vt 0.890926 0.591729
vt 0.901016 0.591730
vt 0.901016 0.627506
vt 0.396755 0.877240
vt 0.396755 0.925962
vt 0.389779 0.925962
vt 0.389779 0.877240
vt 0.406844 0.877240
vt 0.406844 0.925962
vt 0.414134 0.877240
vt 0.414134 0.925962
vt 0.865871 0.985415
vt 0.865871 0.975324
vt 0.870732 0.968189
vt 0.877605 0.968189
vt 0.882466 0.975324
vt 0.882466 0.985415
vt 0.877605 0.992550
vt 0.870732 0.992550
vt 0.890926 0.412703
vt 0.890926 0.376880
vt 0.901016 0.376880
vt 0.901016 0.412703
vt 0.995610 0.275392
vt 0.990755 0.282528
vt 0.983890 0.282528
vt 0.979035 0.275392
vt 0.979035 0.265302
vt 0.983890 0.258166
vt 0.990755 0.258166
vt 0.995610 0.265302
vt 0.693425 0.943735
vt 0.693425 0.858471
vt 0.703509 0.858471
vt 0.703509 0.943735
vt 0.686560 0.943735
vt 0.686560 0.858471
vt 0.662193 0.858471
vt 0.662193 0.943735
vt 0.652110 0.943735
vt 0.652110 0.858471
vt 0.669602 0.858471
vt 0.669602 0.943735
vt 0.676476 0.943735
vt 0.676476 0.858471
vt 0.686560 0.943735
vt 0.669602 0.943735
vt 0.669602 0.858471
vt 0.644691 0.858471
vt 0.644691 0.943735
vt 0.634608 0.943735
vt 0.634608 0.858471
vt 0.951135 0.382643
vt 0.951135 0.372553
vt 0.958268 0.365417
vt 0.968357 0.365417
vt 0.975490 0.372553
vt 0.975490 0.382643
vt 0.968357 0.389778
vt 0.958268 0.389778
vt 0.652110 0.858471
vt 0.652110 0.943735
vt 0.599304 0.950849
vt 0.606437 0.943714
vt 0.616525 0.943714
vt 0.623659 0.950849
vt 0.623659 0.960940
vt 0.616526 0.968075
vt 0.606437 0.968075
vt 0.599304 0.960940
vt 0.148422 0.925724
vt 0.148422 0.877002
vt 0.155712 0.877002
vt 0.155712 0.925724
vt 0.138334 0.925724
vt 0.138334 0.877002
vt 0.131357 0.925724
vt 0.131357 0.877002
vt 0.890926 0.591729
vt 0.890926 0.555953
vt 0.901016 0.555953
vt 0.901016 0.591729
vt 0.431512 0.925962
vt 0.431512 0.877240
vt 0.438489 0.877240
vt 0.438489 0.925962
vt 0.421424 0.925962
vt 0.421424 0.877240
vt 0.995079 0.332497
vt 0.990224 0.339632
vt 0.983359 0.339632
vt 0.978504 0.332497
vt 0.978504 0.322406
vt 0.983359 0.315271
vt 0.990224 0.315271
vt 0.995079 0.322406
vt 0.414134 0.925962
vt 0.414134 0.877240
vt 0.976374 0.968398
vt 0.976374 0.958307
vt 0.981234 0.951172
vt 0.988108 0.951172
vt 0.992969 0.958307
vt 0.992969 0.968398
vt 0.988108 0.975533
vt 0.981234 0.975533
vt 0.890926 0.448526
vt 0.890926 0.412704
vt 0.901016 0.412703
vt 0.901016 0.448526
vt 0.457452 0.926377
vt 0.464577 0.925962
vt 0.463342 0.933829
vt 0.456595 0.931681
vt 0.518686 0.896491
vt 0.528776 0.896491
vt 0.528776 0.902929
vt 0.518686 0.902929
vt 0.414147 0.925962
vt 0.421272 0.926377
vt 0.422128 0.931681
vt 0.415381 0.933829
vt 0.431356 0.926741
vt 0.431678 0.928423
vt 0.438492 0.926842
vt 0.438436 0.925962
vt 0.440231 0.926842
vt 0.447368 0.926741
vt 0.447046 0.928423
vt 0.440287 0.925962
vt 0.459932 0.940331
vt 0.454130 0.936344
vt 0.511550 0.911114
vt 0.518686 0.909940
vt 0.518686 0.917001
vt 0.511550 0.916338
vt 0.518686 0.924153
vt 0.511550 0.921479
vt 0.446097 0.942968
vt 0.448880 0.949377
vt 0.441119 0.951178
vt 0.440867 0.944206
vt 0.528776 0.909940
vt 0.528776 0.917001
vt 0.528776 0.924153
vt 0.528776 0.930913
vt 0.518686 0.930913
vt 0.424593 0.936344
vt 0.418791 0.940332
vt 0.535912 0.911114
vt 0.535912 0.916338
vt 0.535912 0.921479
vt 0.429844 0.949378
vt 0.432626 0.942968
vt 0.437857 0.944206
vt 0.437604 0.951178
vt 0.432806 0.930483
vt 0.434595 0.932407
vt 0.428153 0.940171
vt 0.436568 0.933681
vt 0.438221 0.934124
vt 0.438619 0.926182
vt 0.439157 0.926760
vt 0.439362 0.926958
vt 0.438485 0.926838
vt 0.632795 0.521675
vt 0.632795 0.511584
vt 0.633080 0.511584
vt 0.633080 0.521675
vt 0.633869 0.511584
vt 0.633869 0.521675
vt 0.634154 0.511584
vt 0.634154 0.521675
vt 0.445917 0.930483
vt 0.440104 0.926182
vt 0.444128 0.932407
vt 0.439567 0.926760
vt 0.442155 0.933681
vt 0.439362 0.926958
vt 0.440502 0.934124
vt 0.440239 0.926838
vt 0.450571 0.940171
vt 0.973958 0.873778
vt 0.979204 0.866643
vt 0.986623 0.866644
vt 0.991869 0.873779
vt 0.991869 0.883870
vt 0.986623 0.891005
vt 0.979204 0.891005
vt 0.973958 0.883869
vt 0.741631 0.979498
vt 0.732725 0.984223
vt 0.730046 0.976794
vt 0.739841 0.974481
vt 0.965257 0.448011
vt 0.971304 0.451280
vt 0.968562 0.458686
vt 0.962516 0.455417
vt 0.980174 0.456077
vt 0.978341 0.461078
vt 0.318768 0.992791
vt 0.319141 0.985391
vt 0.320822 0.985194
vt 0.324072 0.992288
vt 0.319649 0.975321
vt 0.318768 0.975341
vt 0.807822 0.985608
vt 0.800723 0.978446
vt 0.802106 0.977471
vt 0.807154 0.986180
vt 0.748186 0.976021
vt 0.747652 0.974415
vt 0.729424 0.969905
vt 0.739408 0.969535
vt 0.730326 0.963769
vt 0.740076 0.964996
vt 0.732760 0.958352
vt 0.741811 0.961094
vt 0.972889 0.073135
vt 0.975437 0.080415
vt 0.967617 0.080448
vt 0.967617 0.073158
vt 0.967875 0.465564
vt 0.961828 0.462294
vt 0.986810 0.080225
vt 0.986810 0.090313
vt 0.981814 0.090423
vt 0.981814 0.080335
vt 0.975437 0.090503
vt 0.967617 0.090536
vt 0.977862 0.466016
vt 0.978483 0.470556
vt 0.968715 0.471699
vt 0.980174 0.474464
vt 0.971087 0.477127
vt 0.972889 0.097490
vt 0.967617 0.097513
vt 0.322883 0.984414
vt 0.328735 0.990588
vt 0.324808 0.983146
vt 0.332564 0.988064
vt 0.326083 0.981726
vt 0.335363 0.984844
vt 0.326527 0.980523
vt 0.336605 0.981031
vt 0.318989 0.975211
vt 0.319567 0.974830
vt 0.319765 0.974684
vt 0.319645 0.975326
vt 0.633411 0.703398
vt 0.633411 0.693309
vt 0.633602 0.693305
vt 0.633602 0.703393
vt 0.634160 0.693292
vt 0.634160 0.703381
vt 0.634372 0.693288
vt 0.634372 0.703376
vt 0.804160 0.976675
vt 0.807404 0.986129
vt 0.806438 0.976333
vt 0.808088 0.986027
vt 0.808333 0.976537
vt 0.808333 0.986003
vt 0.633654 0.567665
vt 0.632795 0.560000
vt 0.634422 0.560364
vt 0.632795 0.567471
vt 0.747486 0.972218
vt 0.747822 0.969936
vt 0.748569 0.968178
vt 0.744744 0.958352
vt 0.749473 0.967266
vt 0.445635 0.975539
vt 0.438502 0.968404
vt 0.438502 0.958313
vt 0.445635 0.951178
vt 0.455724 0.951178
vt 0.462857 0.958313
vt 0.462857 0.968404
vt 0.455724 0.975539
vt 0.773400 0.977295
vt 0.764493 0.982020
vt 0.761815 0.974590
vt 0.771610 0.972277
vt 0.963587 0.315271
vt 0.969634 0.318541
vt 0.966892 0.325947
vt 0.960846 0.322677
vt 0.978504 0.323337
vt 0.976671 0.328339
vt 0.267169 0.992791
vt 0.267541 0.985391
vt 0.269222 0.985195
vt 0.272472 0.992288
vt 0.268049 0.975321
vt 0.267169 0.975341
vt 0.404488 0.985945
vt 0.397389 0.978785
vt 0.398771 0.977808
vt 0.403819 0.986518
vt 0.779954 0.973818
vt 0.779420 0.972212
vt 0.761192 0.967702
vt 0.771177 0.967332
vt 0.762095 0.961566
vt 0.771844 0.962793
vt 0.764529 0.956149
vt 0.773580 0.958891
vt 0.972889 0.000000
vt 0.975437 0.007280
vt 0.967617 0.007313
vt 0.967617 0.000023
vt 0.966205 0.332825
vt 0.960158 0.329555
vt 0.986810 0.007090
vt 0.986810 0.017178
vt 0.981814 0.017288
vt 0.981814 0.007200
vt 0.975437 0.017368
vt 0.967617 0.017402
vt 0.976192 0.333277
vt 0.976813 0.337816
vt 0.967045 0.338960
vt 0.978504 0.341724
vt 0.969418 0.344387
vt 0.972889 0.024355
vt 0.967617 0.024378
vt 0.271283 0.984414
vt 0.277135 0.990588
vt 0.273208 0.983146
vt 0.280964 0.988064
vt 0.274483 0.981726
vt 0.283763 0.984844
vt 0.274927 0.980523
vt 0.285005 0.981031
vt 0.267389 0.975212
vt 0.267967 0.974831
vt 0.268165 0.974685
vt 0.268045 0.975326
vt 0.633411 0.683179
vt 0.633411 0.673091
vt 0.633602 0.673086
vt 0.633602 0.683174
vt 0.634160 0.673074
vt 0.634160 0.683162
vt 0.634372 0.673069
vt 0.634372 0.683158
vt 0.400825 0.977013
vt 0.404069 0.986467
vt 0.403104 0.976671
vt 0.404754 0.986364
vt 0.404998 0.976875
vt 0.404998 0.986341
vt 0.633654 0.575330
vt 0.632795 0.567665
vt 0.634422 0.568029
vt 0.632795 0.575136
vt 0.779255 0.970014
vt 0.779591 0.967733
vt 0.780338 0.965975
vt 0.776513 0.956149
vt 0.781242 0.965063
vt 0.909546 0.975533
vt 0.902413 0.968397
vt 0.902413 0.958307
vt 0.909546 0.951172
vt 0.919635 0.951172
vt 0.926768 0.958307
vt 0.926768 0.968397
vt 0.919635 0.975533
vt 0.986809 0.170671
vt 0.986809 0.177961
vt 0.978991 0.177928
vt 0.981538 0.170648
vt 0.986809 0.188050
vt 0.978991 0.188016
vt 0.986809 0.195026
vt 0.981538 0.195003
vt 0.090758 0.985990
vt 0.086028 0.977077
vt 0.086931 0.976165
vt 0.093686 0.983250
vt 0.963214 0.306897
vt 0.970007 0.312225
vt 0.970593 0.311947
vt 0.962165 0.307631
vt 0.634423 0.529145
vt 0.632795 0.522040
vt 0.634423 0.521675
vt 0.633567 0.529340
vt 0.241574 0.986972
vt 0.231496 0.986463
vt 0.232738 0.982645
vt 0.242018 0.985765
vt 0.961829 0.479786
vt 0.970913 0.477127
vt 0.973287 0.482556
vt 0.963521 0.483696
vt 0.974129 0.488693
vt 0.964144 0.488237
vt 0.973441 0.495572
vt 0.963664 0.493175
vt 0.970695 0.502979
vt 0.961829 0.498177
vt 0.972614 0.187936
vt 0.972614 0.177848
vt 0.967617 0.187826
vt 0.967617 0.177738
vt 0.980165 0.491962
vt 0.979478 0.498842
vt 0.976732 0.506249
vt 0.102741 0.985990
vt 0.095417 0.979352
vt 0.105169 0.980577
vt 0.096083 0.974814
vt 0.106069 0.974444
vt 0.095648 0.969870
vt 0.105444 0.967556
vt 0.093856 0.964852
vt 0.102763 0.960125
vt 0.087677 0.974408
vt 0.088011 0.972127
vt 0.087845 0.969931
vt 0.087312 0.968326
vt 0.970502 0.312177
vt 0.961121 0.309225
vt 0.970281 0.312832
vt 0.960387 0.311407
vt 0.970213 0.313077
vt 0.960158 0.313597
vt 0.970007 0.312217
vt 0.960397 0.315271
vt 0.633410 0.632611
vt 0.633410 0.622522
vt 0.633623 0.622526
vt 0.633623 0.632615
vt 0.634182 0.622539
vt 0.634182 0.632627
vt 0.634372 0.622543
vt 0.634372 0.632632
vt 0.248336 0.992802
vt 0.243293 0.984343
vt 0.248535 0.992655
vt 0.245218 0.983072
vt 0.249113 0.992273
vt 0.247277 0.982291
vt 0.249332 0.992144
vt 0.248957 0.982094
vt 0.248449 0.992164
vt 0.235536 0.979420
vt 0.239364 0.976892
vt 0.244027 0.975189
vt 0.249332 0.974685
vt 0.969182 0.286927
vt 0.975975 0.292255
vt 0.979030 0.301872
vt 0.976558 0.310144
vt 0.960158 0.297280
vt 0.962630 0.289008
vt 0.519377 0.964872
vt 0.528284 0.960147
vt 0.530964 0.967576
vt 0.521168 0.969890
vt 0.976734 0.593612
vt 0.970696 0.590343
vt 0.973440 0.582938
vt 0.979478 0.586207
vt 0.961828 0.585543
vt 0.963663 0.580542
vt 0.701156 0.972497
vt 0.700783 0.979907
vt 0.699102 0.980104
vt 0.695853 0.973001
vt 0.700276 0.989976
vt 0.701156 0.989956
vt 0.829535 0.976951
vt 0.830416 0.986997
vt 0.828729 0.986864
vt 0.830416 0.976938
vt 0.512832 0.968345
vt 0.513366 0.969951
vt 0.531590 0.974463
vt 0.521603 0.974834
vt 0.530691 0.980597
vt 0.520939 0.979372
vt 0.528264 0.986012
vt 0.519208 0.983272
vt 0.981538 0.073112
vt 0.978989 0.066125
vt 0.986810 0.066158
vt 0.986810 0.073135
vt 0.974128 0.576059
vt 0.980165 0.579328
vt 0.967617 0.065935
vt 0.967617 0.055846
vt 0.972612 0.055956
vt 0.972612 0.066045
vt 0.978989 0.056036
vt 0.986810 0.056070
vt 0.964143 0.575603
vt 0.963521 0.571062
vt 0.973287 0.569922
vt 0.961828 0.567152
vt 0.970913 0.564491
vt 0.981538 0.048757
vt 0.986810 0.048780
vt 0.697041 0.980885
vt 0.691189 0.974704
vt 0.695116 0.982156
vt 0.687360 0.977232
vt 0.693841 0.983577
vt 0.684561 0.980456
vt 0.693397 0.984782
vt 0.683319 0.984275
vt 0.700936 0.990085
vt 0.700357 0.990467
vt 0.700159 0.990613
vt 0.634422 0.537005
vt 0.633564 0.544670
vt 0.634422 0.544475
vt 0.632795 0.537369
vt 0.634372 0.642762
vt 0.634372 0.652851
vt 0.634181 0.652846
vt 0.634181 0.642758
vt 0.633623 0.652834
vt 0.633623 0.642745
vt 0.633411 0.652830
vt 0.633411 0.642741
vt 0.826641 0.986163
vt 0.830191 0.976818
vt 0.824670 0.984971
vt 0.829599 0.976460
vt 0.823344 0.983604
vt 0.829395 0.976322
vt 0.822856 0.982421
vt 0.829540 0.976956
vt 0.513532 0.972148
vt 0.513198 0.974430
vt 0.512453 0.976186
vt 0.516280 0.986012
vt 0.511550 0.977098
vt 0.720731 0.935806
vt 0.727865 0.942941
vt 0.727865 0.953032
vt 0.720731 0.960167
vt 0.710643 0.960167
vt 0.703509 0.953032
vt 0.703509 0.942941
vt 0.710643 0.935806
vt 0.961828 0.397845
vt 0.970699 0.393048
vt 0.973441 0.400454
vt 0.963661 0.402846
vt 0.976745 0.389778
vt 0.979487 0.397184
vt 0.581806 0.981041
vt 0.572900 0.976317
vt 0.574690 0.971299
vt 0.584485 0.973612
vt 0.566346 0.972839
vt 0.566880 0.971233
vt 0.397388 0.978784
vt 0.390289 0.985945
vt 0.390958 0.986518
vt 0.396006 0.977808
vt 0.317888 0.975321
vt 0.318395 0.985391
vt 0.316714 0.985194
vt 0.318768 0.975341
vt 0.318768 0.992791
vt 0.313465 0.992288
vt 0.974128 0.407332
vt 0.964141 0.407784
vt 0.973288 0.413467
vt 0.963520 0.412323
vt 0.970915 0.418894
vt 0.961828 0.416232
vt 0.981538 0.048734
vt 0.978989 0.041746
vt 0.986810 0.041780
vt 0.986810 0.048757
vt 0.980174 0.404062
vt 0.967617 0.041557
vt 0.967617 0.031468
vt 0.972612 0.031578
vt 0.972612 0.041666
vt 0.978989 0.031658
vt 0.986810 0.031691
vt 0.575123 0.966353
vt 0.585107 0.966723
vt 0.574455 0.961814
vt 0.584205 0.960587
vt 0.572720 0.957912
vt 0.581771 0.955169
vt 0.981538 0.024378
vt 0.986810 0.024401
vt 0.567045 0.969035
vt 0.566709 0.966753
vt 0.565962 0.964996
vt 0.565058 0.964083
vt 0.569787 0.955169
vt 0.390707 0.986467
vt 0.393952 0.977013
vt 0.390023 0.986364
vt 0.391673 0.976671
vt 0.389778 0.986341
vt 0.389778 0.976875
vt 0.634422 0.529340
vt 0.633564 0.537005
vt 0.634422 0.536810
vt 0.632795 0.529704
vt 0.634370 0.632653
vt 0.634371 0.642741
vt 0.634179 0.642736
vt 0.634179 0.632648
vt 0.633621 0.642724
vt 0.633621 0.632636
vt 0.633410 0.642720
vt 0.633410 0.632632
vt 0.314653 0.984414
vt 0.318548 0.975212
vt 0.312728 0.983145
vt 0.317969 0.974830
vt 0.311453 0.981726
vt 0.317772 0.974684
vt 0.311009 0.980522
vt 0.317892 0.975326
vt 0.308802 0.990588
vt 0.304972 0.988064
vt 0.302173 0.984844
vt 0.300931 0.981030
vt 0.641742 0.968096
vt 0.634608 0.960961
vt 0.634608 0.950871
vt 0.641742 0.943735
vt 0.651830 0.943735
vt 0.658963 0.950871
vt 0.658963 0.960961
vt 0.651830 0.968096
vt 0.980166 0.527301
vt 0.971298 0.532102
vt 0.968554 0.524696
vt 0.978331 0.522300
vt 0.965260 0.535370
vt 0.962516 0.527965
vt 0.480804 0.960383
vt 0.489711 0.965109
vt 0.487919 0.970126
vt 0.478124 0.967813
vt 0.496256 0.968581
vt 0.495722 0.970187
vt 0.748636 0.581838
vt 0.749516 0.571793
vt 0.748636 0.571780
vt 0.750323 0.581705
vt 0.180965 0.991926
vt 0.180458 0.981856
vt 0.182139 0.982053
vt 0.180085 0.991906
vt 0.180085 0.974446
vt 0.185389 0.974950
vt 0.967866 0.517817
vt 0.977851 0.517361
vt 0.968707 0.511680
vt 0.978473 0.512820
vt 0.971081 0.506249
vt 0.980166 0.508910
vt 0.972889 0.097513
vt 0.975437 0.104793
vt 0.967617 0.104827
vt 0.967617 0.097536
vt 0.961829 0.521086
vt 0.986810 0.104603
vt 0.986810 0.114692
vt 0.981814 0.114801
vt 0.981814 0.104713
vt 0.975437 0.114882
vt 0.967617 0.114915
vt 0.487484 0.975070
vt 0.477498 0.974699
vt 0.488149 0.979608
vt 0.478396 0.980833
vt 0.489880 0.983507
vt 0.480824 0.986248
vt 0.972889 0.121868
vt 0.967617 0.121892
vt 0.495556 0.972385
vt 0.495890 0.974665
vt 0.496635 0.976422
vt 0.497537 0.977334
vt 0.492808 0.986248
vt 0.748861 0.571659
vt 0.752411 0.581005
vt 0.749452 0.571301
vt 0.754381 0.579812
vt 0.749656 0.571163
vt 0.755708 0.578445
vt 0.749512 0.571798
vt 0.756195 0.577263
vt 0.633411 0.693288
vt 0.633411 0.683200
vt 0.633602 0.683195
vt 0.633602 0.693284
vt 0.634160 0.683183
vt 0.634160 0.693271
vt 0.634372 0.683179
vt 0.634372 0.693267
vt 0.184200 0.982834
vt 0.180305 0.992035
vt 0.186125 0.984105
vt 0.180884 0.992417
vt 0.187400 0.985526
vt 0.181082 0.992563
vt 0.633654 0.560000
vt 0.632795 0.552335
vt 0.634422 0.552699
vt 0.632795 0.559805
vt 0.190052 0.976653
vt 0.193881 0.979181
vt 0.196680 0.982405
vt 0.197922 0.986224
vt 0.187844 0.986731
vt 0.959701 0.641925
vt 0.966834 0.649060
vt 0.966834 0.659151
vt 0.959701 0.666286
vt 0.949613 0.666286
vt 0.942479 0.659151
vt 0.942479 0.649060
vt 0.949612 0.641925
vt 0.961828 0.426961
vt 0.970699 0.422164
vt 0.973440 0.429570
vt 0.963661 0.431962
vt 0.976745 0.418894
vt 0.979487 0.426300
vt 0.150547 0.981683
vt 0.141640 0.976958
vt 0.143430 0.971941
vt 0.153225 0.974253
vt 0.135086 0.973481
vt 0.135620 0.971875
vt 0.800723 0.978446
vt 0.793624 0.985607
vt 0.794292 0.986180
vt 0.799340 0.977470
vt 0.266288 0.975321
vt 0.266796 0.985391
vt 0.265114 0.985194
vt 0.267169 0.975341
vt 0.267169 0.992791
vt 0.261865 0.992288
vt 0.974128 0.436448
vt 0.964141 0.436900
vt 0.973288 0.442583
vt 0.963520 0.441439
vt 0.970915 0.448011
vt 0.961828 0.445348
vt 0.981538 0.170625
vt 0.978989 0.163638
vt 0.986810 0.163671
vt 0.986810 0.170648
vt 0.980174 0.433178
vt 0.967617 0.163448
vt 0.967617 0.153360
vt 0.972612 0.153470
vt 0.972612 0.163558
vt 0.978989 0.153550
vt 0.986810 0.153583
vt 0.143863 0.966995
vt 0.153848 0.967365
vt 0.143195 0.962455
vt 0.152945 0.961229
vt 0.141461 0.958554
vt 0.150512 0.955811
vt 0.981538 0.146270
vt 0.986810 0.146293
vt 0.135785 0.969677
vt 0.135450 0.967395
vt 0.134703 0.965638
vt 0.133799 0.964725
vt 0.138528 0.955811
vt 0.794042 0.986129
vt 0.797286 0.976675
vt 0.793357 0.986026
vt 0.795008 0.976333
vt 0.793113 0.986003
vt 0.793113 0.976537
vt 0.634422 0.575330
vt 0.633563 0.582996
vt 0.634422 0.582801
vt 0.632795 0.575695
vt 0.634372 0.662981
vt 0.634372 0.673069
vt 0.634181 0.673065
vt 0.634181 0.662976
vt 0.633623 0.673052
vt 0.633623 0.662964
vt 0.633411 0.673048
vt 0.633411 0.662960
vt 0.263054 0.984414
vt 0.266948 0.975212
vt 0.261129 0.983146
vt 0.266370 0.974830
vt 0.259853 0.981726
vt 0.266172 0.974685
vt 0.259410 0.980523
vt 0.266293 0.975326
vt 0.257202 0.990588
vt 0.253373 0.988064
vt 0.250574 0.984844
vt 0.249332 0.981030
vt 0.431368 0.951178
vt 0.438502 0.958313
vt 0.438502 0.968404
vt 0.431368 0.975539
vt 0.421280 0.975539
vt 0.414147 0.968404
vt 0.414147 0.958313
vt 0.421280 0.951178
vt 0.980166 0.556422
vt 0.971298 0.561223
vt 0.968554 0.553817
vt 0.978331 0.551421
vt 0.965260 0.564491
vt 0.962516 0.557086
vt 0.706815 0.960167
vt 0.715722 0.964893
vt 0.713931 0.969910
vt 0.704135 0.967596
vt 0.722267 0.968365
vt 0.721733 0.969971
vt 0.785554 0.987008
vt 0.786434 0.976963
vt 0.785554 0.976950
vt 0.787241 0.986875
vt 0.214539 0.992164
vt 0.214032 0.982094
vt 0.215713 0.982291
vt 0.213659 0.992144
vt 0.213659 0.974685
vt 0.218963 0.975189
vt 0.967866 0.546938
vt 0.977851 0.546482
vt 0.968706 0.540801
vt 0.978473 0.541942
vt 0.971081 0.535370
vt 0.980166 0.538031
vt 0.972889 0.121892
vt 0.975437 0.129171
vt 0.967617 0.129205
vt 0.967617 0.121915
vt 0.961828 0.550206
vt 0.986810 0.128982
vt 0.986810 0.139070
vt 0.981814 0.139180
vt 0.981814 0.129091
vt 0.975437 0.139260
vt 0.967617 0.139293
vt 0.713495 0.974854
vt 0.703509 0.974483
vt 0.714160 0.979392
vt 0.704408 0.980617
vt 0.715891 0.983291
vt 0.706836 0.986031
vt 0.972889 0.146247
vt 0.967617 0.146270
vt 0.721567 0.972168
vt 0.721901 0.974449
vt 0.722646 0.976206
vt 0.723549 0.977117
vt 0.718820 0.986031
vt 0.785779 0.976829
vt 0.789329 0.986175
vt 0.786370 0.976471
vt 0.791299 0.984982
vt 0.786574 0.976333
vt 0.792625 0.983616
vt 0.786430 0.976968
vt 0.793113 0.982433
vt 0.633411 0.652872
vt 0.633602 0.652867
vt 0.633602 0.662955
vt 0.634160 0.652855
vt 0.634160 0.662943
vt 0.634372 0.662939
vt 0.217774 0.983072
vt 0.213880 0.992273
vt 0.219699 0.984343
vt 0.214458 0.992655
vt 0.220974 0.985764
vt 0.214656 0.992801
vt 0.633654 0.552335
vt 0.632795 0.544670
vt 0.634422 0.545034
vt 0.632795 0.552140
vt 0.223626 0.976891
vt 0.227455 0.979419
vt 0.230254 0.982643
vt 0.231496 0.986462
vt 0.221418 0.986970
vt 0.666097 0.968096
vt 0.658963 0.960961
vt 0.658963 0.950870
vt 0.666097 0.943735
vt 0.676185 0.943735
vt 0.683319 0.950870
vt 0.683319 0.960961
vt 0.676185 0.968096
vt 0.973824 0.646664
vt 0.982725 0.641925
vt 0.985488 0.649312
vt 0.975672 0.651652
vt 0.963386 0.258166
vt 0.970020 0.261488
vt 0.967439 0.268940
vt 0.960805 0.265618
vt 0.979035 0.266002
vt 0.977310 0.271033
vt 0.336605 0.974684
vt 0.343469 0.975041
vt 0.343643 0.976722
vt 0.337044 0.979986
vt 0.353540 0.975564
vt 0.353526 0.974684
vt 0.411967 0.986103
vt 0.404998 0.978815
vt 0.406384 0.977849
vt 0.411291 0.986667
vt 0.967764 0.649890
vt 0.968318 0.651486
vt 0.986297 0.656106
vt 0.976240 0.656529
vt 0.985645 0.662114
vt 0.975758 0.660974
vt 0.983528 0.667371
vt 0.974250 0.664760
vt 0.972285 0.667371
vt 0.974686 0.674506
vt 0.966834 0.674506
vt 0.966991 0.667371
vt 0.966792 0.275748
vt 0.960158 0.272426
vt 0.986246 0.674506
vt 0.986246 0.684597
vt 0.981142 0.684597
vt 0.981142 0.674506
vt 0.974686 0.684597
vt 0.966834 0.684597
vt 0.976859 0.275920
vt 0.977443 0.280347
vt 0.967583 0.281732
vt 0.979035 0.284089
vt 0.969816 0.286927
vt 0.972285 0.691732
vt 0.966991 0.691732
vt 0.344356 0.978780
vt 0.338597 0.984644
vt 0.345523 0.980702
vt 0.340919 0.988467
vt 0.346834 0.981974
vt 0.343892 0.991259
vt 0.347948 0.982415
vt 0.347425 0.992492
vt 0.353645 0.974904
vt 0.353995 0.975482
vt 0.354130 0.975679
vt 0.634402 0.605734
vt 0.633551 0.613313
vt 0.634402 0.613096
vt 0.632795 0.606143
vt 0.754726 0.514683
vt 0.754726 0.504592
vt 0.754912 0.504592
vt 0.754912 0.514683
vt 0.755458 0.504592
vt 0.755458 0.514683
vt 0.755665 0.504592
vt 0.755665 0.514683
vt 0.408407 0.977044
vt 0.411535 0.986613
vt 0.410622 0.976671
vt 0.412201 0.986501
vt 0.412438 0.976830
vt 0.412438 0.986473
vt 0.633646 0.605734
vt 0.632795 0.598154
vt 0.634402 0.598563
vt 0.632795 0.605517
vt 0.968545 0.653652
vt 0.968303 0.655886
vt 0.967656 0.657593
vt 0.971576 0.667371
vt 0.966834 0.658463
vt 0.810691 0.959096
vt 0.817825 0.951960
vt 0.827913 0.951960
vt 0.835046 0.959096
vt 0.835046 0.969186
vt 0.827913 0.976322
vt 0.817825 0.976322
vt 0.810691 0.969186
vt 0.986089 0.691732
vt 0.986246 0.698867
vt 0.978396 0.698867
vt 0.980796 0.691732
vt 0.986246 0.708958
vt 0.978396 0.708958
vt 0.986089 0.716093
vt 0.980796 0.716093
vt 0.376252 0.992490
vt 0.375727 0.982413
vt 0.376843 0.981972
vt 0.379784 0.991257
vt 0.634404 0.583405
vt 0.632795 0.590359
vt 0.633644 0.590575
vt 0.632795 0.582996
vt 0.634404 0.597938
vt 0.632795 0.590985
vt 0.634404 0.590575
vt 0.633555 0.598154
vt 0.179124 0.976947
vt 0.174381 0.985853
vt 0.171708 0.983243
vt 0.178302 0.976075
vt 0.162430 0.985853
vt 0.160313 0.980598
vt 0.170200 0.979458
vt 0.159660 0.974591
vt 0.169717 0.975013
vt 0.160468 0.967796
vt 0.170284 0.970136
vt 0.163232 0.960408
vt 0.172133 0.965148
vt 0.971940 0.708958
vt 0.971940 0.698867
vt 0.966834 0.708958
vt 0.966834 0.698867
vt 0.702196 0.957997
vt 0.695562 0.961320
vt 0.694915 0.954511
vt 0.701549 0.951189
vt 0.692333 0.947058
vt 0.698967 0.943735
vt 0.692538 0.972497
vt 0.683319 0.969660
vt 0.684911 0.965919
vt 0.694771 0.967304
vt 0.685496 0.961492
vt 0.685045 0.956605
vt 0.683319 0.951573
vt 0.378153 0.980700
vt 0.382757 0.988467
vt 0.379321 0.978779
vt 0.385080 0.984645
vt 0.380034 0.976721
vt 0.386633 0.979986
vt 0.380208 0.975042
vt 0.387072 0.974684
vt 0.369546 0.975678
vt 0.369682 0.975480
vt 0.370033 0.974903
vt 0.370151 0.974684
vt 0.370137 0.975567
vt 0.754187 0.417280
vt 0.754187 0.407190
vt 0.754396 0.407190
vt 0.754396 0.417280
vt 0.754942 0.407190
vt 0.754942 0.417280
vt 0.755128 0.407190
vt 0.755128 0.417280
vt 0.107002 0.986685
vt 0.107002 0.977042
vt 0.108818 0.976882
vt 0.107240 0.986712
vt 0.111032 0.977255
vt 0.107905 0.986824
vt 0.113055 0.978060
vt 0.108148 0.986877
vt 0.114439 0.979025
vt 0.107470 0.986311
vt 0.177655 0.974369
vt 0.177412 0.972134
vt 0.177638 0.969969
vt 0.178192 0.968375
vt 0.979710 0.243612
vt 0.974470 0.236477
vt 0.974470 0.226387
vt 0.979710 0.219251
vt 0.987119 0.219251
vt 0.992359 0.226386
vt 0.992359 0.236477
vt 0.987119 0.243612
s 0
g piping1_
usemtl blue
f 860/1618 862/1619 864/1620 866/1621 868/1622 870/1623 872/1624 874/1625
f 861/1630 875/1631 873/1632 871/1633 869/1634 867/1635 865/1636 863/1637
f 924/1779 926/1780 928/1781 930/1782 932/1783 934/1784 936/1785 938/1786
f 941/1808 955/1809 953/1810 951/1811 949/1812 947/1813 945/1814 943/1815
f 957/1856 971/1857 969/1858 967/1859 965/1860 963/1861 961/1862 959/1863
f 972/1886 986/1887 984/1888 982/1889 980/1890 978/1891 976/1892 974/1893
f 1004/1969 1006/1970 1008/1971 1010/1972 1012/1973 1014/1974 1016/1975 1018/1976
f 1020/1995 1022/1996 1024/1997 1026/1998 1028/1999 1030/2000 1032/2001 1034/2002
g piping1_blue
usemtl blue
f 828/1518 830/1519 831/1520 829/1521
f 830/1522 832/1523 833/1524 831/1525
f 832/1526 834/1527 835/1528 833/1529
f 834/1527 836/1530 837/1531 835/1528
f 836/1530 838/1532 839/1533 837/1531
f 838/1534 840/1535 841/1536 839/1537
f 840/1538 842/1539 843/1540 841/1541
f 829/1542 831/1543 833/1544 835/1545 837/1546 839/1547 841/1548 843/1549
f 842/1539 828/1518 829/1521 843/1540
f 828/1550 842/1551 840/1552 838/1553 836/1554 834/1555 832/1556 830/1557
f 844/1558 846/1559 847/1560 845/1561
f 846/1559 848/1562 849/1563 847/1560
f 848/1562 850/1564 851/1565 849/1563
f 850/1566 852/1567 853/1568 851/1569
f 852/1570 854/1571 855/1572 853/1573
f 854/1571 856/1574 857/1575 855/1572
f 844/1576 858/1577 856/1578 854/1579 852/1580 850/1581 848/1582 846/1583
f 856/1574 858/1584 859/1585 857/1575
f 845/1586 847/1587 849/1588 851/1589 853/1590 855/1591 857/1592 859/1593
f 858/1594 844/1595 845/1596 859/1597
f 863/1598 862/1599 860/1600 861/1601
f 865/1602 864/1603 862/1599 863/1598
f 867/1604 866/1605 864/1603 865/1602
f 869/1606 868/1607 866/1608 867/1609
f 871/1610 870/1611 868/1612 869/1613
f 873/1614 872/1615 870/1611 871/1610
f 875/1616 874/1617 872/1615 873/1614
f 861/1626 860/1627 874/1628 875/1629
f 879/1638 878/1639 876/1640 877/1641
f 881/1642 880/1643 878/1639 879/1638
f 883/1644 882/1645 880/1646 881/1647
f 885/1648 884/1649 882/1645 883/1644
f 887/1650 886/1651 884/1652 885/1653
f 889/1654 888/1655 886/1651 887/1650
f 891/1656 890/1657 888/1658 889/1659
f 877/1660 891/1661 889/1662 887/1663 885/1664 883/1665 881/1666 879/1667
f 877/1668 876/1669 890/1657 891/1656
f 876/1670 878/1671 880/1672 882/1673 884/1674 886/1675 888/1676 890/1677
f 892/1678 894/1679 895/1680 893/1681
f 894/1682 896/1683 897/1684 895/1685
f 896/1686 898/1687 899/1688 897/1689
f 898/1687 900/1690 901/1691 899/1688
f 900/1690 902/1692 903/1693 901/1691
f 902/1694 904/1534 905/1695 903/1696
f 904/1697 906/1698 907/1699 905/1700
f 893/1701 895/1702 897/1703 899/1704 901/1705 903/1706 905/1707 907/1708
f 906/1698 892/1678 893/1681 907/1699
f 892/1709 906/1710 904/1711 902/1712 900/1713 898/1714 896/1715 894/1716
f 908/1717 910/1718 911/1719 909/1720
f 910/1718 912/1721 913/1722 911/1719
f 912/1721 914/1723 915/1724 913/1722
f 914/1725 916/1726 917/1727 915/1728
f 916/1729 918/1730 919/1731 917/1732
f 918/1730 920/1733 921/1734 919/1731
f 920/1733 922/1724 923/1723 921/1734
f 922/1735 908/1736 909/1737 923/1738
f 909/1739 911/1740 913/1741 915/1742 917/1743 919/1744 921/1745 923/1746
f 927/1747 926/1748 924/1749 925/1750
f 929/1751 928/1752 926/1748 927/1747
f 931/1753 930/1754 928/1755 929/1756
f 933/1757 932/1758 930/1754 931/1753
f 935/1759 934/1760 932/1761 933/1762
f 937/1763 936/1764 934/1760 935/1759
f 939/1765 938/1766 936/1767 937/1768
f 925/1769 939/1770 937/1771 935/1772 933/1773 931/1774 929/1775 927/1776
f 925/1777 924/1778 938/1766 939/1765
f 943/1787 942/1788 940/1789 941/1790
f 945/1791 944/1792 942/1788 943/1787
f 947/1793 946/1794 944/1795 945/1796
f 949/1797 948/1798 946/1794 947/1793
f 951/1799 950/1800 948/1801 949/1802
f 953/1803 952/1652 950/1800 951/1799
f 955/1804 954/1805 952/1806 953/1807
f 941/1816 940/1817 954/1805 955/1804
f 940/1818 942/1819 944/1820 946/1821 948/1822 950/1823 952/1824 954/1825
f 959/1826 958/1827 956/1828 957/1829
f 961/1830 960/1831 958/1827 959/1826
f 963/1832 962/1833 960/1834 961/1835
f 965/1836 964/1837 962/1833 963/1832
f 967/1838 966/1839 964/1840 965/1841
f 969/1842 968/1843 966/1839 967/1838
f 956/1844 958/1845 960/1846 962/1847 964/1848 966/1849 968/1850 970/1851
f 971/1852 970/1853 968/1854 969/1855
f 957/1864 956/1865 970/1853 971/1852
f 972/1866 974/1867 975/1868 973/1869
f 974/1867 976/1870 977/1871 975/1868
f 976/1870 978/1872 979/1873 977/1871
f 978/1874 980/1875 981/1876 979/1877
f 980/1878 982/1879 983/1880 981/1881
f 982/1879 984/1882 985/1883 983/1880
f 984/1882 986/1884 987/1885 985/1883
f 986/1894 972/1895 973/1896 987/1897
f 991/1898 990/1899 988/1900 989/1901
f 993/1902 992/1903 990/1899 991/1898
f 995/1904 994/1905 992/1903 993/1902
f 997/1906 996/1907 994/1908 995/1909
f 999/1910 998/1911 996/1912 997/1913
f 1001/1914 1000/1915 998/1911 999/1910
f 1003/1916 1002/1917 1000/1915 1001/1914
f 989/1918 1003/1919 1001/1920 999/1921 997/1922 995/1923 993/1924 991/1925
f 989/1926 988/1927 1002/1928 1003/1929
f 988/1930 990/1931 992/1932 994/1933 996/1934 998/1935 1000/1936 1002/1937
f 1007/1938 1006/1939 1004/1940 1005/1941
f 1009/1942 1008/1943 1006/1939 1007/1938
f 1011/1944 1010/1945 1008/1946 1009/1947
f 1013/1948 1012/1949 1010/1945 1011/1944
f 1015/1950 1014/1951 1012/1943 1013/1952
f 1017/1953 1016/1954 1014/1951 1015/1950
f 1019/1955 1018/1956 1016/1957 1017/1958
f 1005/1959 1019/1960 1017/1961 1015/1962 1013/1963 1011/1964 1009/1965 1007/1966
f 1005/1967 1004/1968 1018/1956 1019/1955
f 1023/1977 1022/1978 1020/1979 1021/1980
f 1025/1981 1024/1982 1022/1978 1023/1977
f 1027/1983 1026/1984 1024/1982 1025/1981
f 1029/1985 1028/1986 1026/1987 1027/1988
f 1031/1989 1030/1990 1028/1991 1029/1992
f 1033/1993 1032/1994 1030/1990 1031/1989
f 1035/2003 1034/2004 1032/1994 1033/1993
f 1021/2005 1035/2006 1033/2007 1031/2008 1029/2009 1027/2010 1025/2011 1023/2012
f 1021/2013 1020/2014 1034/2015 1035/2016
f 1051/2017 1050/2018 1059/2019 1052/2020
f 1050/2021 1049/2022 1063/2023 1059/2024
f 1049/2025 1048/2026 1067/2027 1063/2028
f 1048/2026 1047/2029 1071/2030 1067/2027
f 1047/2029 1046/2031 1075/2032 1071/2030
f 1044/2033 1045/2034 1083/2035 1079/2036
f 1045/2034 1051/2017 1052/2020 1083/2035
f 1052/2020 1059/2019 1058/2037 1053/2038
f 1053/2039 1058/2040 1057/2041 1054/2042
f 1054/2042 1057/2041 1056/2043 1055/2044
f 1055/2045 1056/2046 1042/2047 1043/2048
f 1059/2024 1063/2023 1062/2049 1058/2040
f 1058/2040 1062/2049 1061/2050 1057/2041
f 1057/2041 1061/2050 1060/2051 1056/2043
f 1056/2043 1060/2051 1041/2052 1042/2053
f 1063/2028 1067/2027 1066/2054 1062/2055
f 1062/2049 1066/2056 1065/2057 1061/2050
f 1061/2050 1065/2057 1064/2058 1060/2051
f 1060/2059 1064/2060 1040/2061 1041/2062
f 1067/2027 1071/2030 1070/2063 1066/2054
f 1066/2054 1070/2063 1069/2064 1065/2065
f 1065/2065 1069/2064 1068/2066 1064/2060
f 1064/2060 1068/2066 1039/2067 1040/2061
f 1071/2030 1075/2032 1074/2068 1070/2063
f 1070/2063 1074/2068 1073/2069 1069/2064
f 1069/2064 1073/2069 1072/2070 1068/2066
f 1068/2066 1072/2070 1038/2071 1039/2067
f 1075/2072 1079/2073 1078/2074 1074/2075
f 1074/2075 1078/2074 1077/2076 1073/2077
f 1073/2077 1077/2076 1076/2078 1072/2079
f 1079/2036 1083/2035 1082/2080 1078/2081
f 1078/2081 1082/2080 1081/2082 1077/2083
f 1077/2083 1081/2082 1080/2084 1076/2085
f 1076/2085 1080/2084 1036/2086 1037/2087
f 1083/2035 1052/2020 1053/2038 1082/2080
f 1082/2080 1053/2038 1054/2088 1081/2082
f 1081/2082 1054/2088 1055/2045 1080/2084
f 1080/2084 1055/2045 1043/2048 1036/2086
f 1050/2089 1051/2090 1045/2091 1044/2092 1046/2093 1047/2094 1048/2095 1049/2096
f 1099/2097 1098/2098 1107/2099 1100/2100
f 1098/2101 1097/2102 1111/2103 1107/2104
f 1097/2102 1096/2105 1115/2106 1111/2103
f 1096/2107 1095/2108 1119/2109 1115/2110
f 1095/2108 1094/2111 1123/2112 1119/2109
f 1092/2113 1093/2114 1131/2115 1127/2116
f 1093/2117 1099/2097 1100/2100 1131/2118
f 1100/2100 1107/2099 1106/2119 1101/2120
f 1101/2120 1106/2119 1105/2121 1102/2122
f 1102/2122 1105/2121 1104/2123 1103/2124
f 1103/2125 1104/2126 1090/2127 1091/2128
f 1107/2104 1111/2103 1110/2129 1106/2130
f 1106/2131 1110/2132 1109/2133 1105/2134
f 1105/2134 1109/2133 1108/2135 1104/2126
f 1104/2126 1108/2135 1089/2136 1090/2127
f 1111/2103 1115/2106 1114/2137 1110/2129
f 1110/2129 1114/2137 1113/2138 1109/2139
f 1109/2139 1113/2138 1112/2140 1108/2141
f 1108/2135 1112/2142 1088/2143 1089/2136
f 1115/2110 1119/2109 1118/2144 1114/2145
f 1114/2145 1118/2144 1117/2146 1113/2147
f 1113/2147 1117/2146 1116/2148 1112/2149
f 1112/2149 1116/2148 1087/2150 1088/2151
f 1119/2109 1123/2112 1122/2152 1118/2144
f 1118/2144 1122/2152 1121/2153 1117/2146
f 1117/2146 1121/2153 1120/2154 1116/2148
f 1116/2148 1120/2154 1086/2155 1087/2150
f 1123/2156 1127/2157 1126/2158 1122/2159
f 1122/2159 1126/2158 1125/2160 1121/2161
f 1121/2161 1125/2160 1124/2162 1120/2163
f 1127/2116 1131/2115 1130/2164 1126/2165
f 1126/2165 1130/2164 1129/2166 1125/2167
f 1125/2167 1129/2166 1128/2168 1124/2169
f 1124/2170 1128/2171 1084/2172 1085/2173
f 1131/2118 1100/2100 1101/2120 1130/2174
f 1130/2174 1101/2120 1102/2122 1129/2175
f 1129/2175 1102/2122 1103/2124 1128/2176
f 1128/2176 1103/2124 1091/2177 1084/2178
f 1098/2179 1099/2180 1093/2181 1092/2182 1094/2183 1095/2184 1096/2185 1097/2186
f 1147/2187 1146/2188 1155/2189 1148/2190
f 1146/2191 1145/2192 1159/2193 1155/2194
f 1145/2192 1144/2195 1163/2196 1159/2193
f 1144/2197 1143/2198 1167/2199 1163/2200
f 1143/2198 1142/2201 1171/2202 1167/2199
f 1140/2203 1141/2204 1179/2205 1175/2206
f 1141/2207 1147/2187 1148/2190 1179/2208
f 1148/2190 1155/2189 1154/2209 1149/2210
f 1149/2210 1154/2209 1153/2211 1150/2212
f 1150/2212 1153/2211 1152/2213 1151/2214
f 1151/2215 1152/2216 1138/2217 1139/2218
f 1155/2194 1159/2193 1158/2219 1154/2220
f 1154/2221 1158/2222 1157/2223 1153/2224
f 1153/2224 1157/2223 1156/2225 1152/2216
f 1152/2216 1156/2225 1137/2226 1138/2217
f 1159/2193 1163/2196 1162/2227 1158/2219
f 1158/2219 1162/2227 1161/2228 1157/2229
f 1157/2229 1161/2228 1160/2230 1156/2231
f 1156/2225 1160/2232 1136/2233 1137/2226
f 1163/2200 1167/2199 1166/2234 1162/2235
f 1162/2235 1166/2234 1165/2236 1161/2237
f 1161/2237 1165/2236 1164/2238 1160/2239
f 1160/2239 1164/2238 1135/2240 1136/2241
f 1167/2199 1171/2202 1170/2242 1166/2234
f 1166/2234 1170/2242 1169/2243 1165/2236
f 1165/2236 1169/2243 1168/2244 1164/2238
f 1164/2238 1168/2244 1134/2245 1135/2240
f 1171/2246 1175/2247 1174/2248 1170/2249
f 1170/2249 1174/2248 1173/2250 1169/2251
f 1169/2251 1173/2250 1172/2252 1168/2253
f 1175/2206 1179/2205 1178/2254 1174/2255
f 1174/2255 1178/2254 1177/2256 1173/2257
f 1173/2257 1177/2256 1176/2258 1172/2259
f 1172/2260 1176/2261 1132/2262 1133/2263
f 1179/2208 1148/2190 1149/2210 1178/2264
f 1178/2264 1149/2210 1150/2212 1177/2265
f 1177/2265 1150/2212 1151/2214 1176/2266
f 1176/2266 1151/2214 1139/2267 1132/2268
f 1146/2269 1147/2270 1141/2271 1140/2272 1142/2273 1143/2274 1144/2275 1145/2276
f 1195/2277 1194/2278 1203/2279 1196/2280
f 1194/2278 1193/2281 1207/2282 1203/2279
f 1193/2281 1192/2283 1211/2284 1207/2282
f 1192/2285 1191/2286 1215/2287 1211/2288
f 1191/2289 1190/2290 1219/2291 1215/2292
f 1188/2293 1189/2294 1227/2295 1223/2296
f 1189/2297 1195/2298 1196/2299 1227/2300
f 1196/2301 1203/2302 1202/2303 1197/2304
f 1197/2304 1202/2303 1201/2305 1198/2306
f 1198/2306 1201/2305 1200/2307 1199/2308
f 1199/2308 1200/2307 1186/2309 1187/2310
f 1203/2279 1207/2282 1206/2311 1202/2312
f 1202/2312 1206/2311 1205/2313 1201/2314
f 1201/2305 1205/2315 1204/2316 1200/2307
f 1200/2307 1204/2316 1185/2317 1186/2309
f 1207/2318 1211/2288 1210/2319 1206/2320
f 1206/2320 1210/2319 1209/2321 1205/2322
f 1205/2322 1209/2321 1208/2323 1204/2324
f 1204/2324 1208/2323 1184/2325 1185/2326
f 1211/2288 1215/2287 1214/2327 1210/2319
f 1210/2319 1214/2327 1213/2328 1209/2321
f 1209/2321 1213/2328 1212/2329 1208/2323
f 1208/2323 1212/2329 1183/2330 1184/2325
f 1215/2292 1219/2291 1218/2331 1214/2332
f 1214/2332 1218/2331 1217/2333 1213/2334
f 1213/2334 1217/2333 1216/2335 1212/2336
f 1212/2336 1216/2335 1182/2337 1183/2338
f 1219/2339 1223/2340 1222/2341 1218/2342
f 1218/2342 1222/2341 1221/2343 1217/2344
f 1217/2344 1221/2343 1220/2345 1216/2346
f 1223/2347 1227/2300 1226/2348 1222/2349
f 1222/2349 1226/2348 1225/2350 1221/2351
f 1221/2351 1225/2350 1224/2352 1220/2353
f 1220/2353 1224/2352 1180/2354 1181/2355
f 1227/2300 1196/2299 1197/2356 1226/2348
f 1226/2348 1197/2356 1198/2357 1225/2350
f 1225/2350 1198/2357 1199/2358 1224/2352
f 1224/2352 1199/2358 1187/2359 1180/2354
f 1194/2360 1195/2361 1189/2362 1188/2363 1190/2290 1191/2289 1192/2364 1193/2365
f 1243/2366 1242/2367 1251/2368 1244/2369
f 1242/2370 1241/2371 1255/2372 1251/2373
f 1241/2371 1240/2374 1259/2375 1255/2372
f 1240/2376 1239/2377 1263/2378 1259/2379
f 1239/2377 1238/2380 1267/2381 1263/2378
f 1236/2382 1237/2383 1275/2384 1271/2385
f 1237/2386 1243/2366 1244/2369 1275/2387
f 1244/2369 1251/2368 1250/2388 1245/2389
f 1245/2389 1250/2388 1249/2390 1246/2391
f 1246/2391 1249/2390 1248/2392 1247/2393
f 1247/2394 1248/2395 1234/2396 1235/2397
f 1251/2373 1255/2372 1254/2398 1250/2399
f 1250/2400 1254/2401 1253/2402 1249/2403
f 1249/2403 1253/2402 1252/2404 1248/2395
f 1248/2395 1252/2404 1233/2405 1234/2396
f 1255/2372 1259/2375 1258/2406 1254/2398
f 1254/2398 1258/2406 1257/2407 1253/2408
f 1253/2408 1257/2407 1256/2409 1252/2410
f 1252/2404 1256/2411 1232/2412 1233/2405
f 1259/2379 1263/2378 1262/2413 1258/2414
f 1258/2414 1262/2413 1261/2415 1257/2416
f 1257/2416 1261/2415 1260/2417 1256/2418
f 1256/2418 1260/2417 1231/2419 1232/2420
f 1263/2378 1267/2381 1266/2421 1262/2413
f 1262/2413 1266/2421 1265/2422 1261/2415
f 1261/2415 1265/2422 1264/2423 1260/2417
f 1260/2424 1264/2425 1230/2426 1231/2427
f 1267/2428 1271/2429 1270/2430 1266/2431
f 1266/2431 1270/2430 1269/2432 1265/2433
f 1265/2433 1269/2432 1268/2434 1264/2435
f 1271/2385 1275/2384 1274/2436 1270/2437
f 1270/2437 1274/2436 1273/2438 1269/2439
f 1269/2439 1273/2438 1272/2440 1268/2441
f 1268/2441 1272/2440 1228/2442 1229/2443
f 1275/2387 1244/2369 1245/2389 1274/2444
f 1274/2444 1245/2389 1246/2391 1273/2445
f 1273/2445 1246/2391 1247/2393 1272/2446
f 1272/2446 1247/2393 1235/2447 1228/2448
f 1242/2449 1243/2450 1237/2451 1236/2452 1238/2453 1239/2454 1240/2455 1241/2456
f 1291/2457 1290/2458 1299/2459 1292/2460
f 1290/2458 1289/2461 1303/2462 1299/2459
f 1289/2463 1288/2464 1307/2465 1303/2466
f 1288/2464 1287/2467 1311/2468 1307/2465
f 1287/2469 1286/2470 1315/2471 1311/2472
f 1284/2473 1285/2474 1323/2475 1319/2476
f 1285/2474 1291/2477 1292/2478 1323/2475
f 1292/2460 1299/2459 1298/2479 1293/2480
f 1293/2480 1298/2479 1297/2481 1294/2482
f 1294/2482 1297/2481 1296/2483 1295/2484
f 1295/2485 1296/2486 1282/2487 1283/2488
f 1299/2459 1303/2462 1302/2489 1298/2479
f 1298/2490 1302/2491 1301/2492 1297/2493
f 1297/2493 1301/2492 1300/2494 1296/2486
f 1296/2486 1300/2494 1281/2495 1282/2487
f 1303/2466 1307/2465 1306/2496 1302/2497
f 1302/2497 1306/2496 1305/2498 1301/2499
f 1301/2499 1305/2498 1304/2500 1300/2501
f 1300/2494 1304/2502 1280/2503 1281/2495
f 1307/2465 1311/2468 1310/2504 1306/2496
f 1306/2496 1310/2504 1309/2505 1305/2498
f 1305/2498 1309/2505 1308/2506 1304/2500
f 1304/2500 1308/2506 1279/2507 1280/2508
f 1311/2472 1315/2471 1314/2509 1310/2510
f 1310/2510 1314/2509 1313/2511 1309/2512
f 1309/2512 1313/2511 1312/2513 1308/2514
f 1308/2515 1312/2516 1278/2517 1279/2518
f 1315/2519 1319/2520 1318/2521 1314/2522
f 1314/2522 1318/2521 1317/2523 1313/2524
f 1313/2524 1317/2523 1316/2525 1312/2526
f 1319/2476 1323/2475 1322/2527 1318/2528
f 1318/2528 1322/2527 1321/2529 1317/2530
f 1317/2530 1321/2529 1320/2531 1316/2532
f 1316/2532 1320/2531 1276/2533 1277/2534
f 1323/2475 1292/2478 1293/2535 1322/2527
f 1322/2527 1293/2535 1294/2536 1321/2529
f 1321/2529 1294/2536 1295/2537 1320/2531
f 1320/2531 1295/2537 1283/2538 1276/2533
f 1290/2539 1291/2540 1285/2541 1284/2542 1286/2543 1287/2544 1288/2545 1289/2546
f 1339/2547 1338/2548 1347/2549 1340/2550
f 1338/2548 1337/2551 1351/2552 1347/2549
f 1337/2553 1336/2554 1355/2555 1351/2556
f 1336/2554 1335/2557 1359/2558 1355/2555
f 1335/2559 1334/2560 1363/2561 1359/2562
f 1332/2563 1333/2564 1371/2565 1367/2566
f 1333/2564 1339/2567 1340/2568 1371/2565
f 1340/2550 1347/2549 1346/2569 1341/2570
f 1341/2570 1346/2569 1345/2571 1342/2572
f 1342/2572 1345/2571 1344/2573 1343/2574
f 1343/2575 1344/2576 1330/2577 1331/2578
f 1347/2549 1351/2552 1350/2579 1346/2569
f 1346/2580 1350/2581 1349/2582 1345/2583
f 1345/2583 1349/2582 1348/2584 1344/2576
f 1344/2576 1348/2584 1329/2585 1330/2577
f 1351/2556 1355/2555 1354/2586 1350/2587
f 1350/2587 1354/2586 1353/2588 1349/2589
f 1349/2589 1353/2588 1352/2590 1348/2591
f 1348/2584 1352/2592 1328/2593 1329/2585
f 1355/2555 1359/2558 1358/2594 1354/2586
f 1354/2586 1358/2594 1357/2595 1353/2588
f 1353/2588 1357/2595 1356/2596 1352/2590
f 1352/2590 1356/2596 1327/2597 1328/2598
f 1359/2562 1363/2561 1362/2599 1358/2600
f 1358/2600 1362/2599 1361/2601 1357/2602
f 1357/2602 1361/2601 1360/2603 1356/2604
f 1356/2604 1360/2603 1326/2605 1327/2606
f 1363/2607 1367/2608 1366/2609 1362/2610
f 1362/2610 1366/2609 1365/2611 1361/2612
f 1361/2612 1365/2611 1364/2613 1360/2614
f 1367/2566 1371/2565 1370/2615 1366/2616
f 1366/2616 1370/2615 1369/2617 1365/2618
f 1365/2618 1369/2617 1368/2619 1364/2620
f 1364/2621 1368/2622 1324/2623 1325/2624
f 1371/2565 1340/2568 1341/2625 1370/2615
f 1370/2615 1341/2625 1342/2626 1369/2617
f 1369/2617 1342/2626 1343/2627 1368/2619
f 1368/2619 1343/2627 1331/2628 1324/2629
f 1338/2630 1339/2631 1333/2632 1332/2633 1334/2634 1335/2635 1336/2636 1337/2637
f 1387/2638 1386/2639 1395/2640 1388/2641
f 1386/2639 1385/2642 1399/2643 1395/2640
f 1385/2644 1384/2645 1403/2646 1399/2647
f 1384/2645 1383/2648 1407/2649 1403/2646
f 1383/2650 1382/2651 1411/2652 1407/2653
f 1380/2654 1381/2655 1419/2656 1415/2657
f 1381/2655 1387/2658 1388/2659 1419/2656
f 1388/2641 1395/2640 1394/2660 1389/2661
f 1389/2661 1394/2660 1393/2662 1390/2663
f 1390/2663 1393/2662 1392/2664 1391/2665
f 1391/2666 1392/2667 1378/2668 1379/2669
f 1395/2640 1399/2643 1398/2670 1394/2660
f 1394/2671 1398/2672 1397/2673 1393/2674
f 1393/2674 1397/2673 1396/2675 1392/2667
f 1392/2667 1396/2675 1377/2676 1378/2668
f 1399/2647 1403/2646 1402/2677 1398/2678
f 1398/2678 1402/2677 1401/2679 1397/2680
f 1397/2680 1401/2679 1400/2681 1396/2682
f 1396/2675 1400/2683 1376/2684 1377/2676
f 1403/2646 1407/2649 1406/2685 1402/2677
f 1402/2677 1406/2685 1405/2686 1401/2679
f 1401/2679 1405/2686 1404/2687 1400/2681
f 1400/2681 1404/2687 1375/2688 1376/2689
f 1407/2653 1411/2652 1410/2690 1406/2691
f 1406/2691 1410/2690 1409/2692 1405/2693
f 1405/2693 1409/2692 1408/2694 1404/2695
f 1404/2696 1408/2697 1374/2698 1375/2699
f 1411/2700 1415/2701 1414/2702 1410/2703
f 1410/2703 1414/2702 1413/2704 1409/2705
f 1409/2705 1413/2704 1412/2706 1408/2707
f 1415/2657 1419/2656 1418/2708 1414/2709
f 1414/2709 1418/2708 1417/2710 1413/2711
f 1413/2711 1417/2710 1416/2712 1412/2713
f 1412/2713 1416/2712 1372/2714 1373/2715
f 1419/2656 1388/2659 1389/2716 1418/2708
f 1418/2708 1389/2716 1390/2717 1417/2710
f 1417/2710 1390/2717 1391/2718 1416/2712
f 1416/2712 1391/2718 1379/2719 1372/2714
f 1386/2720 1387/2721 1381/2722 1380/2723 1382/2724 1383/2725 1384/2726 1385/2727
f 1435/2728 1434/2729 1443/2730 1436/2731
f 1434/2729 1433/2732 1447/2733 1443/2730
f 1433/2734 1432/2735 1451/2736 1447/2737
f 1432/2735 1431/2738 1455/2739 1451/2736
f 1431/2740 1430/2741 1459/2742 1455/2743
f 1428/2744 1429/2745 1467/2746 1463/2747
f 1429/2745 1435/2748 1436/2749 1467/2746
f 1436/2731 1443/2730 1442/2750 1437/2751
f 1437/2751 1442/2750 1441/2752 1438/2753
f 1438/2753 1441/2752 1440/2754 1439/2755
f 1439/2756 1440/2757 1426/2758 1427/2759
f 1443/2730 1447/2733 1446/2760 1442/2750
f 1442/2761 1446/2762 1445/2763 1441/2764
f 1441/2764 1445/2763 1444/2765 1440/2757
f 1440/2757 1444/2765 1425/2766 1426/2758
f 1447/2737 1451/2736 1450/2767 1446/2768
f 1446/2768 1450/2767 1449/2769 1445/2770
f 1445/2770 1449/2769 1448/2771 1444/2772
f 1444/2765 1448/2773 1424/2774 1425/2766
f 1451/2736 1455/2739 1454/2775 1450/2767
f 1450/2767 1454/2775 1453/2776 1449/2769
f 1449/2769 1453/2776 1452/2777 1448/2771
f 1448/2771 1452/2777 1423/2778 1424/2779
f 1455/2743 1459/2742 1458/2780 1454/2781
f 1454/2781 1458/2780 1457/2782 1453/2783
f 1453/2783 1457/2782 1456/2784 1452/2785
f 1452/2785 1456/2784 1422/2786 1423/2787
f 1459/2707 1463/2788 1462/2789 1458/2790
f 1458/2790 1462/2789 1461/2791 1457/2792
f 1457/2792 1461/2791 1460/2429 1456/2793
f 1463/2747 1467/2746 1466/2794 1462/2795
f 1462/2795 1466/2794 1465/2796 1461/2797
f 1461/2797 1465/2796 1464/2798 1460/2799
f 1460/2800 1464/2801 1420/2802 1421/2803
f 1467/2746 1436/2749 1437/2804 1466/2794
f 1466/2794 1437/2804 1438/2805 1465/2796
f 1465/2796 1438/2805 1439/2806 1464/2798
f 1464/2798 1439/2806 1427/2807 1420/2808
f 1434/2809 1435/2810 1429/2811 1428/2812 1430/2813 1431/2814 1432/2815 1433/2816
f 1483/2817 1482/2818 1491/2819 1484/2820
f 1482/2821 1481/2822 1495/2823 1491/2824
f 1481/2822 1480/2825 1499/2826 1495/2823
f 1480/2827 1479/2828 1503/2829 1499/2830
f 1479/2828 1478/2831 1507/2832 1503/2829
f 1476/2833 1477/2834 1515/2835 1511/2836
f 1477/2837 1483/2817 1484/2820 1515/2838
f 1484/2820 1491/2819 1490/2839 1485/2840
f 1485/2840 1490/2839 1489/2841 1486/2842
f 1486/2842 1489/2841 1488/2843 1487/2844
f 1487/2845 1488/2846 1474/2847 1475/2848
f 1491/2824 1495/2823 1494/2849 1490/2850
f 1490/2851 1494/2852 1493/2853 1489/2854
f 1489/2854 1493/2853 1492/2855 1488/2846
f 1488/2846 1492/2855 1473/2856 1474/2847
f 1495/2823 1499/2826 1498/2857 1494/2849
f 1494/2849 1498/2857 1497/2858 1493/2859
f 1493/2859 1497/2858 1496/2860 1492/2861
f 1492/2855 1496/2862 1472/2863 1473/2856
f 1499/2830 1503/2829 1502/2864 1498/2865
f 1498/2865 1502/2864 1501/2866 1497/2867
f 1497/2867 1501/2866 1500/2868 1496/2869
f 1496/2869 1500/2868 1471/2870 1472/2871
f 1503/2829 1507/2832 1506/2872 1502/2864
f 1502/2864 1506/2872 1505/2873 1501/2866
f 1501/2866 1505/2873 1504/2874 1500/2868
f 1500/2875 1504/2876 1470/2877 1471/2878
f 1507/2879 1511/2880 1510/2881 1506/2882
f 1506/2882 1510/2881 1509/2883 1505/2884
f 1505/2884 1509/2883 1508/2885 1504/2886
f 1511/2836 1515/2835 1514/2887 1510/2888
f 1510/2888 1514/2887 1513/2889 1509/2890
f 1509/2890 1513/2889 1512/2891 1508/2892
f 1508/2893 1512/2894 1468/2895 1469/2896
f 1515/2838 1484/2820 1485/2840 1514/2897
f 1514/2897 1485/2840 1486/2842 1513/2898
f 1513/2898 1486/2842 1487/2844 1512/2899
f 1512/2899 1487/2844 1475/2900 1468/2901
f 1482/2902 1483/2903 1477/2904 1476/2905 1478/2906 1479/2907 1480/2908 1481/2909
f 1531/2910 1530/2911 1539/2912 1532/2913
f 1530/2911 1529/2914 1543/2915 1539/2912
f 1529/2914 1528/2916 1547/2917 1543/2915
f 1528/2918 1527/2919 1551/2920 1547/2921
f 1527/2922 1526/2923 1555/2924 1551/2925
f 1524/2926 1525/2927 1563/2928 1559/2929
f 1525/2930 1531/2931 1532/2932 1563/2933
f 1532/2932 1539/2934 1538/2935 1533/2936
f 1533/2936 1538/2935 1537/2937 1534/2938
f 1534/2938 1537/2937 1536/2939 1535/2940
f 1535/2940 1536/2939 1522/2941 1523/2942
f 1539/2912 1543/2915 1542/2943 1538/2944
f 1538/2944 1542/2943 1541/2945 1537/2946
f 1537/2947 1541/2948 1540/2949 1536/2950
f 1536/2950 1540/2949 1521/2951 1522/2952
f 1543/2953 1547/2954 1546/2955 1542/2956
f 1542/2956 1546/2955 1545/2957 1541/2948
f 1541/2948 1545/2957 1544/2958 1540/2949
f 1540/2949 1544/2958 1520/2959 1521/2951
f 1547/2921 1551/2920 1550/2960 1546/2961
f 1546/2961 1550/2960 1549/2962 1545/2963
f 1545/2963 1549/2962 1548/2964 1544/2965
f 1544/2965 1548/2964 1519/2966 1520/2967
f 1551/2920 1555/2968 1554/2969 1550/2960
f 1550/2960 1554/2969 1553/2970 1549/2962
f 1549/2962 1553/2970 1552/2971 1548/2964
f 1548/2964 1552/2971 1518/2972 1519/2966
f 1555/2973 1559/2974 1558/2975 1554/2976
f 1554/2976 1558/2975 1557/2977 1553/2978
f 1553/2978 1557/2977 1556/2979 1552/2980
f 1559/2981 1563/2982 1562/2983 1558/2984
f 1558/2984 1562/2983 1561/2985 1557/2986
f 1557/2986 1561/2985 1560/2987 1556/2988
f 1556/2988 1560/2987 1516/2989 1517/2990
f 1563/2933 1532/2932 1533/2936 1562/2991
f 1562/2991 1533/2936 1534/2938 1561/2992
f 1561/2992 1534/2938 1535/2940 1560/2993
f 1560/2993 1535/2940 1523/2942 1516/2994
f 1530/2995 1531/2996 1525/2997 1524/2998 1526/2999 1527/3000 1528/3001 1529/3002
g firebox_cylinder.060
v 1.100481 0.125000 0.312500
v 1.100481 2.000000 0.312500
v 1.274519 0.125000 0.212019
v 1.274519 2.000000 0.212019
v 1.375000 0.125000 0.037981
v 1.375000 2.000000 0.037981
v 1.375000 0.125000 -0.162981
v 1.375000 2.000000 -0.162981
v 1.274519 0.125000 -0.337019
v 1.274519 2.000000 -0.337019
v 1.100481 0.125000 -0.437500
v 1.100481 2.000000 -0.437500
v 0.899519 0.125000 -0.437500
v 0.899519 2.000000 -0.437500
v 0.725481 0.125000 -0.337019
v 0.725481 2.000000 -0.337019
v 0.625000 0.125000 -0.162981
v 0.625000 2.000000 -0.162981
v 0.625000 0.125000 0.037981
v 0.625000 2.000000 0.037981
v 0.725481 0.125000 0.212019
v 0.725481 2.000000 0.212019
v 0.899519 0.125000 0.312500
v 0.899519 2.000000 0.312500
v 1.437500 2.062500 -0.187500
v 1.437500 2.062500 -0.250000
v 1.437500 2.000000 -0.187500
v 1.437500 2.000000 -0.250000
v 1.250000 2.062500 -0.250000
v 1.250000 2.062500 -0.187500
v 1.250000 2.000000 -0.250000
v 1.250000 2.000000 -0.187500
v 1.437500 2.062500 0.125000
v 1.437500 2.062500 0.062500
v 1.437500 2.000000 0.125000
v 1.437500 2.000000 0.062500
v 1.250000 2.062500 0.062500
v 1.250000 2.062500 0.125000
v 1.250000 2.000000 0.062500
v 1.250000 2.000000 0.125000
v 1.437500 2.062500 -0.000000
v 1.437500 2.062500 -0.125000
v 1.437500 1.937500 -0.000000
v 1.437500 1.937500 -0.125000
v 1.375000 2.062500 -0.125000
v 1.375000 2.062500 -0.000000
v 1.375000 1.937500 -0.125000
v 1.375000 1.937500 -0.000000
v 1.410355 2.056250 0.156250
v 1.410355 2.056250 -0.281250
v 1.425000 2.041605 0.156250
v 1.425000 2.041605 -0.281250
v 1.425000 2.020895 0.156250
v 1.425000 2.020895 -0.281250
v 1.410355 2.006250 0.156250
v 1.410355 2.006250 -0.281250
v 1.389645 2.006250 0.156250
v 1.389645 2.006250 -0.281250
v 1.375000 2.020895 0.156250
v 1.375000 2.020895 -0.281250
v 1.375000 2.041605 0.156250
v 1.375000 2.041605 -0.281250
v 1.389645 2.056250 0.156250
v 1.389645 2.056250 -0.281250
v 1.012944 2.145117 -0.031250
v 1.012944 2.207617 -0.031250
v 1.031250 2.145117 -0.049556
v 1.031250 2.207617 -0.049556
v 1.031250 2.145117 -0.075444
v 1.031250 2.207617 -0.075444
v 1.012944 2.145117 -0.093750
v 1.012944 2.207617 -0.093750
v 0.987056 2.145117 -0.093750
v 0.987056 2.207617 -0.093750
v 0.968750 2.145117 -0.075444
v 0.968750 2.207617 -0.075444
v 0.968750 2.145117 -0.049556
v 0.968750 2.207617 -0.049556
v 0.987056 2.145117 -0.031250
v 0.987056 2.207617 -0.031250
v 1.038833 0.218750 -0.350000
v 1.038833 0.218750 -0.475000
v 1.093750 0.273667 -0.350000
v 1.093750 0.273667 -0.475000
v 1.093750 0.351332 -0.350000
v 1.093750 0.351332 -0.475000
v 1.038833 0.406250 -0.350000
v 1.038833 0.406250 -0.475000
v 0.961167 0.406250 -0.350000
v 0.961167 0.406250 -0.475000
v 0.906250 0.351332 -0.350000
v 0.906250 0.351332 -0.475000
v 0.906250 0.273667 -0.350000
v 0.906250 0.273667 -0.475000
v 0.961167 0.218750 -0.350000
v 0.961167 0.218750 -0.475000
v 1.046599 0.200000 -0.475000
v 1.046599 0.200000 -0.487500
v 1.112500 0.265901 -0.475000
v 1.112500 0.265901 -0.487500
v 1.112500 0.359099 -0.475000
v 1.112500 0.359099 -0.487500
v 1.046599 0.425000 -0.475000
v 1.046599 0.425000 -0.487500
v 0.953401 0.425000 -0.475000
v 0.953401 0.425000 -0.487500
v 0.887500 0.359099 -0.475000
v 0.887500 0.359099 -0.487500
v 0.887500 0.265901 -0.475000
v 0.887500 0.265901 -0.487500
v 0.953401 0.200000 -0.475000
v 0.953401 0.200000 -0.487500
v 1.001591 2.154068 -0.060797
v 0.902776 1.999292 -0.436850
v 0.916385 2.077218 -0.386341
v 0.952554 2.133034 -0.248703
v 1.103729 1.997988 -0.435420
v 1.090416 2.076088 -0.385103
v 1.053030 2.132381 -0.247987
v 1.277043 1.996639 -0.333704
v 1.240509 2.074920 -0.297014
v 1.139688 2.132543 -0.197123
v 1.376278 1.995606 -0.158956
v 1.326450 2.074026 -0.145678
v 1.189305 2.132027 -0.109749
v 1.374846 1.995167 0.042000
v 1.325210 2.073646 0.028356
v 1.188589 2.131807 -0.009270
v 1.273129 1.995440 0.215319
v 1.237120 2.073882 0.178454
v 1.137731 2.131943 0.077388
v 1.098382 1.996350 0.314559
v 1.085785 2.074670 0.264398
v 1.050357 2.132399 0.127008
v 0.897429 1.997655 0.313129
v 0.911755 2.075800 0.263160
v 0.949880 2.133051 0.126294
v 0.724116 1.999004 0.211413
v 0.761660 2.076969 0.175071
v 0.863224 2.133725 0.075435
v 0.624880 2.000036 0.036664
v 0.675719 2.077863 0.023735
v 0.813606 2.134242 -0.011939
v 0.626312 2.000475 -0.164292
v 0.676961 2.078242 -0.150299
v 0.814322 2.134461 -0.112416
v 0.728029 2.000203 -0.337610
v 0.765050 2.078007 -0.300397
v 0.865181 2.134325 -0.199077
v 0.626312 2.000475 -0.164292
v 0.728029 2.000203 -0.337610
v 0.724116 1.999004 0.211413
v 0.624880 2.000036 0.036664
vt 0.073089 0.389779
vt 0.107002 0.390880
vt 0.107002 0.755720
vt 0.073089 0.754619
vt 0.634608 0.366933
vt 0.668540 0.365944
vt 0.668540 0.730894
vt 0.634608 0.731883
vt 0.707705 0.365945
vt 0.707705 0.730895
vt 0.741610 0.366937
vt 0.741610 0.731887
vt 0.741610 0.364837
vt 0.707672 0.365944
vt 0.707672 0.001113
vt 0.741610 0.000006
vt 0.668507 0.365942
vt 0.668507 0.001110
vt 0.634608 0.364831
vt 0.634608 -0.000000
vt 0.214003 0.755196
vt 0.180085 0.755196
vt 0.180085 0.389778
vt 0.214003 0.389778
vt 0.140920 0.755196
vt 0.140920 0.389778
vt 0.107002 0.755196
vt 0.107002 0.389778
vt 0.000000 0.390879
vt 0.033923 0.389778
vt 0.033923 0.754618
vt 0.000000 0.755718
vt 0.986119 0.805006
vt 0.986119 0.841547
vt 0.973958 0.841548
vt 0.973958 0.805006
vt 0.974461 0.243612
vt 0.974461 0.255793
vt 0.962296 0.255793
vt 0.962296 0.243612
vt 0.890226 0.980370
vt 0.890226 0.943828
vt 0.902388 0.943828
vt 0.902388 0.980370
vt 0.974009 0.605792
vt 0.961828 0.605792
vt 0.961828 0.593612
vt 0.974009 0.593612
vt 0.510010 0.925724
vt 0.510010 0.962265
vt 0.497830 0.962265
vt 0.497830 0.925724
vt 0.865871 0.585886
vt 0.865871 0.622427
vt 0.853690 0.622427
vt 0.853690 0.585886
vt 0.986119 0.768463
vt 0.986119 0.805005
vt 0.973958 0.805006
vt 0.973958 0.768464
vt 0.822856 0.976322
vt 0.822856 0.988502
vt 0.810691 0.988503
vt 0.810691 0.976322
vt 0.973958 0.768463
vt 0.973957 0.731921
vt 0.986119 0.731921
vt 0.986119 0.768463
vt 0.968637 0.731921
vt 0.956456 0.731921
vt 0.956456 0.719741
vt 0.968637 0.719741
vt 0.477498 0.925724
vt 0.477498 0.962265
vt 0.465317 0.962265
vt 0.465317 0.925724
vt 0.475025 0.877240
vt 0.475025 0.913781
vt 0.462844 0.913781
vt 0.462844 0.877240
vt 0.914593 0.999856
vt 0.902413 0.999855
vt 0.902413 0.975533
vt 0.914593 0.975533
vt 0.414109 0.952309
vt 0.414109 0.976670
vt 0.389779 0.976671
vt 0.389779 0.952310
vt 0.934952 0.975504
vt 0.947132 0.975504
vt 0.947132 0.999827
vt 0.934952 0.999827
vt 0.951135 0.389778
vt 0.926774 0.389778
vt 0.926774 0.365417
vt 0.951135 0.365417
vt 0.987250 0.609029
vt 0.999431 0.609029
vt 0.999431 0.633390
vt 0.987250 0.633390
vt 0.992346 0.535370
vt 0.980166 0.535370
vt 0.980166 0.511009
vt 0.992346 0.511009
vt 0.741610 0.504592
vt 0.744604 0.504594
vt 0.744604 0.589858
vt 0.741610 0.589856
vt 0.748635 0.504594
vt 0.748635 0.589858
vt 0.741610 0.419328
vt 0.744464 0.419328
vt 0.744464 0.504592
vt 0.741610 0.504592
vt 0.748500 0.419328
vt 0.748500 0.504592
vt 0.623665 0.622522
vt 0.626519 0.622522
vt 0.626519 0.707786
vt 0.623665 0.707786
vt 0.630555 0.622522
vt 0.630555 0.707786
vt 0.633410 0.622522
vt 0.633410 0.707786
vt 0.973958 0.942582
vt 0.976808 0.939728
vt 0.980837 0.939728
vt 0.983687 0.942582
vt 0.983686 0.946618
vt 0.980837 0.949473
vt 0.976807 0.949473
vt 0.973958 0.946618
vt 0.748500 0.419328
vt 0.752536 0.419328
vt 0.752536 0.504592
vt 0.748500 0.504592
vt 0.472574 0.916635
vt 0.472574 0.920672
vt 0.469724 0.923526
vt 0.465694 0.923526
vt 0.462844 0.920672
vt 0.462844 0.916636
vt 0.465694 0.913781
vt 0.469724 0.913781
vt 0.947132 0.975684
vt 0.950702 0.975504
vt 0.950702 0.987669
vt 0.947132 0.987849
vt 0.955748 0.975504
vt 0.955748 0.987669
vt 0.987652 0.257965
vt 0.984081 0.258166
vt 0.984081 0.246005
vt 0.987652 0.245804
vt 0.979035 0.258166
vt 0.979035 0.246005
vt 0.980817 0.731921
vt 0.977250 0.731921
vt 0.977250 0.719741
vt 0.980817 0.719741
vt 0.972204 0.731921
vt 0.972204 0.719741
vt 0.968637 0.731921
vt 0.968637 0.719741
vt 0.460474 0.979107
vt 0.460474 0.984152
vt 0.456907 0.987719
vt 0.451861 0.987719
vt 0.448294 0.984152
vt 0.448294 0.979107
vt 0.451861 0.975539
vt 0.456907 0.975539
vt 0.822459 0.610613
vt 0.827504 0.610613
vt 0.827504 0.622774
vt 0.822459 0.622774
vt 0.860156 0.952615
vt 0.835795 0.952615
vt 0.835795 0.941912
vt 0.860156 0.941912
vt 0.389779 0.937192
vt 0.414140 0.937192
vt 0.414140 0.952309
vt 0.389779 0.952309
vt 0.389785 0.925962
vt 0.414147 0.925962
vt 0.980165 0.501488
vt 0.980165 0.477127
vt 0.995302 0.477127
vt 0.995302 0.501488
vt 0.790332 0.600561
vt 0.765971 0.600561
vt 0.765971 0.589858
vt 0.790332 0.589858
vt 0.790332 0.615697
vt 0.765971 0.615697
vt 0.790332 0.626400
vt 0.765971 0.626400
vt 0.835795 0.926776
vt 0.860156 0.926776
vt 0.754136 0.409513
vt 0.751700 0.409513
vt 0.751700 0.396670
vt 0.754136 0.396670
vt 0.752536 0.432805
vt 0.754972 0.432804
vt 0.754977 0.450944
vt 0.752541 0.450945
vt 0.752541 0.419329
vt 0.754977 0.419328
vt 0.790332 0.589858
vt 0.792768 0.589858
vt 0.792768 0.608021
vt 0.790332 0.608021
vt 0.754972 0.463788
vt 0.752536 0.463788
vt 0.752536 0.450945
vt 0.754972 0.450945
vt 0.754972 0.481952
vt 0.752536 0.481952
vt 0.565059 0.865483
vt 0.565059 0.883646
vt 0.552236 0.896491
vt 0.534102 0.896492
vt 0.521279 0.883649
vt 0.521279 0.865486
vt 0.534102 0.852641
vt 0.552236 0.852640
vt 0.754136 0.378507
vt 0.751700 0.378507
vt 0.751700 0.365663
vt 0.754136 0.365663
vt 0.477498 0.865484
vt 0.490321 0.852641
vt 0.508456 0.852640
vt 0.521279 0.865484
vt 0.521279 0.883647
vt 0.508456 0.896490
vt 0.490321 0.896491
vt 0.477498 0.883648
vt 0.960158 0.331122
vt 0.944422 0.328556
vt 0.944422 0.294639
vt 0.960158 0.291957
vt 0.634608 0.812138
vt 0.661375 0.804981
vt 0.671166 0.821940
vt 0.651567 0.841512
vt 0.697923 0.795192
vt 0.943500 0.265375
vt 0.959093 0.258166
vt 0.688126 0.831730
vt 0.680941 0.858471
vt 0.942383 0.365166
vt 0.926774 0.358039
vt 0.927741 0.328555
vt 0.943500 0.331120
vt 0.707708 0.831730
vt 0.714859 0.858471
vt 0.927741 0.294638
vt 0.943500 0.291956
vt 0.724667 0.821939
vt 0.744233 0.841512
vt 0.926774 0.265375
vt 0.942383 0.258166
vt 0.734458 0.804980
vt 0.761192 0.812138
vt 0.848241 0.624887
vt 0.863859 0.632014
vt 0.862868 0.661497
vt 0.847097 0.658931
vt 0.734458 0.785397
vt 0.761192 0.778220
vt 0.862869 0.695415
vt 0.847097 0.698096
vt 0.724667 0.768438
vt 0.744233 0.748846
vt 0.863860 0.724678
vt 0.848241 0.731887
vt 0.707708 0.758647
vt 0.714859 0.731887
vt 0.617835 0.901363
vt 0.632988 0.908535
vt 0.632988 0.938029
vt 0.617835 0.935420
vt 0.688126 0.758647
vt 0.680941 0.731887
vt 0.927254 0.641925
vt 0.942420 0.644452
vt 0.942479 0.678369
vt 0.927322 0.681089
vt 0.671166 0.768438
vt 0.651567 0.748846
vt 0.942420 0.707621
vt 0.927254 0.714867
vt 0.661375 0.785397
vt 0.634608 0.778220
vt 0.959093 0.365166
vt 0.943500 0.358039
s 0
g firebox_blue
usemtl blue
f 1564/3003 1566/3004 1567/3005 1565/3006
f 1566/3007 1568/3008 1569/3009 1567/3010
f 1568/3008 1570/3011 1571/3012 1569/3009
f 1570/3011 1572/3013 1573/3014 1571/3012
f 1572/3015 1574/3016 1575/3017 1573/3018
f 1574/3016 1576/3019 1577/3020 1575/3017
f 1576/3019 1578/3021 1579/3022 1577/3020
f 1578/3023 1580/3024 1581/3025 1579/3026
f 1580/3024 1582/3027 1583/3028 1581/3025
f 1582/3027 1584/3029 1585/3030 1583/3028
f 1584/3031 1586/3032 1587/3033 1585/3034
f 1586/3032 1564/3003 1565/3006 1587/3033
f 1591/3035 1594/3036 1592/3037 1589/3038
f 1590/3039 1591/3040 1589/3041 1588/3042
f 1595/3043 1590/3044 1588/3045 1593/3046
f 1594/3047 1595/3048 1593/3049 1592/3050
f 1593/3051 1588/3052 1589/3053 1592/3054
f 1594/3055 1591/3056 1590/3057 1595/3058
f 1599/3059 1602/3060 1600/3061 1597/3062
f 1598/3063 1599/3064 1597/3065 1596/3066
f 1603/3067 1598/3068 1596/3069 1601/3070
f 1602/3071 1603/3072 1601/3073 1600/3074
f 1601/3075 1596/3076 1597/3077 1600/3078
f 1602/3079 1599/3080 1598/3081 1603/3082
f 1607/3083 1610/3084 1608/3085 1605/3086
f 1606/3087 1607/3088 1605/3089 1604/3090
f 1611/3091 1606/3092 1604/3093 1609/3094
f 1610/3095 1611/3096 1609/3097 1608/3098
f 1609/3099 1604/3100 1605/3101 1608/3102
f 1610/3103 1607/3104 1606/3105 1611/3106
f 1612/3107 1614/3108 1615/3109 1613/3110
f 1614/3108 1616/3111 1617/3112 1615/3109
f 1616/3113 1618/3114 1619/3115 1617/3116
f 1618/3114 1620/3117 1621/3118 1619/3115
f 1620/3119 1622/3120 1623/3121 1621/3122
f 1622/3120 1624/3123 1625/3124 1623/3121
f 1624/3123 1626/3125 1627/3126 1625/3124
f 1613/3127 1615/3128 1617/3129 1619/3130 1621/3131 1623/3132 1625/3133 1627/3134
f 1626/3135 1612/3136 1613/3137 1627/3138
f 1612/3139 1626/3140 1624/3141 1622/3142 1620/3143 1618/3144 1616/3145 1614/3146
f 1628/3147 1630/3148 1631/3149 1629/3150
f 1630/3148 1632/3151 1633/3152 1631/3149
f 1632/3153 1634/3154 1635/3155 1633/3156
f 1634/3154 1636/3157 1637/3158 1635/3155
f 1636/3159 1638/3160 1639/3161 1637/3162
f 1638/3160 1640/3163 1641/3164 1639/3161
f 1640/3163 1642/3165 1643/3166 1641/3164
f 1629/3167 1631/3168 1633/3169 1635/3170 1637/3171 1639/3172 1641/3173 1643/3174
f 1642/3175 1628/3176 1629/3177 1643/3178
f 1647/3179 1646/3180 1644/3181 1645/3182
f 1649/3183 1648/3184 1646/3185 1647/3186
f 1651/3187 1650/3188 1648/3184 1649/3183
f 1653/3189 1652/3190 1650/3191 1651/3192
f 1655/3193 1654/3194 1652/3195 1653/3196
f 1657/3197 1656/3198 1654/3194 1655/3193
f 1659/3199 1658/3200 1656/3198 1657/3197
f 1645/3182 1644/3181 1658/3201 1659/3202
f 1663/3203 1662/3204 1660/3205 1661/3206
f 1665/3207 1664/3208 1662/3209 1663/3210
f 1667/3211 1666/3212 1664/3208 1665/3207
f 1669/3213 1668/3214 1666/3215 1667/3216
f 1671/3217 1670/3218 1668/3219 1669/3220
f 1673/3221 1672/3222 1670/3218 1671/3217
f 1661/3223 1675/3224 1673/3225 1671/3226 1669/3227 1667/3228 1665/3229 1663/3230
f 1675/3231 1674/3232 1672/3233 1673/3234
f 1660/3235 1662/3236 1664/3237 1666/3238 1668/3239 1670/3240 1672/3241 1674/3242
f 1661/3206 1660/3205 1674/3232 1675/3231
f 1677/3243 1678/3244 1681/3245 1680/3246
f 1678/3247 1679/3248 1682/3249 1681/3250
f 1682/3249 1679/3248 1676/3251
f 1680/3246 1681/3245 1684/3252 1683/3253
f 1681/3250 1682/3249 1685/3254 1684/3255
f 1685/3254 1682/3249 1676/3251
f 1683/3256 1684/3257 1687/3258 1686/3259
f 1684/3255 1685/3254 1688/3260 1687/3261
f 1688/3260 1685/3254 1676/3251
f 1686/3259 1687/3258 1690/3262 1689/3263
f 1687/3261 1688/3260 1691/3264 1690/3265
f 1691/3264 1688/3260 1676/3251
f 1689/3263 1690/3262 1693/3266 1692/3267
f 1690/3265 1691/3264 1694/3268 1693/3269
f 1694/3268 1691/3264 1676/3251
f 1692/3270 1693/3271 1696/3272 1695/3273
f 1693/3269 1694/3268 1697/3274 1696/3275
f 1697/3274 1694/3268 1676/3251
f 1695/3273 1696/3272 1699/3276 1698/3277
f 1696/3275 1697/3274 1700/3278 1699/3279
f 1700/3278 1697/3274 1676/3251
f 1698/3277 1699/3276 1702/3280 1715/3281
f 1699/3279 1700/3278 1703/3282 1702/3283
f 1703/3282 1700/3278 1676/3251
f 1701/3284 1702/3285 1705/3286 1716/3287
f 1702/3283 1703/3282 1706/3288 1705/3289
f 1706/3288 1703/3282 1676/3251
f 1704/3290 1705/3291 1708/3292 1707/3293
f 1705/3289 1706/3288 1709/3294 1708/3295
f 1709/3294 1706/3288 1676/3251
f 1707/3293 1708/3292 1711/3296 1710/3297
f 1708/3295 1709/3294 1712/3298 1711/3299
f 1712/3298 1709/3294 1676/3251
f 1710/3300 1711/3301 1678/3244 1677/3243
f 1711/3299 1712/3298 1679/3248 1678/3247
f 1679/3248 1712/3298 1676/3251
l 1713 1714
g pipe-cover_pipe_cover_2
v 1.062500 1.371875 0.500000
v 1.062500 1.371875 0.312500
v -0.062500 1.371875 0.312500
v -0.062500 1.371875 0.500000
v 0.062500 1.375000 0.312500
v 0.062500 1.375000 0.250000
v 0.062500 1.312500 0.312500
v 0.062500 1.312500 0.250000
v -0.062500 1.375000 0.250000
v -0.062500 1.375000 0.312500
v -0.062500 1.312500 0.250000
v -0.062500 1.312500 0.312500
v 0.062500 1.000000 0.312500
v 0.062500 1.000000 0.250000
v 0.062500 0.937500 0.312500
v 0.062500 0.937500 0.250000
v -0.062500 1.000000 0.250000
v -0.062500 1.000000 0.312500
v -0.062500 0.937500 0.250000
v -0.062500 0.937500 0.312500
v 0.062500 0.625000 0.312500
v 0.062500 0.625000 0.250000
v 0.062500 0.562500 0.312500
v 0.062500 0.562500 0.250000
v -0.062500 0.625000 0.250000
v -0.062500 0.625000 0.312500
v -0.062500 0.562500 0.250000
v -0.062500 0.562500 0.312500
v 1.193750 1.562500 0.500000
v 1.193750 1.562500 0.312500
v -0.062500 1.562500 0.312500
v -0.062500 1.562500 0.500000
v 1.192188 0.306250 0.500000
v 1.192188 0.306250 0.312500
v 1.192188 1.562500 0.312500
v 1.192188 1.562500 0.500000
v 1.062500 0.996875 0.500000
v 1.062500 0.996875 0.312500
v -0.062500 0.996875 0.312500
v -0.062500 0.996875 0.500000
v 1.062500 0.621875 0.500000
v 1.062500 0.621875 0.312500
v -0.062500 0.621875 0.312500
v -0.062500 0.621875 0.500000
v 1.193750 1.562500 0.501562
v 1.193750 1.562500 0.501562
v 1.193750 0.250000 0.501562
v 1.193750 0.250000 0.501562
v -0.062500 1.562500 0.501562
v -0.062500 1.562500 0.501562
v -0.062500 0.250000 0.501562
v -0.062500 0.250000 0.501562
vt 0.756246 0.584906
vt 0.756246 0.365656
vt 0.792787 0.365656
vt 0.792787 0.584906
vt 0.986246 0.727056
vt 0.986246 0.702695
vt 0.998427 0.702695
vt 0.998427 0.727056
vt 0.423933 0.975539
vt 0.436113 0.975539
vt 0.436113 0.987719
vt 0.423933 0.987719
vt 0.986297 0.666286
vt 0.986297 0.641925
vt 0.998477 0.641925
vt 0.998477 0.666286
vt 0.954660 0.727189
vt 0.942479 0.727189
vt 0.942479 0.715009
vt 0.954660 0.715009
vt 0.197922 0.998807
vt 0.197922 0.974446
vt 0.210102 0.974446
vt 0.210102 0.998807
vt 0.998990 0.048757
vt 0.998990 0.073118
vt 0.986810 0.073118
vt 0.986810 0.048757
vt 0.986810 0.097496
vt 0.986810 0.073135
vt 0.998990 0.073135
vt 0.998990 0.097496
vt 0.810278 0.610593
vt 0.822458 0.610593
vt 0.822458 0.622774
vt 0.810278 0.622774
vt 0.986810 0.121857
vt 0.998990 0.121857
vt 0.436113 0.987719
vt 0.436113 0.975539
vt 0.448294 0.975539
vt 0.448294 0.987719
vt 0.986810 0.146253
vt 0.986810 0.121892
vt 0.998990 0.121892
vt 0.998990 0.146253
vt 0.998990 0.146270
vt 0.998990 0.170631
vt 0.986810 0.170631
vt 0.986810 0.146270
vt 0.986809 0.195026
vt 0.986809 0.170665
vt 0.998990 0.170665
vt 0.998990 0.195026
vt 0.927254 0.714867
vt 0.939434 0.714867
vt 0.939434 0.727048
vt 0.927254 0.727048
vt 0.288751 0.999045
vt 0.288751 0.974684
vt 0.300931 0.974684
vt 0.300931 0.999045
vt 0.962296 0.255793
vt 0.950115 0.255793
vt 0.950115 0.243612
vt 0.962296 0.243612
vt 0.357366 0.999045
vt 0.357366 0.974684
vt 0.369546 0.974684
vt 0.369546 0.999045
vt 0.028324 0.974970
vt 0.028324 0.999331
vt 0.016143 0.999331
vt 0.016143 0.974970
vt 0.829329 0.585886
vt 0.829329 0.341056
vt 0.865871 0.341056
vt 0.865871 0.585886
vt 0.792787 0.610485
vt 0.792787 0.365655
vt 0.829329 0.365655
vt 0.829329 0.610485
vt 0.865871 0.902493
vt 0.865871 0.683243
vt 0.902413 0.683243
vt 0.902413 0.902493
vt 0.902413 0.951172
vt 0.902413 0.731921
vt 0.938954 0.731921
vt 0.938954 0.951172
vt 0.389779 0.000000
vt 0.634608 0.000000
vt 0.634608 0.255792
vt 0.389779 0.255792
vt 0.194889 0.389778
vt 0.389779 0.255792
vt 0.634608 0.511584
vt 0.389779 0.511584
s 0
g pipe-cover_blue
usemtl blue
f 1720/3302 1717/3303 1718/3304 1719/3305
f 1724/3306 1727/3307 1725/3308 1722/3309
f 1723/3310 1724/3311 1722/3312 1721/3313
f 1728/3314 1723/3315 1721/3316 1726/3317
f 1727/3318 1728/3319 1726/3320 1725/3321
f 1726/3322 1721/3323 1722/3324 1725/3325
f 1727/3326 1724/3327 1723/3328 1728/3329
f 1732/3330 1735/3331 1733/3332 1730/3333
f 1731/3334 1732/3335 1730/3336 1729/3337
f 1736/3338 1731/3330 1729/3333 1734/3339
f 1735/3340 1736/3341 1734/3342 1733/3343
f 1734/3344 1729/3345 1730/3346 1733/3347
f 1735/3348 1732/3349 1731/3350 1736/3351
f 1740/3352 1743/3353 1741/3354 1738/3355
f 1739/3356 1740/3357 1738/3358 1737/3359
f 1744/3360 1739/3361 1737/3362 1742/3363
f 1743/3364 1744/3365 1742/3366 1741/3367
f 1742/3368 1737/3369 1738/3370 1741/3371
f 1743/3372 1740/3373 1739/3374 1744/3375
f 1748/3376 1745/3377 1746/3378 1747/3379
f 1752/3380 1749/3381 1750/3382 1751/3383
f 1756/3384 1753/3385 1754/3386 1755/3387
f 1760/3388 1757/3389 1758/3390 1759/3391
f 1764/3392 1767/3393 1765/3394 1762/3395
f 1763/3396 1764/3396 1762/3396 1761/3396
f 1768/3397 1763/3394 1761/3398 1766/3399
f 1767/3396 1768/3396 1766/3396 1765/3396
f 1766/3396 1761/3396 1762/3396 1765/3396
f 1767/3396 1764/3396 1763/3396 1768/3396
