# Made in Blockbench 4.10.4
mtllib materials.mtl

o gasifier-base_base
v 1.5 0 -0.5
v -0.5 0 -0.5
v -0.5 0.125 -0.5
v 1.5 0.125 -0.5
v 1.5 0 0.5
v 1.5 0.125 0.5
v -0.5 0 0.5
v -0.5 0.125 0.5
vt 0.599304 0.901363
vt 0.599304 0.511584
vt 0.623665 0.511584
vt 0.623665 0.901363
vt 0.858637 0.731887
vt 0.858637 0.926776
vt 0.834276 0.926776
vt 0.834276 0.731887
vt 0.902413 0.38977799999999996
vt 0.902413 0
vt 0.926774 0
vt 0.926774 0.38977799999999996
vt 0.180085 0.950085
vt 0.180085 0.755196
vt 0.204446 0.755196
vt 0.204446 0.950085
vt 0 0.38977799999999996
vt 0 0
vt 0.194889 0
vt 0.194889 0.38977799999999996
vt 0.389779 0
vt 0.389778 0.38977799999999996
vt 0.194889 0.38977799999999996
vt 0.194889 0
vn 0 0 -1
vn 1 0 0
vn 0 0 1
vn -1 0 0
vn 0 1 0
vn 0 -1 0
usemtl texture0
f 1/1/1 2/2/1 3/3/1 4/4/1
f 5/5/2 1/6/2 4/7/2 6/8/2
f 7/9/3 5/10/3 6/11/3 8/12/3
f 2/13/4 7/14/4 8/15/4 3/16/4
f 8/17/5 6/18/5 4/19/5 3/20/5
f 2/21/6 1/22/6 5/23/6 7/24/6
o piping2_cylinder.002
v -0.5 0.525888 0.0625
v -0.5 0.5625 0.025888
v -0.5 0.5625 -0.025888
v -0.5 0.525888 -0.0625
v -0.484317 0.474074 -0.062195
v -0.484317 0.437463 -0.025584
v -0.484317 0.437463 0.026193
v -0.484317 0.474074 0.062805
v -0.217879 2.349111 0.225739
v -0.217879 2.349111 0.225739
v -0.217879 2.400888 0.225739
v -0.217879 2.400888 0.225739
v -0.245922 2.4375 0.202202
v -0.245922 2.4375 0.202202
v -0.285581 2.4375 0.168916
v -0.285581 2.4375 0.168916
v -0.313625 2.400888 0.145379
v -0.313625 2.400888 0.145379
v -0.313625 2.349111 0.145379
v -0.313625 2.349111 0.145379
v -0.285581 2.3125 0.168916
v -0.285581 2.3125 0.168916
v -0.245922 2.3125 0.202202
v -0.245922 2.3125 0.202202
v -0.217879 2.349111 0.225739
v -0.217879 2.400888 0.225739
v -0.245922 2.4375 0.202202
v -0.285581 2.4375 0.168916
v -0.313625 2.400888 0.145379
v -0.313625 2.349111 0.145379
v -0.285581 2.3125 0.168916
v -0.245922 2.3125 0.202202
v -0.217879 2.349111 0.225739
v -0.217879 2.400888 0.225739
v -0.245922 2.4375 0.202202
v -0.285581 2.4375 0.168916
v -0.313625 2.400888 0.145379
v -0.313625 2.349111 0.145379
v -0.285581 2.3125 0.168916
v -0.245922 2.3125 0.202202
v -0.217879 2.349111 0.225739
v -0.217879 2.400888 0.225739
v -0.245922 2.4375 0.202202
v -0.285581 2.4375 0.168916
v -0.313625 2.400888 0.145379
v -0.313625 2.349111 0.145379
v -0.285581 2.3125 0.168916
v -0.245922 2.3125 0.202202
v -0.29404 2.3125 0.178994
v -0.254381 2.3125 0.212281
v -0.251485 2.312949 0.20883
v -0.291144 2.312949 0.175543
v -0.294318 2.308018 0.179326
v -0.254659 2.308018 0.212612
v -0.254369 2.312538 0.212266
v -0.294028 2.312538 0.178979
v -0.363073 0.562846 0.265036
v -0.40094 0.562846 0.300347
v -0.40094 0.562846 0.300347
v -0.363073 0.562846 0.265036
v -0.452686 0.562846 0.29854
v -0.487997 0.562846 0.260673
v -0.487997 0.562846 0.260673
v -0.452686 0.562846 0.29854
v -0.361266 0.562846 0.21329
v -0.361266 0.562846 0.21329
v -0.48619 0.562846 0.208928
v -0.48619 0.562846 0.208928
v -0.483791 0.525888 0.0625
v -0.483791 0.5625 0.025888
v -0.483791 0.5625 -0.025888
v -0.483791 0.525888 -0.0625
v -0.483791 0.474112 -0.0625
v -0.5 0.474112 -0.0625
v -0.483791 0.4375 -0.025888
v -0.5 0.4375 -0.025888
v -0.483791 0.4375 0.025888
v -0.5 0.4375 0.025888
v -0.483791 0.474112 0.0625
v -0.5 0.474112 0.0625
v -0.5 0.531066 0.075
v -0.5 0.575 0.031066
v -0.525 0.575 0.031066
v -0.525 0.531066 0.075
v -0.5 0.575 -0.031066
v -0.525 0.575 -0.031066
v -0.5 0.531066 -0.075
v -0.525 0.531066 -0.075
v -0.5 0.468934 -0.075
v -0.525 0.468934 -0.075
v -0.5 0.425 -0.031066
v -0.525 0.425 -0.031066
v -0.5 0.425 0.031066
v -0.525 0.425 0.031066
v -0.5 0.468934 0.075
v -0.525 0.468934 0.075
v -0.133308 2.228092 -0.012513
v -0.133308 2.312467 -0.012513
v -0.137814 2.312467 -0.064093
v -0.137814 2.228092 -0.064093
v -0.093649 2.228092 0.020774
v -0.093649 2.312467 0.020774
v -0.042068 2.228092 0.016267
v -0.042068 2.312467 0.016267
v -0.008782 2.228092 -0.023392
v -0.008782 2.312467 -0.023392
v -0.013288 2.228092 -0.074972
v -0.013288 2.312467 -0.074972
v -0.052947 2.228092 -0.108258
v -0.052947 2.312467 -0.108258
v -0.104527 2.228092 -0.103752
v -0.104527 2.312467 -0.103752
v -0.16135 2.400802 -0.035465
v -0.133307 2.437414 -0.011928
v -0.107516 2.429627 -0.042657
v -0.143961 2.395427 -0.056183
v -0.093648 2.437414 0.021358
v -0.067856 2.429627 -0.009371
v -0.065605 2.400802 0.044895
v -0.048216 2.395427 0.024177
v -0.065605 2.349025 0.044895
v -0.060099 2.347063 0.038335
v -0.093648 2.312414 0.021358
v -0.096544 2.312863 0.024809
v -0.133307 2.312414 -0.011928
v -0.16135 2.349025 -0.035465
v -0.155844 2.347063 -0.042025
v -0.136203 2.312864 -0.008477
v -0.08648 2.410935 -0.067721
v -0.12888 2.381923 -0.074152
v -0.069995 2.385302 -0.087361
v -0.116684 2.36296 -0.088682
v -0.05797 2.352581 -0.101689
v -0.107997 2.339504 -0.099033
v -0.052959 2.312452 -0.107659
v -0.104539 2.312452 -0.103153
v -0.046821 2.410935 -0.034434
v -0.030336 2.385302 -0.054075
v -0.018311 2.352581 -0.068402
v -0.0133 2.312452 -0.074372
v -0.033135 2.381923 0.006209
v -0.020939 2.362959 -0.008322
v -0.012252 2.339504 -0.018672
v -0.008794 2.312452 -0.022792
v -0.053439 2.340894 0.030401
v -0.047308 2.331362 0.023096
v -0.043342 2.321009 0.018371
v -0.04208 2.312452 0.016867
v -0.09584 2.311883 0.02397
v -0.093998 2.30902 0.021775
v -0.09337 2.307932 0.021027
v -0.09366 2.312452 0.021373
v -0.135499 2.311884 -0.009317
v -0.133657 2.30902 -0.011512
v -0.133029 2.307933 -0.01226
v -0.149185 2.340895 -0.04996
v -0.143054 2.331362 -0.057264
v -0.139088 2.321009 -0.06199
v -0.137826 2.312452 -0.063494
v -0.133319 2.312452 -0.011913
v -0.444199 0.474074 -0.054409
v -0.457269 0.437463 -0.020209
v -0.484317 0.525851 -0.062195
v -0.444199 0.525851 -0.054409
v -0.484317 0.562463 -0.025584
v -0.457269 0.562463 -0.020209
v -0.484317 0.562463 0.026193
v -0.475752 0.562463 0.028156
v -0.484317 0.525851 0.062805
v -0.488822 0.525851 0.062355
v -0.475752 0.437463 0.028156
v -0.488822 0.474074 0.062355
v -0.411477 0.474074 -0.035716
v -0.43381 0.437463 -0.006704
v -0.385836 0.474074 -0.010083
v -0.414839 0.437463 0.012259
v -0.36713 0.474074 0.022638
v -0.401327 0.437463 0.035715
v -0.35969 0.474965 0.069091
v -0.396302 0.438353 0.069091
v -0.411477 0.525851 -0.035716
v -0.385836 0.525851 -0.010083
v -0.36713 0.525851 0.022638
v -0.35969 0.526741 0.069091
v -0.43381 0.562463 -0.006704
v -0.414839 0.562463 0.012259
v -0.401327 0.562463 0.035715
v -0.396302 0.563353 0.069091
v -0.465394 0.562463 0.034324
v -0.455857 0.562463 0.043857
v -0.449688 0.562463 0.054209
v -0.448078 0.563353 0.069091
v -0.487726 0.525851 0.063335
v -0.484861 0.525851 0.066199
v -0.484238 0.526741 0.073611
v -0.484336 0.525851 0.062766
v -0.487726 0.474074 0.063335
v -0.484861 0.474074 0.066199
v -0.484238 0.474965 0.07361
v -0.465394 0.437463 0.034324
v -0.455857 0.437463 0.043857
v -0.449688 0.437463 0.054209
v -0.448078 0.438353 0.069091
v -0.484336 0.474074 0.062766
v -0.226338 2.349111 0.235817
v -0.141762 2.349111 0.135049
v -0.141762 2.400888 0.135049
v -0.226338 2.400888 0.235817
v -0.169805 2.3125 0.111512
v -0.093689 2.3125 0.020822
v -0.065645 2.349111 0.044359
v -0.209464 2.3125 0.078226
v -0.133348 2.3125 -0.012464
v -0.237508 2.349111 0.054689
v -0.161391 2.349111 -0.036001
v -0.237508 2.400888 0.054689
v -0.161391 2.400888 -0.036001
v -0.209464 2.4375 0.078226
v -0.133348 2.4375 -0.012464
v -0.169805 2.4375 0.111512
v -0.093689 2.4375 0.020822
v -0.065645 2.400888 0.044359
v -0.254381 2.3125 0.212281
v -0.29404 2.3125 0.178994
v -0.322084 2.349111 0.155457
v -0.322084 2.400888 0.155457
v -0.29404 2.4375 0.178994
v -0.254381 2.4375 0.212281
v -0.226338 2.400888 0.235817
v -0.254381 2.4375 0.212281
v -0.280173 2.429713 0.24301
v -0.243727 2.395513 0.256536
v -0.29404 2.4375 0.178994
v -0.319832 2.429713 0.209724
v -0.322084 2.400888 0.155457
v -0.339473 2.395513 0.176175
v -0.322084 2.349111 0.155457
v -0.32759 2.347148 0.162017
v -0.226338 2.349111 0.235817
v -0.231844 2.347148 0.242378
v -0.301208 2.41102 0.268073
v -0.258808 2.382009 0.274504
v -0.317693 2.385388 0.287714
v -0.271004 2.363045 0.289035
v -0.329718 2.352667 0.302042
v -0.279691 2.339589 0.299385
v -0.334729 2.312538 0.308011
v -0.283149 2.312538 0.303505
v -0.340868 2.41102 0.234787
v -0.357352 2.385388 0.254428
v -0.369377 2.352666 0.268755
v -0.374388 2.312538 0.274725
v -0.354554 2.382009 0.194144
v -0.366749 2.363045 0.208675
v -0.375436 2.33959 0.219025
v -0.378894 2.312538 0.223145
v -0.334249 2.34098 0.169952
v -0.34038 2.331448 0.177257
v -0.344346 2.321095 0.181982
v -0.345608 2.312538 0.183486
v -0.291848 2.311969 0.176383
v -0.293691 2.309105 0.178578
v -0.252189 2.311969 0.209669
v -0.254031 2.309105 0.211864
v -0.238503 2.340981 0.250312
v -0.244634 2.331448 0.257617
v -0.2486 2.321095 0.262342
v -0.249862 2.312538 0.263846
v -0.484913 0.474495 0.172358
v -0.448324 0.437884 0.173636
v -0.449724 0.44567 0.21373
v -0.485857 0.47987 0.19939
v -0.396579 0.437884 0.175443
v -0.397979 0.44567 0.215537
v -0.359989 0.474495 0.17672
v -0.360933 0.47987 0.203752
v -0.359989 0.526272 0.17672
v -0.360288 0.528235 0.18528
v -0.396579 0.562884 0.175443
v -0.396421 0.562434 0.17094
v -0.448324 0.562884 0.173636
v -0.484913 0.526272 0.172358
v -0.485212 0.528235 0.180917
v -0.448167 0.562434 0.169133
v -0.450866 0.464363 0.246431
v -0.486676 0.493375 0.222834
v -0.451761 0.489996 0.272057
v -0.487338 0.512338 0.241793
v -0.452414 0.522717 0.290751
v -0.48781 0.535794 0.255298
v -0.452686 0.562846 0.29854
v -0.487997 0.562846 0.260673
v -0.399121 0.464363 0.248238
v -0.400016 0.489996 0.273864
v -0.400668 0.522717 0.292558
v -0.40094 0.562846 0.300347
v -0.361752 0.493375 0.227196
v -0.362414 0.512338 0.246156
v -0.362886 0.535794 0.25966
v -0.363073 0.562846 0.265036
v -0.36065 0.534403 0.195632
v -0.360983 0.543936 0.205163
v -0.361198 0.554288 0.211328
v -0.361266 0.562846 0.21329
v -0.39646 0.563414 0.172035
v -0.39656 0.566278 0.174899
v -0.396594 0.567365 0.175875
v -0.396578 0.562846 0.175423
v -0.448205 0.563414 0.170228
v -0.448305 0.566278 0.173092
v -0.448339 0.567365 0.174068
v -0.485574 0.534403 0.19127
v -0.485906 0.543936 0.2008
v -0.486122 0.554288 0.206966
v -0.48619 0.562846 0.208928
v -0.448323 0.562846 0.173616
v -0.487997 0.575623 0.260673
v -0.48619 0.575623 0.208928
v -0.396578 0.562846 0.175423
v -0.448323 0.575623 0.173616
v -0.396578 0.575623 0.175423
v -0.452686 0.575623 0.29854
v -0.40094 0.575623 0.300347
v -0.363073 0.575623 0.265036
v -0.361266 0.575623 0.21329
v -0.359906 0.474654 0.068899
v -0.359906 0.474654 0.176994
v -0.396375 0.438043 0.176994
v -0.396375 0.438043 0.068899
v -0.359906 0.526431 0.068899
v -0.359906 0.526431 0.176994
v -0.396375 0.563043 0.068899
v -0.396375 0.563043 0.176994
v -0.447949 0.563043 0.068899
v -0.447949 0.563043 0.176994
v -0.484418 0.526431 0.068899
v -0.484418 0.526431 0.176994
v -0.484418 0.474654 0.068899
v -0.484418 0.474654 0.176994
v -0.447949 0.438043 0.068899
v -0.447949 0.438043 0.176994
v -0.254469 1.875727 0.212578
v -0.254469 2.313227 0.212578
v -0.249962 2.313227 0.264158
v -0.249962 1.875727 0.264158
v -0.294128 1.875727 0.179292
v -0.294128 2.313227 0.179292
v -0.345708 1.875727 0.183798
v -0.345708 2.313227 0.183798
v -0.378994 1.875727 0.223457
v -0.378994 2.313227 0.223457
v -0.374488 1.875727 0.275038
v -0.374488 2.313227 0.275038
v -0.334829 1.875727 0.308324
v -0.334829 2.313227 0.308324
v -0.283248 1.875727 0.303818
v -0.283248 2.313227 0.303818
v -0.446542 0.590224 0.173816
v -0.395043 0.590224 0.175972
v -0.484481 0.590224 0.208707
v -0.486637 0.590224 0.260205
v -0.451746 0.590224 0.298145
v -0.400248 0.590224 0.300301
v -0.362308 0.590224 0.26541
v -0.360153 0.590224 0.213912
v -0.441527 0.631487 0.174356
v -0.390702 0.631487 0.177491
v -0.433783 0.695603 0.175144
v -0.383954 0.695603 0.179782
v -0.42381 0.778764 0.176092
v -0.3752 0.778764 0.182649
v -0.412099 0.877161 0.177108
v -0.36483 0.877161 0.185904
v -0.399123 0.986984 0.178101
v -0.353224 0.986984 0.189372
v -0.38533 1.104425 0.178979
v -0.340741 1.104425 0.192891
v -0.371142 1.225675 0.179651
v -0.327725 1.225675 0.19632
v -0.356962 1.346925 0.180048
v -0.31452 1.346925 0.199551
v -0.343187 1.464366 0.180203
v -0.301538 1.464366 0.202545
v -0.330237 1.574189 0.180172
v -0.289226 1.574189 0.205269
v -0.318557 1.672586 0.180014
v -0.278049 1.672586 0.207672
v -0.308615 1.755747 0.179787
v -0.268486 1.755747 0.209688
v -0.300897 1.819863 0.179552
v -0.261033 1.819863 0.211236
v -0.295902 1.861126 0.179367
v -0.256193 1.861126 0.212229
v -0.479683 0.631487 0.208078
v -0.472296 0.695603 0.207099
v -0.462819 0.778764 0.205828
v -0.451744 0.877161 0.204312
v -0.439549 0.986984 0.202587
v -0.426695 1.104425 0.200671
v -0.413629 1.225675 0.198565
v -0.400763 1.346925 0.196269
v -0.388435 1.464366 0.193855
v -0.376983 1.574189 0.191425
v -0.366759 1.672586 0.1891
v -0.358134 1.755747 0.18702
v -0.35149 1.819863 0.185336
v -0.347218 1.861126 0.184209
v -0.482818 0.631487 0.258904
v -0.476934 0.695603 0.256928
v -0.469377 0.778764 0.254438
v -0.460541 0.877161 0.251581
v -0.450819 0.986984 0.248486
v -0.440607 1.104425 0.24526
v -0.430299 1.225675 0.241982
v -0.420265 1.346925 0.238711
v -0.410777 1.464366 0.235503
v -0.40208 1.574189 0.232435
v -0.394417 1.672586 0.229609
v -0.388035 1.755747 0.22715
v -0.383174 1.819863 0.225201
v -0.38008 1.861126 0.223918
v -0.449096 0.631487 0.29706
v -0.444979 0.695603 0.295442
v -0.439641 0.778764 0.293447
v -0.433337 0.877161 0.291225
v -0.426333 0.986984 0.288912
v -0.418915 1.104425 0.286625
v -0.411385 1.225675 0.284469
v -0.404044 1.346925 0.282512
v -0.397125 1.464366 0.280752
v -0.390827 1.574189 0.279181
v -0.385331 1.672586 0.277811
v -0.380802 1.755747 0.276668
v -0.37739 1.819863 0.275793
v -0.375238 1.861126 0.275234
v -0.39827 0.631487 0.300194
v -0.39515 0.695603 0.300079
v -0.391031 0.778764 0.300005
v -0.386068 0.877161 0.300022
v -0.380434 0.986984 0.300182
v -0.374327 1.104425 0.300537
v -0.367968 1.225675 0.301138
v -0.361602 1.346925 0.302015
v -0.355476 1.464366 0.303094
v -0.349816 1.574189 0.304278
v -0.344822 1.672586 0.305469
v -0.340672 1.755747 0.306569
v -0.337525 1.819863 0.307478
v -0.335528 1.861126 0.308096
v -0.360114 0.631487 0.266472
v -0.356636 0.695603 0.268124
v -0.352021 0.778764 0.270269
v -0.346423 0.877161 0.272818
v -0.340008 0.986984 0.275696
v -0.332961 1.104425 0.278845
v -0.325481 1.225675 0.282225
v -0.317801 1.346925 0.285794
v -0.310228 1.464366 0.289442
v -0.30307 1.574189 0.293025
v -0.29662 1.672586 0.296382
v -0.291153 1.755747 0.299336
v -0.286933 1.819863 0.301693
v -0.284213 1.861126 0.303254
v -0.356979 0.631487 0.215646
v -0.351999 0.695603 0.218295
v -0.345464 0.778764 0.221659
v -0.337626 0.877161 0.225549
v -0.328738 0.986984 0.229797
v -0.319049 1.104425 0.234257
v -0.308811 1.225675 0.238808
v -0.298299 1.346925 0.243352
v -0.287886 1.464366 0.247793
v -0.277973 1.574189 0.252014
v -0.268962 1.672586 0.255874
v -0.261253 1.755747 0.259206
v -0.255248 1.819863 0.261829
v -0.251351 1.861126 0.263545
vt 0.860112 0.959752
vt 0.860112 0.969842
vt 0.85299 0.976977
vt 0.842918 0.976976
vt 0.107002 0.969747
vt 0.107002 0.959656
vt 0.114123 0.952521
vt 0.124196 0.952521
vt 0.194889 0.38977799999999996
vt 0.194889 0.38977799999999996
vt 0.194889 0.38977799999999996
vt 0.194889 0.38977799999999996
vt 0.194889 0.38977799999999996
vt 0.194889 0.38977799999999996
vt 0.194889 0.38977799999999996
vt 0.194889 0.38977799999999996
vt 0.194889 0.38977799999999996
vt 0.194889 0.38977799999999996
vt 0.194889 0.38977799999999996
vt 0.194889 0.38977799999999996
vt 0.194889 0.38977799999999996
vt 0.194889 0.38977799999999996
vt 0.194889 0.38977799999999996
vt 0.194889 0.38977799999999996
vt 0.194889 0.38977799999999996
vt 0.194889 0.38977799999999996
vt 0.194889 0.38977799999999996
vt 0.194889 0.38977799999999996
vt 0.194889 0.38977799999999996
vt 0.194889 0.38977799999999996
vt 0.194889 0.38977799999999996
vt 0.194889 0.38977799999999996
vt 0.194889 0.38977799999999996
vt 0.194889 0.38977799999999996
vt 0.194889 0.38977799999999996
vt 0.194889 0.38977799999999996
vt 0.194889 0.38977799999999996
vt 0.194889 0.38977799999999996
vt 0.194889 0.38977799999999996
vt 0.194889 0.38977799999999996
vt 0.194889 0.38977799999999996
vt 0.194889 0.38977799999999996
vt 0.194889 0.38977799999999996
vt 0.194889 0.38977799999999996
vt 0.194889 0.38977799999999996
vt 0.194889 0.38977799999999996
vt 0.194889 0.38977799999999996
vt 0.194889 0.38977799999999996
vt 0.194889 0.38977799999999996
vt 0.194889 0.38977799999999996
vt 0.194889 0.38977799999999996
vt 0.194889 0.38977799999999996
vt 0.194889 0.38977799999999996
vt 0.194889 0.38977799999999996
vt 0.194889 0.38977799999999996
vt 0.194889 0.38977799999999996
vt 0.194889 0.38977799999999996
vt 0.194889 0.38977799999999996
vt 0.194889 0.38977799999999996
vt 0.194889 0.38977799999999996
vt 0.194889 0.38977799999999996
vt 0.194889 0.38977799999999996
vt 0.194889 0.38977799999999996
vt 0.194889 0.38977799999999996
vt 0.194889 0.38977799999999996
vt 0.194889 0.38977799999999996
vt 0.194889 0.38977799999999996
vt 0.194889 0.38977799999999996
vt 0.194889 0.38977799999999996
vt 0.194889 0.38977799999999996
vt 0.194889 0.38977799999999996
vt 0.194889 0.38977799999999996
vt 0.194889 0.38977799999999996
vt 0.194889 0.38977799999999996
vt 0.194889 0.38977799999999996
vt 0.194889 0.38977799999999996
vt 0.194889 0.38977799999999996
vt 0.194889 0.38977799999999996
vt 0.194889 0.38977799999999996
vt 0.194889 0.38977799999999996
vt 0.194889 0.38977799999999996
vt 0.194889 0.38977799999999996
vt 0.194889 0.38977799999999996
vt 0.194889 0.38977799999999996
vt 0.194889 0.38977799999999996
vt 0.194889 0.38977799999999996
vt 0.194889 0.38977799999999996
vt 0.194889 0.38977799999999996
vt 0.194889 0.38977799999999996
vt 0.194889 0.38977799999999996
vt 0.194889 0.38977799999999996
vt 0.194889 0.38977799999999996
vt 0.194889 0.38977799999999996
vt 0.194889 0.38977799999999996
vt 0.194889 0.38977799999999996
vt 0.194889 0.38977799999999996
vt 0.194889 0.38977799999999996
vt 0.194889 0.38977799999999996
vt 0.194889 0.38977799999999996
vt 0.194889 0.38977799999999996
vt 0.194889 0.38977799999999996
vt 0.194889 0.38977799999999996
vt 0.194889 0.38977799999999996
vt 0.194889 0.38977799999999996
vt 0.194889 0.38977799999999996
vt 0.194889 0.38977799999999996
vt 0.194889 0.38977799999999996
vt 0.194889 0.38977799999999996
vt 0.194889 0.38977799999999996
vt 0.194889 0.38977799999999996
vt 0.194889 0.38977799999999996
vt 0.194889 0.38977799999999996
vt 0.194889 0.38977799999999996
vt 0.194889 0.38977799999999996
vt 0.194889 0.38977799999999996
vt 0.194889 0.38977799999999996
vt 0.194889 0.38977799999999996
vt 0.194889 0.38977799999999996
vt 0.194889 0.38977799999999996
vt 0.194889 0.38977799999999996
vt 0.194889 0.38977799999999996
vt 0.194889 0.38977799999999996
vt 0.194889 0.38977799999999996
vt 0.194889 0.38977799999999996
vt 0.194889 0.38977799999999996
vt 0.194889 0.38977799999999996
vt 0.194889 0.38977799999999996
vt 0.194889 0.38977799999999996
vt 0.194889 0.38977799999999996
vt 0.194889 0.38977799999999996
vt 0.194889 0.38977799999999996
vt 0.194889 0.38977799999999996
vt 0.194889 0.38977799999999996
vt 0.194889 0.38977799999999996
vt 0.194889 0.38977799999999996
vt 0.194889 0.38977799999999996
vt 0.633756 0.717265
vt 0.633756 0.707978
vt 0.634489 0.707786
vt 0.634489 0.717073
vt 0.632795 0.620139
vt 0.632795 0.613313
vt 0.633679 0.613338
vt 0.633679 0.620164
vt 0.194889 0.38977799999999996
vt 0.194889 0.38977799999999996
vt 0.194889 0.38977799999999996
vt 0.194889 0.38977799999999996
vt 0.194889 0.38977799999999996
vt 0.194889 0.38977799999999996
vt 0.194889 0.38977799999999996
vt 0.194889 0.38977799999999996
vt 0.194889 0.38977799999999996
vt 0.194889 0.38977799999999996
vt 0.194889 0.38977799999999996
vt 0.194889 0.38977799999999996
vt 0.194889 0.38977799999999996
vt 0.194889 0.38977799999999996
vt 0.194889 0.38977799999999996
vt 0.194889 0.38977799999999996
vt 0.194889 0.38977799999999996
vt 0.194889 0.38977799999999996
vt 0.194889 0.38977799999999996
vt 0.194889 0.38977799999999996
vt 0.21325 0.974446
vt 0.213569 0.984532
vt 0.210421 0.984629
vt 0.210102 0.974544
vt 0.213569 0.984532
vt 0.21325 0.991734
vt 0.210102 0.991832
vt 0.210421 0.984629
vt 0.213851 0.86242
vt 0.213851 0.87251
vt 0.210697 0.872509
vt 0.210697 0.862419
vt 0.752536 0.499653
vt 0.752948 0.492132
vt 0.756089 0.49202
vt 0.755677 0.499541
vt 0.752948 0.492132
vt 0.752536 0.48206400000000005
vt 0.755677 0.48195199999999994
vt 0.756089 0.49202
vt 0.990599 0.476247
vt 0.989919 0.469407
vt 0.993063 0.46941900000000003
vt 0.993743 0.47626
vt 0.989919 0.469407
vt 0.989919 0.45932400000000007
vt 0.993063 0.45933599999999997
vt 0.993063 0.46941900000000003
vt 0.989919 0.45932400000000007
vt 0.990599 0.4519059999999999
vt 0.993743 0.45191899999999996
vt 0.993063 0.45933599999999997
vt 0.656059 0.968097
vt 0.656442 0.980199
vt 0.651586 0.98035
vt 0.651203 0.968247
vt 0.656442 0.980199
vt 0.656059 0.988842
vt 0.651203 0.988993
vt 0.651586 0.98035
vt 0.978874 0.593613
vt 0.978874 0.605722
vt 0.974009 0.605721
vt 0.974009 0.593612
vt 0.860205 0.982235
vt 0.8607 0.97321
vt 0.865544 0.973037
vt 0.865049 0.982062
vt 0.8607 0.97321
vt 0.860205 0.961128
vt 0.865049 0.960955
vt 0.865544 0.973037
vt 0.861021 0.931703
vt 0.860205 0.923494
vt 0.865055 0.923513
vt 0.865871 0.931722
vt 0.860205 0.923494
vt 0.860205 0.911395
vt 0.865055 0.911414
vt 0.865055 0.923513
vt 0.535912 0.905066
vt 0.544449 0.896499
vt 0.556522 0.896491
vt 0.565058 0.905048
vt 0.860205 0.911395
vt 0.861021 0.902493
vt 0.865871 0.902512
vt 0.865055 0.911414
vt 0.506678 0.905053
vt 0.506679 0.917162
vt 0.498133 0.925724
vt 0.486047 0.925724
vt 0.617872 0.974925
vt 0.634301 0.974895
vt 0.634301 0.984976
vt 0.617872 0.985006
vt 0.618169 0.968105
vt 0.634598 0.968075
vt 0.634301 0.974895
vt 0.617872 0.974925
vt 0.140745 0.937265
vt 0.144507 0.925724
vt 0.15433 0.927388
vt 0.150568 0.938929
vt 0.991914 0.372752
vt 0.97549 0.3727309999999999
vt 0.975839 0.365405
vt 0.992263 0.36542600000000003
vt 0.991914 0.38283899999999993
vt 0.97549 0.382818
vt 0.97549 0.3727309999999999
vt 0.991914 0.372752
vt 0.992263 0.38977799999999996
vt 0.975839 0.389757
vt 0.97549 0.382818
vt 0.991914 0.38283899999999993
vt 0.633811 0.8864
vt 0.633811 0.898674
vt 0.623969 0.900156
vt 0.623969 0.887881
vt 0.157514 0.952043
vt 0.150568 0.955811
vt 0.140745 0.954147
vt 0.133799 0.948025
vt 0.617872 0.985006
vt 0.634301 0.984976
vt 0.634598 0.992413
vt 0.618169 0.992443
vt 0.986312 0.866643
vt 0.979075 0.865679
vt 0.973958 0.857929
vt 0.973958 0.847933
vt 0.15966 0.930985
vt 0.168241 0.926122
vt 0.170077 0.933083
vt 0.160891 0.935694
vt 0.168241 0.926122
vt 0.177434 0.925724
vt 0.179271 0.932685
vt 0.170077 0.933083
vt 0.114439 0.986713
vt 0.114439 0.976882
vt 0.118209 0.977009
vt 0.120046 0.986921
vt 0.077168 0.965815
vt 0.077357 0.975891
vt 0.076151 0.97624
vt 0.073358 0.966755
vt 0.423933 0.975539
vt 0.421873 0.98508
vt 0.421138 0.985031
vt 0.422408 0.97554
vt 0.710962 0.923573
vt 0.710547 0.924779
vt 0.704382 0.91831
vt 0.704487 0.917668
vt 0.710962 0.923573
vt 0.721023 0.924232
vt 0.719872 0.92805
vt 0.710547 0.924779
vt 0.160891 0.935694
vt 0.170077 0.933083
vt 0.170873 0.940305
vt 0.161456 0.940884
vt 0.161456 0.940884
vt 0.170873 0.940305
vt 0.170874 0.947338
vt 0.161456 0.946088
vt 0.161456 0.946088
vt 0.170874 0.947338
vt 0.170077 0.954224
vt 0.160891 0.951039
vt 0.160891 0.951039
vt 0.170077 0.954224
vt 0.16824 0.960408
vt 0.15966 0.955226
vt 0.170077 0.933083
vt 0.179271 0.932685
vt 0.180067 0.939906
vt 0.170873 0.940305
vt 0.170873 0.940305
vt 0.180067 0.939906
vt 0.180067 0.94694
vt 0.170874 0.947338
vt 0.170874 0.947338
vt 0.180067 0.94694
vt 0.179271 0.953825
vt 0.170077 0.954224
vt 0.170077 0.954224
vt 0.179271 0.953825
vt 0.177434 0.960009
vt 0.16824 0.960408
vt 0.066482 0.960393
vt 0.073358 0.966755
vt 0.070085 0.969292
vt 0.061917 0.963903
vt 0.061917 0.963903
vt 0.070085 0.969292
vt 0.067468 0.972909
vt 0.058379 0.968792
vt 0.058379 0.968792
vt 0.067468 0.972909
vt 0.06564 0.977421
vt 0.05585 0.975087
vt 0.05585 0.975087
vt 0.06564 0.977421
vt 0.064977 0.982665
vt 0.054892 0.982867
vt 0.073358 0.966755
vt 0.076151 0.97624
vt 0.074707 0.9774
vt 0.070085 0.969292
vt 0.070085 0.969292
vt 0.074707 0.9774
vt 0.073391 0.979218
vt 0.067468 0.972909
vt 0.067468 0.972909
vt 0.073391 0.979218
vt 0.072555 0.981209
vt 0.06564 0.977421
vt 0.06564 0.977421
vt 0.072555 0.981209
vt 0.072309 0.982867
vt 0.064977 0.982665
vt 0.422408 0.97554
vt 0.421873 0.98508
vt 0.421593 0.985142
vt 0.420124 0.975863
vt 0.420124 0.975863
vt 0.421593 0.985142
vt 0.420827 0.98533
vt 0.417573 0.976489
vt 0.417573 0.976489
vt 0.420827 0.98533
vt 0.420553 0.985404
vt 0.415437 0.977249
vt 0.415437 0.977249
vt 0.421146 0.985028
vt 0.420553 0.985404
vt 0.414147 0.977938
vt 0.421873 0.98508
vt 0.423933 0.994106
vt 0.423653 0.994169
vt 0.421593 0.985142
vt 0.421593 0.985142
vt 0.423653 0.994169
vt 0.422887 0.994357
vt 0.420827 0.98533
vt 0.420827 0.98533
vt 0.422887 0.994357
vt 0.422613 0.99443
vt 0.420553 0.985404
vt 0.704487 0.917668
vt 0.710547 0.924779
vt 0.709308 0.926189
vt 0.704292 0.917813
vt 0.704292 0.917813
vt 0.709308 0.926189
vt 0.707419 0.927438
vt 0.703724 0.918189
vt 0.703724 0.918189
vt 0.707419 0.927438
vt 0.705383 0.928193
vt 0.703509 0.918315
vt 0.705383 0.928193
vt 0.703712 0.928366
vt 0.703509 0.918315
vt 0.704389 0.918307
vt 0.710547 0.924779
vt 0.719872 0.92805
vt 0.717156 0.931249
vt 0.709308 0.926189
vt 0.709308 0.926189
vt 0.717156 0.931249
vt 0.713397 0.933734
vt 0.707419 0.927438
vt 0.707419 0.927438
vt 0.713397 0.933734
vt 0.708787 0.935377
vt 0.705383 0.928193
vt 0.705383 0.928193
vt 0.708787 0.935377
vt 0.703509 0.935806
vt 0.703712 0.928366
vt 0.72867 0.9199
vt 0.721023 0.924232
vt 0.710962 0.923573
vt 0.704382 0.91831
vt 0.105253 0.95321
vt 0.096158 0.957547
vt 0.093717 0.949974
vt 0.103621 0.948095
vt 0.096158 0.957547
vt 0.089081 0.960125
vt 0.08664 0.952552
vt 0.093717 0.949974
vt 0.474223 0.988479
vt 0.465236 0.98389
vt 0.466986 0.978829
vt 0.476842 0.980985
vt 0 0.984444
vt 0.006371 0.981068
vt 0.0075 0.982348
vt 0.003465 0.988539
vt 0.006371 0.981068
vt 0.014381 0.97497
vt 0.014903 0.975682
vt 0.0075 0.982348
vt 0.971254 0.34836599999999995
vt 0.970472 0.349885
vt 0.961681 0.3452029999999999
vt 0.962017 0.344387
vt 0.971254 0.34836599999999995
vt 0.977963 0.34986699999999993
vt 0.975601 0.354687
vt 0.970472 0.349885
vt 0.103621 0.948095
vt 0.093717 0.949974
vt 0.093105 0.942948
vt 0.103194 0.943051
vt 0.103194 0.943051
vt 0.093105 0.942948
vt 0.093853 0.936689
vt 0.103747 0.93842
vt 0.103747 0.93842
vt 0.093853 0.936689
vt 0.095965 0.931159
vt 0.105253 0.934438
vt 0.040877 0.960393
vt 0.043022 0.967852
vt 0.033898 0.96807
vt 0.034326 0.960595
vt 0.093717 0.949974
vt 0.08664 0.952552
vt 0.086028 0.945526
vt 0.093105 0.942948
vt 0.054892 0.967464
vt 0.054892 0.977542
vt 0.049606 0.977772
vt 0.049606 0.967693
vt 0.049606 0.967693
vt 0.049606 0.977772
vt 0.043022 0.977931
vt 0.043022 0.967852
vt 0.043022 0.967852
vt 0.043022 0.977931
vt 0.033898 0.978148
vt 0.033898 0.96807
vt 0.476842 0.980985
vt 0.466986 0.978829
vt 0.467445 0.973823
vt 0.477498 0.974013
vt 0.477498 0.974013
vt 0.467445 0.973823
vt 0.466851 0.969216
vt 0.476696 0.967785
vt 0.476696 0.967785
vt 0.466851 0.969216
vt 0.465236 0.965241
vt 0.47443 0.962265
vt 0.043022 0.977931
vt 0.040877 0.984725
vt 0.034326 0.984927
vt 0.033898 0.978148
vt 0.003465 0.988539
vt 0.0075 0.982348
vt 0.009333 0.983649
vt 0.007557 0.991515
vt 0.007557 0.991515
vt 0.009333 0.983649
vt 0.011494 0.984595
vt 0.011857 0.993397
vt 0.011857 0.993397
vt 0.011494 0.984595
vt 0.013407 0.984934
vt 0.016143 0.994089
vt 0.472574 0.923539
vt 0.472741 0.913921
vt 0.474958 0.913781
vt 0.47747 0.923539
vt 0.0075 0.982348
vt 0.014381 0.97497
vt 0.014615 0.975087
vt 0.009333 0.983649
vt 0.009333 0.983649
vt 0.014615 0.975087
vt 0.015265 0.975371
vt 0.011494 0.984595
vt 0.011494 0.984595
vt 0.015265 0.975371
vt 0.016143 0.975063
vt 0.013407 0.984934
vt 0.013407 0.984934
vt 0.014897 0.975681
vt 0.016143 0.975063
vt 0.015307 0.984301
vt 0.370057 0.84131
vt 0.370057 0.831228
vt 0.370257 0.831236
vt 0.370257 0.841318
vt 0.370257 0.841318
vt 0.370257 0.831236
vt 0.370839 0.831258
vt 0.370839 0.84134
vt 0.370839 0.84134
vt 0.370839 0.831258
vt 0.372288 0.831434
vt 0.372288 0.841516
vt 0.962017 0.344387
vt 0.970472 0.349885
vt 0.969035 0.35161200000000004
vt 0.961822 0.34456
vt 0.961822 0.34456
vt 0.969035 0.35161200000000004
vt 0.967213 0.35309
vt 0.961275 0.345004
vt 0.961275 0.345004
vt 0.967213 0.35309
vt 0.965492 0.35392500000000005
vt 0.960158 0.3448530000000001
vt 0.965492 0.35392500000000005
vt 0.963347 0.353738
vt 0.960158 0.3448530000000001
vt 0.961687 0.345201
vt 0.970472 0.349885
vt 0.975601 0.354687
vt 0.972406 0.358611
vt 0.969035 0.35161200000000004
vt 0.969035 0.35161200000000004
vt 0.972406 0.358611
vt 0.968781 0.361552
vt 0.967213 0.35309
vt 0.967213 0.35309
vt 0.968781 0.361552
vt 0.96491 0.36335800000000007
vt 0.965492 0.35392500000000005
vt 0.965492 0.35392500000000005
vt 0.96491 0.36335800000000007
vt 0.960158 0.36326400000000003
vt 0.963347 0.353738
vt 0.900994 0.448526
vt 0.900994 0.4671620000000001
vt 0.890926 0.46762799999999993
vt 0.890926 0.44899200000000006
vt 0.875641 0.925758
vt 0.875641 0.943828
vt 0.865871 0.942259
vt 0.865871 0.924189
vt 0.884334 0.922571
vt 0.884334 0.940641
vt 0.875641 0.943828
vt 0.875641 0.925758
vt 0.633756 0.83268
vt 0.633756 0.850576
vt 0.623969 0.849025
vt 0.623968 0.831129
vt 0.1053 0.866202
vt 0.1053 0.883222
vt 0.095226 0.882838
vt 0.095226 0.865818
vt 0.104975 0.82651
vt 0.104975 0.845414
vt 0.095225 0.846906
vt 0.095225 0.828002
vt 0.608143 0.925002
vt 0.608143 0.943714
vt 0.599304 0.940866
vt 0.599304 0.922154
vt 0.617835 0.923358
vt 0.617835 0.94207
vt 0.608143 0.943714
vt 0.608143 0.925002
vt 0.875641 0.90568
vt 0.875641 0.925758
vt 0.865871 0.924189
vt 0.865871 0.904111
vt 0.884334 0.902493
vt 0.884334 0.922571
vt 0.875641 0.925758
vt 0.875641 0.90568
vt 0.633756 0.812796
vt 0.633756 0.83268
vt 0.623968 0.831129
vt 0.623969 0.811244
vt 0.1053 0.84729
vt 0.1053 0.866202
vt 0.095226 0.865818
vt 0.095226 0.846906
vt 0.104975 0.805505
vt 0.104975 0.82651
vt 0.095225 0.828002
vt 0.095225 0.806998
vt 0.608143 0.90421
vt 0.608143 0.925002
vt 0.599304 0.922154
vt 0.599304 0.901363
vt 0.617835 0.902566
vt 0.617835 0.923358
vt 0.608143 0.925002
vt 0.608143 0.90421
vt 0.900994 0.4671620000000001
vt 0.900994 0.48393299999999995
vt 0.890926 0.484399
vt 0.890926 0.46762799999999993
vt 0.754136 0.376155
vt 0.756101 0.37584400000000007
vt 0.756101 0.385753
vt 0.754136 0.38606399999999996
vt 0.985642 0.19502600000000003
vt 0.987642 0.195202
vt 0.990058 0.20413899999999996
vt 0.988057 0.20396400000000003
vt 0.988057 0.20396400000000003
vt 0.990058 0.20413899999999996
vt 0.987642 0.213735
vt 0.985642 0.21355999999999997
vt 0.755998 0.40638299999999994
vt 0.754136 0.406297
vt 0.754136 0.39621799999999996
vt 0.755998 0.396304
vt 0.033898 0.993541
vt 0.031823 0.993676
vt 0.029555 0.984111
vt 0.03163 0.983976
vt 0.03163 0.983976
vt 0.029555 0.984111
vt 0.031823 0.975105
vt 0.033898 0.97497
vt 0.756213 0.37584400000000007
vt 0.754136 0.375526
vt 0.754137 0.36566300000000007
vt 0.756213 0.365981
vt 0.754136 0.38613600000000003
vt 0.756026 0.38606399999999996
vt 0.756026 0.396146
vt 0.754136 0.39621799999999996
vt 0.49783 0.955171
vt 0.489286 0.960033
vt 0.487537 0.953094
vt 0.496657 0.950476
vt 0.489286 0.960033
vt 0.480006 0.960383
vt 0.478257 0.953444
vt 0.487537 0.953094
vt 0.985876 0.467264
vt 0.985876 0.4771270000000001
vt 0.982042 0.477071
vt 0.980174 0.46716
vt 0.961178 0.977451
vt 0.956456 0.968543
vt 0.957342 0.967588
vt 0.964052 0.974576
vt 0.890926 0.681714
vt 0.893027 0.672166
vt 0.893755 0.672218
vt 0.89244 0.681718
vt 0.979867 0.20312200000000002
vt 0.97867 0.20264499999999996
vt 0.985008 0.19590299999999994
vt 0.985641 0.19604
vt 0.979867 0.20312200000000002
vt 0.979544 0.21319500000000002
vt 0.975758 0.21184999999999998
vt 0.97867 0.20264499999999996
vt 0.496657 0.950476
vt 0.487537 0.953094
vt 0.486779 0.945879
vt 0.496119 0.945291
vt 0.496119 0.945291
vt 0.486779 0.945879
vt 0.486778 0.938841
vt 0.496119 0.940084
vt 0.496119 0.940084
vt 0.486778 0.938841
vt 0.487537 0.931939
vt 0.496657 0.935121
vt 0.496657 0.935121
vt 0.487537 0.931939
vt 0.489287 0.925724
vt 0.49783 0.930913
vt 0.487537 0.953094
vt 0.478257 0.953444
vt 0.477498 0.94623
vt 0.486779 0.945879
vt 0.486779 0.945879
vt 0.477498 0.94623
vt 0.477498 0.939191
vt 0.486778 0.938841
vt 0.486778 0.938841
vt 0.477498 0.939191
vt 0.478257 0.93229
vt 0.487537 0.931939
vt 0.487537 0.931939
vt 0.478257 0.93229
vt 0.480006 0.926075
vt 0.489287 0.925724
vt 0.973159 0.977451
vt 0.964052 0.974576
vt 0.965737 0.97056
vt 0.975523 0.971875
vt 0.975523 0.971875
vt 0.965737 0.97056
vt 0.966367 0.96593
vt 0.976374 0.965616
vt 0.976374 0.965616
vt 0.966367 0.96593
vt 0.965908 0.96092
vt 0.975715 0.958638
vt 0.975715 0.958638
vt 0.965908 0.96092
vt 0.964109 0.955878
vt 0.973024 0.951172
vt 0.964052 0.974576
vt 0.957342 0.967588
vt 0.958068 0.96578
vt 0.965737 0.97056
vt 0.965737 0.97056
vt 0.958068 0.96578
vt 0.958384 0.963452
vt 0.966367 0.96593
vt 0.966367 0.96593
vt 0.958384 0.963452
vt 0.958207 0.961226
vt 0.965908 0.96092
vt 0.965908 0.96092
vt 0.958207 0.961226
vt 0.957671 0.959612
vt 0.964109 0.955878
vt 0.89244 0.681718
vt 0.893027 0.672166
vt 0.893306 0.672104
vt 0.894719 0.681398
vt 0.894719 0.681398
vt 0.893306 0.672104
vt 0.894073 0.671917
vt 0.897271 0.680775
vt 0.897271 0.680775
vt 0.894073 0.671917
vt 0.894348 0.671844
vt 0.899416 0.680015
vt 0.899416 0.680015
vt 0.893747 0.672221
vt 0.894348 0.671844
vt 0.900718 0.679324
vt 0.893027 0.672166
vt 0.890926 0.663152
vt 0.891205 0.66309
vt 0.893306 0.672104
vt 0.893306 0.672104
vt 0.891205 0.66309
vt 0.891972 0.662903
vt 0.894073 0.671917
vt 0.894073 0.671917
vt 0.891972 0.662903
vt 0.892247 0.66283
vt 0.894348 0.671844
vt 0.985641 0.19604
vt 0.97867 0.20264499999999996
vt 0.977246 0.20133
vt 0.985493 0.19583799999999996
vt 0.985493 0.19583799999999996
vt 0.977246 0.20133
vt 0.975959 0.19937000000000005
vt 0.985106 0.195249
vt 0.985106 0.195249
vt 0.975959 0.19937000000000005
vt 0.975152 0.197287
vt 0.984975 0.19502600000000003
vt 0.975152 0.197287
vt 0.974928 0.1956
vt 0.984975 0.19502600000000003
vt 0.985011 0.19591099999999995
vt 0.97867 0.20264499999999996
vt 0.975758 0.21184999999999998
vt 0.972529 0.20896199999999998
vt 0.977246 0.20133
vt 0.977246 0.20133
vt 0.972529 0.20896199999999998
vt 0.969969 0.20506199999999997
vt 0.975959 0.19937000000000005
vt 0.975959 0.19937000000000005
vt 0.969969 0.20506199999999997
vt 0.968207 0.200349
vt 0.975152 0.197287
vt 0.975152 0.197287
vt 0.968207 0.200349
vt 0.967617 0.19502600000000003
vt 0.974928 0.1956
vt 0.809687 0.945166
vt 0.808856 0.951972
vt 0.801126 0.950174
vt 0.804477 0.943929
vt 0.894845 0.936936
vt 0.884779 0.936906
vt 0.884468 0.9305
vt 0.894534 0.93053
vt 0.835795 0.926776
vt 0.834851 0.93422
vt 0.829569 0.935052
vt 0.827963 0.927974
vt 0.834851 0.93422
vt 0.834487 0.944292
vt 0.832813 0.944607
vt 0.829569 0.935052
vt 0.834487 0.944292
vt 0.835795 0.95104
vt 0.834919 0.951092
vt 0.832813 0.944607
vt 0.810086 0.935092
vt 0.808439 0.93465
vt 0.80982 0.927651
vt 0.810691 0.92777
vt 0.810086 0.935092
vt 0.809687 0.945166
vt 0.804477 0.943929
vt 0.808439 0.93465
vt 0.902106 0.927365
vt 0.894534 0.93053
vt 0.8944 0.923533
vt 0.902011 0.922334
vt 0.902011 0.922334
vt 0.8944 0.923533
vt 0.8944 0.916474
vt 0.902011 0.917111
vt 0.902011 0.917111
vt 0.8944 0.916474
vt 0.894534 0.909311
vt 0.902106 0.911963
vt 0.794046 0.932653
vt 0.786757 0.934639
vt 0.785554 0.926776
vt 0.793211 0.927352
vt 0.894534 0.93053
vt 0.884468 0.9305
vt 0.884334 0.923503
vt 0.8944 0.923533
vt 0.8944 0.923533
vt 0.884334 0.923503
vt 0.884334 0.916444
vt 0.8944 0.916474
vt 0.8944 0.916474
vt 0.884334 0.916444
vt 0.884468 0.909281
vt 0.894534 0.909311
vt 0.894534 0.909311
vt 0.884468 0.909281
vt 0.884778 0.902493
vt 0.894845 0.902523
vt 0.827963 0.927974
vt 0.829569 0.935052
vt 0.824927 0.937494
vt 0.821489 0.931352
vt 0.821489 0.931352
vt 0.824927 0.937494
vt 0.821117 0.941034
vt 0.816339 0.936136
vt 0.816339 0.936136
vt 0.821117 0.941034
vt 0.818333 0.94549
vt 0.812483 0.942354
vt 0.812483 0.942354
vt 0.818333 0.94549
vt 0.8171 0.95071
vt 0.810691 0.950099
vt 0.829569 0.935052
vt 0.832813 0.944607
vt 0.830762 0.945725
vt 0.824927 0.937494
vt 0.824927 0.937494
vt 0.830762 0.945725
vt 0.828846 0.947504
vt 0.821117 0.941034
vt 0.821117 0.941034
vt 0.828846 0.947504
vt 0.827578 0.949469
vt 0.818333 0.94549
vt 0.818333 0.94549
vt 0.827578 0.949469
vt 0.827137 0.951118
vt 0.8171 0.95071
vt 0.205649 0.972039
vt 0.207845 0.964475
vt 0.20813 0.964449
vt 0.20792 0.971843
vt 0.20792 0.971843
vt 0.20813 0.964449
vt 0.208917 0.964375
vt 0.210536 0.971599
vt 0.828846 0.947504
vt 0.835 0.951757
vt 0.834803 0.95196
vt 0.827578 0.949469
vt 0.827578 0.949469
vt 0.834923 0.951085
vt 0.834803 0.95196
vt 0.827137 0.951118
vt 0.207845 0.964475
vt 0.206908 0.954432
vt 0.207193 0.954406
vt 0.20813 0.964449
vt 0.20813 0.964449
vt 0.207193 0.954406
vt 0.207979 0.954333
vt 0.208917 0.964375
vt 0.208917 0.964375
vt 0.207979 0.954333
vt 0.208262 0.954306
vt 0.2092 0.964348
vt 0.810691 0.92777
vt 0.808439 0.93465
vt 0.806475 0.933376
vt 0.810486 0.927572
vt 0.207193 0.954406
vt 0.205656 0.947599
vt 0.208273 0.947354
vt 0.207979 0.954333
vt 0.207979 0.954333
vt 0.208273 0.947354
vt 0.210536 0.947125
vt 0.208262 0.954306
vt 0.80977 0.926776
vt 0.803579 0.929396
vt 0.803264 0.927717
vt 0.808439 0.93465
vt 0.804477 0.943929
vt 0.800026 0.941136
vt 0.806475 0.933376
vt 0.806475 0.933376
vt 0.800026 0.941136
vt 0.796489 0.937313
vt 0.804697 0.931454
vt 0.804697 0.931454
vt 0.796489 0.937313
vt 0.794046 0.932653
vt 0.803579 0.929396
vt 0.803579 0.929396
vt 0.794046 0.932653
vt 0.793211 0.927352
vt 0.803264 0.927717
vt 0.634562 0.620164
vt 0.633679 0.620128
vt 0.634562 0.613726
vt 0.88435 0.683243
vt 0.874291 0.683191
vt 0.874312 0.680703
vt 0.884371 0.680755
vt 0.940013 0.0014650000000000496
vt 0.949968 0
vt 0.950115 0.0018529999999999935
vt 0.94016 0.003318000000000043
vt 0.874291 0.683191
vt 0.866619 0.682854
vt 0.86664 0.680367
vt 0.874312 0.680703
vt 0.943681 0.641925
vt 0.933618 0.641686
vt 0.933779 0.639855
vt 0.943842 0.640094
vt 0.926679 0.731921
vt 0.92025 0.731578
vt 0.920235 0.729091
vt 0.926664 0.729434
vt 0.92025 0.731578
vt 0.910204 0.731589
vt 0.91019 0.729102
vt 0.920235 0.729091
vt 0.7517 0.41728
vt 0.7517 0.409601
vt 0.754187 0.409513
vt 0.754187 0.417192
vt 0.935427 0.96803
vt 0.956456 0.96803
vt 0.956052 0.975504
vt 0.935023 0.975504
vt 0.935398 0.957951
vt 0.956426 0.957951
vt 0.956456 0.96803
vt 0.935427 0.96803
vt 0.934952 0.951172
vt 0.955981 0.951172
vt 0.956426 0.957951
vt 0.935398 0.957951
vt 0.790332 0.6264
vt 0.790332 0.611347
vt 0.800325 0.610593
vt 0.800325 0.625646
vt 0.535912 0.971952
vt 0.556958 0.971952
vt 0.557256 0.979377
vt 0.536209 0.979377
vt 0.53593 0.96187
vt 0.556976 0.96187
vt 0.556958 0.971952
vt 0.535912 0.971952
vt 0.536254 0.955037
vt 0.5573 0.955037
vt 0.556976 0.96187
vt 0.53593 0.96187
vt 0.800325 0.624946
vt 0.800325 0.610593
vt 0.810278 0.611622
vt 0.810278 0.625974
vt 0.909838 0.47501100000000007
vt 0.909349 0.38985000000000003
vt 0.919436 0.38977799999999996
vt 0.919925 0.474939
vt 0.902902 0.47540800000000005
vt 0.902413 0.39024799999999993
vt 0.909349 0.38985000000000003
vt 0.909838 0.47501100000000007
vt 0.945084 0.19246600000000003
vt 0.950115 0.255911
vt 0.940421 0.258166
vt 0.93539 0.19472100000000003
vt 0.882768 0.426713
vt 0.883486 0.341526
vt 0.890926 0.34130499999999997
vt 0.890208 0.426492
vt 0.872687 0.42660999999999993
vt 0.873405 0.34142300000000003
vt 0.883486 0.341526
vt 0.882768 0.426713
vt 0.865871 0.4262429999999999
vt 0.866589 0.341056
vt 0.873405 0.34142300000000003
vt 0.872687 0.42660999999999993
vt 0.927254 0.45307300000000006
vt 0.932757 0.3903730000000001
vt 0.942703 0.38977799999999996
vt 0.937199 0.45247799999999994
vt 0.919925 0.474939
vt 0.919436 0.38977799999999996
vt 0.926764 0.39007499999999995
vt 0.927254 0.475236
vt 0.94016 0.003318000000000043
vt 0.950115 0.0018529999999999935
vt 0.949935 0.004002999999999979
vt 0.940014 0.005415999999999976
vt 0.890926 0.680492
vt 0.884371 0.680755
vt 0.884424 0.677899
vt 0.890896 0.677634
vt 0.884371 0.680755
vt 0.874312 0.680703
vt 0.874416 0.67785
vt 0.884424 0.677899
vt 0.874312 0.680703
vt 0.86664 0.680367
vt 0.866733 0.677516
vt 0.874416 0.67785
vt 0.943842 0.640094
vt 0.933779 0.639855
vt 0.933829 0.637768
vt 0.943849 0.638054
vt 0.926664 0.729434
vt 0.920235 0.729091
vt 0.920301 0.726241
vt 0.926647 0.726585
vt 0.920235 0.729091
vt 0.91019 0.729102
vt 0.910307 0.726249
vt 0.920301 0.726241
vt 0.91019 0.729102
vt 0.902413 0.729461
vt 0.902521 0.726604
vt 0.910307 0.726249
vt 0.940014 0.005415999999999976
vt 0.949935 0.004002999999999979
vt 0.949432 0.010082999999999953
vt 0.939604 0.011351
vt 0.939604 0.011351
vt 0.949432 0.010082999999999953
vt 0.94866 0.01953499999999997
vt 0.938968 0.02058099999999996
vt 0.938968 0.02058099999999996
vt 0.94866 0.01953499999999997
vt 0.947676 0.031802
vt 0.938147 0.032565999999999984
vt 0.938147 0.032565999999999984
vt 0.947676 0.031802
vt 0.946532 0.04632599999999998
vt 0.937178 0.04676400000000003
vt 0.937178 0.04676400000000003
vt 0.946532 0.04632599999999998
vt 0.945279 0.06255199999999994
vt 0.936097 0.06263299999999994
vt 0.936097 0.06263299999999994
vt 0.945279 0.06255199999999994
vt 0.943962 0.079924
vt 0.934934 0.07962899999999995
vt 0.934934 0.07962899999999995
vt 0.943962 0.079924
vt 0.94262 0.09788700000000006
vt 0.933716 0.09720600000000001
vt 0.933716 0.09720600000000001
vt 0.94262 0.09788700000000006
vt 0.94129 0.11588399999999999
vt 0.932469 0.11481399999999997
vt 0.932469 0.11481399999999997
vt 0.94129 0.11588399999999999
vt 0.940002 0.13334599999999996
vt 0.93123 0.13189300000000004
vt 0.93123 0.13189300000000004
vt 0.940002 0.13334599999999996
vt 0.938791 0.14969999999999994
vt 0.93004 0.14787899999999998
vt 0.93004 0.14787899999999998
vt 0.938791 0.14969999999999994
vt 0.937696 0.16437100000000004
vt 0.928948 0.162211
vt 0.928948 0.162211
vt 0.937696 0.16437100000000004
vt 0.936761 0.17678499999999997
vt 0.928004 0.17432999999999998
vt 0.928004 0.17432999999999998
vt 0.936761 0.17678499999999997
vt 0.936032 0.186365
vt 0.92726 0.18367599999999995
vt 0.92726 0.18367599999999995
vt 0.936032 0.186365
vt 0.935558 0.19253600000000004
vt 0.926774 0.189693
vt 0.909767 0.477869
vt 0.902912 0.478268
vt 0.902902 0.47540800000000005
vt 0.909838 0.47501100000000007
vt 0.890896 0.677634
vt 0.884424 0.677899
vt 0.884573 0.669826
vt 0.890816 0.669558
vt 0.890816 0.669558
vt 0.884573 0.669826
vt 0.884807 0.657282
vt 0.890702 0.657009
vt 0.890702 0.657009
vt 0.884807 0.657282
vt 0.88511 0.641014
vt 0.89057 0.640734
vt 0.632754 0.622522
vt 0.624975 0.619247
vt 0.624899 0.605882
vt 0.632782 0.608793
vt 0.632782 0.608793
vt 0.624899 0.605882
vt 0.624783 0.590973
vt 0.632795 0.593492
vt 0.632795 0.593492
vt 0.624783 0.590973
vt 0.624623 0.575045
vt 0.632794 0.577156
vt 0.632794 0.577156
vt 0.624623 0.575045
vt 0.624419 0.558621
vt 0.632785 0.560324
vt 0.632785 0.560324
vt 0.624419 0.558621
vt 0.624178 0.542228
vt 0.632777 0.54353
vt 0.632777 0.54353
vt 0.624178 0.542228
vt 0.62392 0.526379
vt 0.632779 0.527295
vt 0.632779 0.527295
vt 0.62392 0.526379
vt 0.623665 0.511584
vt 0.632795 0.512135
vt 0.938791 0.14969999999999994
vt 0.947316 0.14675300000000002
vt 0.946578 0.16164999999999996
vt 0.937696 0.16437100000000004
vt 0.937696 0.16437100000000004
vt 0.946578 0.16164999999999996
vt 0.945962 0.17425400000000002
vt 0.936761 0.17678499999999997
vt 0.936761 0.17678499999999997
vt 0.945962 0.17425400000000002
vt 0.94549 0.18398099999999995
vt 0.936032 0.186365
vt 0.936032 0.186365
vt 0.94549 0.18398099999999995
vt 0.945189 0.19024700000000005
vt 0.935558 0.19253600000000004
vt 0.935558 0.19253600000000004
vt 0.945189 0.19024700000000005
vt 0.945084 0.19246600000000003
vt 0.93539 0.19472100000000003
vt 0.884424 0.677899
vt 0.874416 0.67785
vt 0.874704 0.669786
vt 0.884573 0.669826
vt 0.884573 0.669826
vt 0.874704 0.669786
vt 0.875144 0.657256
vt 0.884807 0.657282
vt 0.884807 0.657282
vt 0.875144 0.657256
vt 0.875702 0.641005
vt 0.88511 0.641014
vt 0.88511 0.641014
vt 0.875702 0.641005
vt 0.876345 0.621777
vt 0.885473 0.621766
vt 0.885473 0.621766
vt 0.876345 0.621777
vt 0.877045 0.600318
vt 0.885886 0.600285
vt 0.885886 0.600285
vt 0.877045 0.600318
vt 0.877779 0.577371
vt 0.886343 0.577315
vt 0.886343 0.577315
vt 0.877779 0.577371
vt 0.878529 0.553682
vt 0.886841 0.553602
vt 0.886841 0.553602
vt 0.878529 0.553682
vt 0.87928 0.529996
vt 0.887378 0.529891
vt 0.887378 0.529891
vt 0.87928 0.529996
vt 0.880017 0.507055
vt 0.887937 0.506926
vt 0.887937 0.506926
vt 0.880017 0.507055
vt 0.880721 0.4856039999999999
vt 0.888493 0.485452
vt 0.888493 0.485452
vt 0.880721 0.4856039999999999
vt 0.881368 0.46638599999999997
vt 0.889021 0.46621200000000007
vt 0.889021 0.46621200000000007
vt 0.881368 0.46638599999999997
vt 0.881929 0.450144
vt 0.889489 0.449952
vt 0.889489 0.449952
vt 0.881929 0.450144
vt 0.882372 0.437623
vt 0.889866 0.437415
vt 0.889866 0.437415
vt 0.882372 0.437623
vt 0.882664 0.42956400000000006
vt 0.890117 0.4293469999999999
vt 0.890117 0.4293469999999999
vt 0.882664 0.42956400000000006
vt 0.882768 0.426713
vt 0.890208 0.426492
vt 0.874416 0.67785
vt 0.866733 0.677516
vt 0.86699 0.669462
vt 0.874704 0.669786
vt 0.874704 0.669786
vt 0.86699 0.669462
vt 0.867375 0.656946
vt 0.875144 0.657256
vt 0.875144 0.657256
vt 0.867375 0.656946
vt 0.867855 0.640712
vt 0.875702 0.641005
vt 0.875702 0.641005
vt 0.867855 0.640712
vt 0.868396 0.621504
vt 0.876345 0.621777
vt 0.876345 0.621777
vt 0.868396 0.621504
vt 0.868967 0.600066
vt 0.877045 0.600318
vt 0.877045 0.600318
vt 0.868967 0.600066
vt 0.869542 0.577141
vt 0.877779 0.577371
vt 0.877779 0.577371
vt 0.869542 0.577141
vt 0.870097 0.553473
vt 0.878529 0.553682
vt 0.878529 0.553682
vt 0.870097 0.553473
vt 0.870615 0.529807
vt 0.87928 0.529996
vt 0.87928 0.529996
vt 0.870615 0.529807
vt 0.871092 0.506885
vt 0.880017 0.507055
vt 0.880017 0.507055
vt 0.871092 0.506885
vt 0.871524 0.485452
vt 0.880721 0.4856039999999999
vt 0.880721 0.4856039999999999
vt 0.871524 0.485452
vt 0.871906 0.466249
vt 0.881368 0.46638599999999997
vt 0.881368 0.46638599999999997
vt 0.871906 0.466249
vt 0.872227 0.450021
vt 0.881929 0.450144
vt 0.881929 0.450144
vt 0.872227 0.450021
vt 0.872473 0.43751000000000007
vt 0.882372 0.437623
vt 0.882372 0.437623
vt 0.872473 0.43751000000000007
vt 0.872632 0.42945900000000004
vt 0.882664 0.42956400000000006
vt 0.882664 0.42956400000000006
vt 0.872632 0.42945900000000004
vt 0.872687 0.42660999999999993
vt 0.882768 0.426713
vt 0.943849 0.638054
vt 0.933829 0.637768
vt 0.933965 0.631869
vt 0.943869 0.632283
vt 0.943869 0.632283
vt 0.933965 0.631869
vt 0.934168 0.622695
vt 0.943899 0.623308
vt 0.943899 0.623308
vt 0.934168 0.622695
vt 0.934416 0.610787
vt 0.943936 0.611654
vt 0.943936 0.611654
vt 0.934416 0.610787
vt 0.934691 0.596683
vt 0.943981 0.597845
vt 0.943981 0.597845
vt 0.934691 0.596683
vt 0.934977 0.580923
vt 0.944036 0.582412
vt 0.944036 0.582412
vt 0.934977 0.580923
vt 0.935265 0.564045
vt 0.944105 0.565883
vt 0.944105 0.565883
vt 0.935265 0.564045
vt 0.935549 0.546589
vt 0.944199 0.548791
vt 0.944199 0.548791
vt 0.935549 0.546589
vt 0.935827 0.529096
vt 0.944327 0.531672
vt 0.204446 0.756585
vt 0.213212 0.755196
vt 0.213212 0.771294
vt 0.204509 0.773092
vt 0.204509 0.773092
vt 0.213212 0.771294
vt 0.213204 0.786322
vt 0.204537 0.788513
vt 0.204537 0.788513
vt 0.213204 0.786322
vt 0.213186 0.799767
vt 0.204535 0.80232
vt 0.204535 0.80232
vt 0.213186 0.799767
vt 0.213161 0.811115
vt 0.204512 0.813983
vt 0.872227 0.450021
vt 0.866065 0.449655
vt 0.865967 0.437144
vt 0.872473 0.43751000000000007
vt 0.872473 0.43751000000000007
vt 0.865967 0.437144
vt 0.865897 0.42909299999999995
vt 0.872632 0.42945900000000004
vt 0.872632 0.42945900000000004
vt 0.865897 0.42909299999999995
vt 0.865871 0.4262429999999999
vt 0.872687 0.42660999999999993
vt 0.926647 0.726585
vt 0.920301 0.726241
vt 0.920487 0.718188
vt 0.926603 0.718535
vt 0.926603 0.718535
vt 0.920487 0.718188
vt 0.920777 0.705673
vt 0.926545 0.706024
vt 0.926545 0.706024
vt 0.920777 0.705673
vt 0.921155 0.68944
vt 0.926486 0.689797
vt 0.934416 0.610787
vt 0.927254 0.614714
vt 0.927371 0.600276
vt 0.934691 0.596683
vt 0.934691 0.596683
vt 0.927371 0.600276
vt 0.927469 0.584156
vt 0.934977 0.580923
vt 0.934977 0.580923
vt 0.927469 0.584156
vt 0.927536 0.566909
vt 0.935265 0.564045
vt 0.935265 0.564045
vt 0.927536 0.566909
vt 0.927564 0.549086
vt 0.935549 0.546589
vt 0.935549 0.546589
vt 0.927564 0.549086
vt 0.927551 0.531238
vt 0.935827 0.529096
vt 0.935827 0.529096
vt 0.927551 0.531238
vt 0.927509 0.513925
vt 0.936101 0.512123
vt 0.936101 0.512123
vt 0.927509 0.513925
vt 0.927453 0.49771300000000007
vt 0.936369 0.496227
vt 0.936369 0.496227
vt 0.927453 0.49771300000000007
vt 0.927394 0.48316800000000004
vt 0.936621 0.48196799999999995
vt 0.936621 0.48196799999999995
vt 0.927394 0.48316800000000004
vt 0.927339 0.47086000000000006
vt 0.936847 0.469905
vt 0.936847 0.469905
vt 0.927339 0.47086000000000006
vt 0.927295 0.46136
vt 0.937031 0.460596
vt 0.937031 0.460596
vt 0.927295 0.46136
vt 0.927265 0.45524
vt 0.937154 0.45460100000000003
vt 0.937154 0.45460100000000003
vt 0.927265 0.45524
vt 0.927254 0.45307300000000006
vt 0.937199 0.45247799999999994
vt 0.920301 0.726241
vt 0.910307 0.726249
vt 0.910635 0.718186
vt 0.920487 0.718188
vt 0.920487 0.718188
vt 0.910635 0.718186
vt 0.911137 0.705656
vt 0.920777 0.705673
vt 0.920777 0.705673
vt 0.911137 0.705656
vt 0.911774 0.689404
vt 0.921155 0.68944
vt 0.921155 0.68944
vt 0.911774 0.689404
vt 0.912512 0.670174
vt 0.921605 0.670232
vt 0.921605 0.670232
vt 0.912512 0.670174
vt 0.913319 0.648709
vt 0.922117 0.648792
vt 0.922117 0.648792
vt 0.913319 0.648709
vt 0.914168 0.625753
vt 0.92268 0.625862
vt 0.92268 0.625862
vt 0.914168 0.625753
vt 0.915037 0.602051
vt 0.923289 0.602187
vt 0.923289 0.602187
vt 0.915037 0.602051
vt 0.915907 0.578346
vt 0.923937 0.57851
vt 0.923937 0.57851
vt 0.915907 0.578346
vt 0.916761 0.555384
vt 0.924603 0.555575
vt 0.924603 0.555575
vt 0.916761 0.555384
vt 0.917574 0.533909
vt 0.925261 0.534127
vt 0.925261 0.534127
vt 0.917574 0.533909
vt 0.91832 0.514668
vt 0.925879 0.51491
vt 0.925879 0.51491
vt 0.91832 0.514668
vt 0.918965 0.498405
vt 0.926424 0.49866900000000003
vt 0.926424 0.49866900000000003
vt 0.918965 0.498405
vt 0.919473 0.485865
vt 0.92686 0.486147
vt 0.92686 0.486147
vt 0.919473 0.485865
vt 0.919806 0.47779499999999997
vt 0.927149 0.47808800000000007
vt 0.927149 0.47808800000000007
vt 0.919806 0.47779499999999997
vt 0.919925 0.474939
vt 0.927254 0.475236
vt 0.910307 0.726249
vt 0.902521 0.726604
vt 0.902821 0.718529
vt 0.910635 0.718186
vt 0.910635 0.718186
vt 0.902821 0.718529
vt 0.903273 0.705983
vt 0.911137 0.705656
vt 0.911137 0.705656
vt 0.903273 0.705983
vt 0.90384 0.68971
vt 0.911774 0.689404
vt 0.911774 0.689404
vt 0.90384 0.68971
vt 0.904483 0.670456
vt 0.912512 0.670174
vt 0.912512 0.670174
vt 0.904483 0.670456
vt 0.90517 0.648965
vt 0.913319 0.648709
vt 0.913319 0.648709
vt 0.90517 0.648965
vt 0.905868 0.625984
vt 0.914168 0.625753
vt 0.914168 0.625753
vt 0.905868 0.625984
vt 0.906551 0.602255
vt 0.915037 0.602051
vt 0.915037 0.602051
vt 0.906551 0.602255
vt 0.907198 0.578526
vt 0.915907 0.578346
vt 0.915907 0.578346
vt 0.907198 0.578526
vt 0.9078 0.555539
vt 0.916761 0.555384
vt 0.916761 0.555384
vt 0.9078 0.555539
vt 0.90835 0.534043
vt 0.917574 0.533909
vt 0.917574 0.533909
vt 0.90835 0.534043
vt 0.908837 0.514781
vt 0.91832 0.514668
vt 0.91832 0.514668
vt 0.908837 0.514781
vt 0.909247 0.4985010000000001
vt 0.918965 0.498405
vt 0.918965 0.498405
vt 0.909247 0.4985010000000001
vt 0.909564 0.48594800000000005
vt 0.919473 0.485865
vt 0.919473 0.485865
vt 0.909564 0.48594800000000005
vt 0.909767 0.477869
vt 0.919806 0.47779499999999997
vt 0.919806 0.47779499999999997
vt 0.909767 0.477869
vt 0.909838 0.47501100000000007
vt 0.919925 0.474939
vn -1 0 0
vn -1 0 0
vn 0 0 0
vn 0 0 0
vn 0 0 0
vn 0 0 0
vn 0 0 0
vn 0 0 0
vn 0 0 0
vn 0 0 0
vn 0 0 0
vn 0 0 0
vn 0 0 0
vn 0 0 0
vn 0 0 0
vn 0 0 0
vn 0 0 0
vn 0 0 0
vn 0 0 0
vn 0 0 0
vn 0 0 0
vn 0 0 0
vn 0 0 0
vn 0 0 0
vn 0 0 0
vn 0 0 0
vn 0 0 0
vn 0 0 0
vn 0 0 0
vn 0 0 0
vn 0 0 0
vn 0 0 0
vn 0 0 0
vn 0 0 0
vn -0.06375732130126137 0.9950702276451423 0.07596213553299258
vn -0.6396970247047823 0.09938596342034615 0.762174617039205
vn 0 0 0
vn 0 0 0
vn 0 0 0
vn 0 0 0
vn 0 0 0
vn 0 0.7071067811865478 0.7071067811865474
vn 0 1 0
vn 0 0.7071067811865478 -0.7071067811865474
vn 0 0 -1
vn 0 -0.7071067811865478 -0.7071067811865474
vn 0 -1 0
vn 0 -0.7071067811865478 0.7071067811865474
vn 0 0 1
vn 0 0.7071067811865482 0.7071067811865468
vn 0 1 0
vn 0 0.7071067811865482 -0.7071067811865468
vn 0 0 -1
vn 0 -0.7071067811865474 -0.7071067811865478
vn 0 -1 0
vn 0 -0.7071067811865474 0.7071067811865478
vn 1 0 0
vn 0 0 1
vn -1 0 0
vn -0.9962058669036665 0 0.08702798829522884
vn -0.6428912811797852 0 0.7659574404515009
vn 0.08704548097289336 0 0.9962043385983609
vn 0.7659669510231162 0 0.6428799498664981
vn 0.9962058669036665 0 -0.08702798829522918
vn 0.6428799498664981 0 -0.7659669510231164
vn -0.08702798829522912 0 -0.9962058669036665
vn 0 -1 0
vn -0.7659574404515007 0 -0.6428912811797853
vn 0 1 0
vn -0.44917733330310616 0.7005348111824969 -0.5545184411434967
vn 0.12249662623272195 0.9816787440526386 -0.14595006007821673
vn 0.6258073856224728 0.700222858391192 0.34358851070260554
vn 0.7659578260922483 0 0.6428908217170607
vn 0.4951185994719024 -0.7053648468981776 0.5072652217699264
vn -0.6374425910234137 -0.6980130191623239 -0.32625874429546614
vn -0.7659619001013905 0 -0.6428859677991637
vn -0.31158064190839624 0.6176287705561994 -0.7221164763174909
vn -0.21661632863594824 0.5021579812655627 -0.8372065026142461
vn -0.14255661591402832 0.3525897515471418 -0.9248557067797468
vn -0.08789868852533382 0.13583401008836082 -0.9868246765554869
vn 0.31888390592384114 0.8683045998878027 -0.3799475968557213
vn 0.45451092101742213 0.7072340946740929 -0.541516165969596
vn 0.5581252134036121 0.4962774533226269 -0.6649849137287104
vn 0.6310972053134799 0.19066772037155694 -0.7519056708482983
vn 0.7664474368061821 0.6166031967434563 0.179885586912861
vn 0.8620747193912084 0.5021749264590231 0.06817273225010466
vn 0.934843632148618 0.3545585246170764 -0.01885831520952297
vn 0.9867647945551089 0.13888417721848717 -0.08370439382109887
vn 0.7659294391537727 0.000020418902162977454 0.6429246408566527
vn 0.7659737327296064 6.239700164710162e-7 0.6428718696349097
vn 0.7659621914672937 0.000016564742718550093 0.6428856204397718
vn 0.7659768582897665 -0.000024645908250962732 0.6428681450788476
vn 0.20967164188502746 -0.544603385702678 0.8120621619496977
vn 0.21673375113075105 -0.5023253763301196 0.8370756820118461
vn 0.20205968906419322 -0.472968081412959 0.8575972691303455
vn 0.07152492583313873 -0.07156683753347924 0.9948680177541243
vn -0.42852673794384377 -0.7454546520640104 0.5105508756072539
vn -0.45448562137434945 -0.7072896982862182 0.5414647750889819
vn -0.47821331772758713 -0.6683489573230494 0.569755819622026
vn -0.7718890380516229 -0.6120450927200123 -0.1720119688076731
vn -0.8620656839157979 -0.5021902195595624 -0.06817433529933607
vn -0.931590070472329 -0.3632425172402052 0.013957588128339063
vn -0.9842003977617699 -0.1588847875258241 0.07813578782125115
vn -0.7659745171978728 0.000006378531309435598 -0.6428709349183555
vn -0.7659501841924234 -0.000010152260572556407 -0.6428999262968726
vn -0.7659682666182681 0.000019943755061523863 -0.64287838207242
vn -0.7659606563521308 1.6053904672563173e-7 -0.6428874496524155
vn -0.6428858432688259 0 0.7659620046219856
vn 0.13595920577901147 -0.7005408961523734 -0.7005408961523734
vn 0.1905225204795981 0 -0.981682825147767
vn 0.1391516440702573 0.700217835752862 -0.7002369616395029
vn 0 1 0
vn -0.07045666566525295 0.7053495084932477 0.7053495084932495
vn -0.15997152012476806 -0.6980099310132278 0.6979908659544765
vn 0 -1 0
vn 0.3528232229497993 -0.7028991396769283 -0.6176152303730457
vn 0.5020009076795025 -0.7041539977389395 -0.5021575810014476
vn 0.6167614607975784 -0.7037646456992042 -0.3525912987280187
vn 0.7090145562106656 -0.6980434790966578 -0.10016816047041545
vn 0.49603319982955546 0 -0.8683035555995682
vn 0.7069964466020695 0 -0.7072170985574706
vn 0.868148428039082 0 -0.4963046512911912
vn 0.987415682509746 0 -0.15814635605606767
vn 0.354970946198496 0.7027038659306221 -0.6166059553402828
vn 0.5019783788465466 0.7041468311720263 -0.5021901505615047
vn 0.6154691484451045 0.7039142129511569 -0.35454549513089473
vn 0.7025522954207186 0.7006642787846813 -0.12445818829720284
vn 0 1 0
vn 0 1 0
vn 0 1 0
vn -0.02191993777103503 0.9981152092475455 -0.05731967722207335
vn -0.48706047796039914 0.6826861251916011 0.5447125345352952
vn -0.5020074991282873 0.7041313266780751 0.5021827810763094
vn -0.7862197638648908 0.6178937712159632 -0.008109895236700988
vn -0.7311580233235069 0.6804293396308229 -0.04923269949154221
vn -0.6665562462989706 0 0.7454547407588378
vn -0.706983344551296 0 0.7072301962777491
vn -0.9964852204509681 0 0.08376876161664251
vn -0.36446123473966757 -0.701833126998823 0.612044336808283
vn -0.5019818843084334 -0.7041426469602816 0.5021925134427263
vn -0.6095752629243851 -0.7045991849473453 0.3632602199556174
vn -0.6992213212696601 -0.7051307187820592 0.1178143170918013
vn 0 -1 0
vn 0 -1 0
vn 0 -1 0
vn 0.009638773065274683 -0.9996358354775992 0.025204969406821064
vn 0.76596355934427 0 0.6428839909008911
vn 0.5416129319730588 -0.7071187802731839 0.45457503506518204
vn 0 -1 0
vn -0.5416156569072476 -0.707111383566233 -0.454583294264075
vn -0.7659651930985348 0 -0.6428820443608023
vn -0.5416259946540735 0.7071017266499712 -0.45458599855650533
vn 0 1 0
vn 0.5416173880905842 0.7071091234552644 0.45458474726310516
vn 0.541616723091742 -0.707111383561148 0.454582023957836
vn 0 -1 0
vn -0.5416088359609975 -0.7071187802393019 -0.45457991535246617
vn -0.7659635593442702 0 -0.6428839909008909
vn -0.5416162328652374 0.7071091234428022 -0.45458612367825435
vn 0 1 0
vn 0.5416218985003752 0.7071017266720285 0.4545908789255293
vn 0.7659651930985346 0 0.6428820443608024
vn -0.5416162581046394 -0.7070955180370355 -0.4546072561328791
vn 0 -1 0
vn 0.5416058373556781 -0.7071091232279406 0.45459850944549707
vn 0.7659488575922249 0 0.6429015068835705
vn 0.5415984405934172 0.7071187800244433 0.4545923009505568
vn 0 1 0
vn -0.5416310719669939 0.7071051753120037 -0.4545745845588661
vn -0.765948857592224 0 -0.6429015068835718
vn 0.44917628695524164 0.7005263114822857 0.5545300263810123
vn -0.1224965314865223 0.9816794245228486 0.14594556259873184
vn -0.6258017833115764 0.700231239386789 -0.34358163424562205
vn -0.7659578260922468 0 -0.6428908217170625
vn -0.49511296310528996 -0.7053715751672237 -0.5072613672567718
vn 0.6375101358594131 -0.6979953268657172 0.32616460621921134
vn 0.7659771795887922 0 0.6428677627235632
vn 0.3115584674665232 0.6176207480317789 0.7221329053232357
vn 0.21662763012465003 0.5021872657123989 0.8371860127969664
vn 0.1425630264177997 0.35258736191222395 0.9248556296624768
vn 0.08791439168396242 0.1358077866753138 0.9868268869529201
vn -0.3188967619225233 0.8682973678934254 0.3799533341670777
vn -0.45449301688456667 0.7072390229230537 0.5415247566436917
vn -0.5581294142728067 0.496266022088233 0.6649899189042004
vn -0.6310994542436995 0.1906722991292527 0.7519026221513457
vn -0.766445025532581 0.6166115320740324 -0.17986728815900965
vn -0.8620864932738527 0.5021585187761787 -0.06814469997957477
vn -0.9348436321486179 0.35455852461707626 0.018858315209522778
vn -0.9867645167144166 0.13888454707214656 0.08370705548476168
vn -0.7660006645400429 -0.000021922999700551054 -0.6428397789835312
vn -0.7659669531369564 -0.000009927101775203697 -0.6428799472712929
vn -0.7659621914672948 0.000016564742716975178 -0.6428856204397705
vn -0.7659768582897656 -0.00002464590824759064 -0.6428681450788486
vn -0.21004616019487063 -0.544905981067218 -0.8117623312180503
vn -0.21663904839294523 -0.5022080079674625 -0.837170615492895
vn -0.2022479826833853 -0.47331731881661787 -0.8573601747274885
vn -0.07158011010449929 -0.07178190627715184 -0.9948485541873426
vn 0.42868972266561495 -0.7452230517687143 -0.5107521167781907
vn 0.4544671471743389 -0.707289699377291 -0.5414802796907744
vn 0.47819781548180024 -0.6683489557582714 -0.569768832602541
vn 0.7718556083960367 -0.6120735857511361 0.17206058646107988
vn 0.8620700593856679 -0.5021820251632935 0.06817936868059316
vn 0.9315915653605038 -0.36323892080447306 -0.013951407168019762
vn 0.9842007165319389 -0.15888430224174788 -0.07813275932136968
vn 0.7659600762264555 -0.000002206390965038939 0.6428881408318982
vn 0.7659624966202877 0.000004590888773659946 0.6428852570639177
vn 0.7659588653487412 9.603556036224377e-7 0.6428895835155108
vn 0.7659606563515033 1.605451765276487e-7 0.6428874496531632
vn -0.7048565320370178 -0.7005432657825066 0.11142891012447685
vn -0.006649161658948685 -0.9816832116220787 0.19040446598910035
vn 0.694933955027814 -0.700238345531876 0.16350246969444004
vn 0.9993905084875104 0 0.03490861706048586
vn 0.7073772699271411 0.7053593192639417 -0.04566868421504228
vn -0.6919946190867202 0.6979917193530021 -0.1842579899751028
vn -0.9993907989610383 0 -0.03490030017087972
vn -0.7147807790905351 -0.6176141164897782 0.3280872459503396
vn -0.7212375007806605 -0.5021702748344528 0.4771178916581909
vn -0.724863127715955 -0.3525846632227528 0.5918255666477591
vn -0.7257183593363581 -0.13582918320575177 0.674450365788175
vn -0.017311971105739572 -0.868296599630961 0.49574319029689673
vn -0.024673857634374973 -0.7072257064185381 0.7065571462594079
vn -0.0302986109381754 -0.496291985144116 0.8676267974520667
vn -0.03425914797972332 -0.19065484195707347 0.9810591429766234
vn 0.6898876893437601 -0.6165966630232559 0.3792934632188025
vn 0.686203868616899 -0.5021962333765996 0.5262349227080599
vn 0.6820079721226632 -0.35453959642338734 0.6396614733818774
vn 0.6772230804125089 -0.1389090729605346 0.7225463091081687
vn 0.9993894738720059 0.000015974367110913124 0.034938220599435375
vn 0.9993905901301012 0.00001104917457815095 0.03490627790704459
vn 0.9993916319170073 -0.000013913591134033283 0.03487643704097284
vn 0.9993914237402407 -0.00005615475987483691 0.0348823594542822
vn 0.6993158180623525 0.5448421693396803 -0.4627141635145979
vn 0.7212343193030828 0.5022361356073193 -0.47705337306180473
vn 0.7240497558766957 0.47321779651467466 -0.5018135790078755
vn 0.7189526745314019 0.07169596585584453 -0.6913513869691315
vn 0.02326636795309728 0.7453517075050753 -0.6662653437194073
vn 0.024670490763504933 0.7073221328318674 -0.7064607330146991
vn 0.025961220509796722 0.6683187177221649 -0.7434218900273539
vn -0.6886841847129326 0.6120529089933199 -0.388722690769523
vn -0.6861951819354715 0.5021894298217809 -0.5262527423812817
vn -0.6828897203295134 0.3632632930135837 -0.6337991872961074
vn -0.6790366104682206 0.1589140473331048 -0.716697709780101
vn -0.9993904711379777 -0.000005784607865107165 -0.03490968583572769
vn -0.9993910071830934 -0.0000018515335665779225 -0.03489433704964295
vn -0.9993902231704018 -0.000006864827886440475 -0.03491678370481692
vn -0.9993910067205397 0.000024802878736364063 -0.0348943415315928
vn 0.6803031490523355 -0.07056010670564818 0.7295264880257354
vn -0.9993908103246428 0 -0.03489997476580603
vn 0.034899974765805995 0 -0.9993908103246428
vn -0.7313589880980522 0 0.6819926909639085
vn -0.03489930113948527 0 0.9993908338482876
vn 0.6819926909639079 0 0.7313589880980528
vn 0.9993908338482876 0 0.034899301139486326
vn -0.731349354742372 0 0.6820030214873805
vn 0.7084794060132339 -0.7057314866541915 0
vn 1 0 0
vn 0.7084890439860341 0.7057218110217053 0
vn 0 1 0
vn -0.7084890439860335 0.7057218110217058 0
vn -1 0 0
vn -0.7084794060132334 -0.705731486654192 0
vn 0 -1 0
vn 0.9962041922581543 0 -0.08704715576788505
vn 0.6428799498664979 0 -0.7659669510231164
vn -0.08702798829522881 0 -0.9962058669036665
vn -0.7659669510231164 0 -0.6428799498664979
vn -0.9962060131796788 0 0.08702631386339235
vn -0.6428799498664979 0 0.7659669510231164
vn 0.08702631386339241 0 0.9962060131796788
vn 0.7659749331457817 0 0.6428704393517527
vn 0.034898422367326126 0.009431900621563615 -0.999346356058267
vn -0.6803966409219325 0.06859464069591514 -0.7296267445001926
vn -0.9951908693582785 0.09158242821573938 -0.034753307583929124
vn -0.7297935344620076 0.06539390587486953 0.6805329045181279
vn -0.03489889867620747 0.004802512573530396 0.9993793087432664
vn 0.6809833686994771 -0.05438502346228217 0.7302766056623471
vn 0.9963900872140388 -0.07743472052395985 0.034794513345877395
vn 0.7303910300458589 -0.051176028605663434 -0.6811093578308124
vn 0.041826915445317796 0.007991377058950292 -0.9990929121142998
vn 0.061564517173553816 0.004830937891591472 -0.9980914147833729
vn 0.09267773081674678 0.00023622757519764346 -0.9956961295531842
vn 0.13367710152828796 -0.005677284049159527 -0.9910086785557537
vn 0.1829286336737778 -0.012725198009420865 -0.9830438364172099
vn 0.23842476224882497 -0.020743249274803078 -0.9709394164190239
vn 0.2977145913196508 -0.02954848567028069 -0.9541975210143687
vn 0.3581496396461854 -0.03883066317158412 -0.9328563743786943
vn 0.4170707944505985 -0.047721571235572253 -0.9076202972913039
vn 0.4719759138025686 -0.055902343223852125 -0.8798372945109301
vn 0.520932120666648 -0.06320299869221681 -0.8512550185544051
vn 0.562514810319125 -0.06949818678079156 -0.8238610867165781
vn 0.5958263689348121 -0.0746537896621324 -0.7996360108018145
vn 0.6202864919961543 -0.07858639275123563 -0.78042863012671
vn 0.6354577560709915 -0.08115139415992965 -0.7678592914558762
vn -0.6753847214571269 0.06733799865004016 -0.7343848255241161
vn -0.6608396651955173 0.06472009430347923 -0.7477313998339413
vn -0.6373568188510451 0.06089273085938788 -0.7681590725836428
vn -0.6052871270038631 0.05589384448616698 -0.794042424579421
vn -0.56509265902268 0.04981405668810099 -0.8235222197821694
vn -0.517602935701916 0.04271031514596064 -0.8545542872941959
vn -0.4641417771227558 0.03464322685839702 -0.8850831924526461
vn -0.40655714617675925 0.025846763148397938 -0.9132596737660981
vn -0.34723313577493536 0.017176895316086915 -0.9376215140914833
vn -0.28884231390898996 0.008937091502944802 -0.9573349706822418
vn -0.2340405208447482 0.0013456206976262916 -0.9722259119709046
vn -0.1852335844148625 -0.005367112584418992 -0.9826798630822392
vn -0.14452272944362649 -0.01101142147524949 -0.9894402100537752
vn -0.11357082724141923 -0.015374537784735087 -0.9934109375216308
vn -0.09392354287033435 -0.018306240027778933 -0.9954110958145533
vn -0.9949996897531828 0.09077645561845592 -0.0416563620161531
vn -0.9941118155181037 0.08934103609773962 -0.06131784011429688
vn -0.9918885035554886 0.0873704783036905 -0.09232332335568419
vn -0.987451889204521 0.08480463931829227 -0.13321764018521412
vn -0.9798410954889579 0.08160067933213104 -0.1823533841844837
vn -0.9682202552785076 0.07766051956875893 -0.23773594799426517
vn -0.9520737284443984 0.07290919321896623 -0.2970519569875642
vn -0.9314283595951567 0.06743231222519938 -0.35762283793102295
vn -0.9069219409682362 0.0618864816828624 -0.41672851639325564
vn -0.8798035406100297 0.056487712719512 -0.47196913907773036
vn -0.8518286394245527 0.0513672241384978 -0.5212958635366494
vn -0.8249651110005833 0.046655090811330006 -0.5632547098189078
vn -0.8011530224594209 0.04259412896067665 -0.5969418520946711
vn -0.78225182046926 0.03932385935549228 -0.6217199718988591
vn -0.7698685515577659 0.03714572074174141 -0.6371205606107246
vn -0.7345110009643395 0.06493355207711801 0.6754829555784605
vn -0.7477328673948024 0.06468988851345653 0.6608409622153152
vn -0.7679887071812406 0.06458238309866274 0.6371989182628799
vn -0.7936293075318662 0.06450692006647679 0.6049722138164925
vn -0.8228293219316412 0.06436802031821455 0.5646314416766299
vn -0.8535821648784505 0.06398347932749238 0.5170141218328241
vn -0.8838481907685688 0.06313130090447967 0.46349413644752396
vn -0.9118210715318235 0.0617571753411749 0.40591672151370745
vn -0.9360510337855714 0.06034216161077041 0.3466515335046174
vn -0.9557110669565928 0.05893173417684387 0.2883459852392627
vn -0.9706200660521647 0.05746754267082402 0.23365395121047833
vn -0.981153254635646 0.05597619273255808 0.18494582116135272
vn -0.9880265442082038 0.05454840961419008 0.14431915655434344
vn -0.9921169861764407 0.05327873414746348 0.1134251393114434
vn -0.9942139160986468 0.05232842346259439 0.09381058113940309
vn -0.041828620123471966 0.004595939053786822 0.9991142296468309
vn -0.061543761041228 0.00478503368560684 0.9980929159800344
vn -0.09265653380536057 0.005475316679230221 0.9956830759084129
vn -0.13369639119192442 0.006572234724799016 0.9910005452637138
vn -0.18295776139986783 0.007953614921789712 0.9830886010697231
vn -0.2384454397594212 0.009463835697200189 0.9711097816785871
vn -0.2978330759757332 0.010888515095776556 0.9545558648365439
vn -0.3583938712046496 0.012064844947010897 0.9334925134136587
vn -0.4175088542050199 0.013430644610374987 0.9085735933020292
vn -0.4726629271566125 0.014860534324841815 0.8811179953963734
vn -0.5219075020074365 0.0161657676386508 0.852848888904131
vn -0.5637851969545375 0.017212302348352793 0.8257420834272664
vn -0.5973877796140141 0.017954757457034228 0.801751499813064
vn -0.6221080998018281 0.018385277853725904 0.7827154615306894
vn -0.6374420642998746 0.01848838946724635 0.770276440062931
vn 0.6758923572858125 -0.0548537744177224 0.7349561788261646
vn 0.6612203734157541 -0.05514517994378443 0.7481621661838417
vn 0.6375583262491827 -0.05520131578243817 0.7684218863139106
vn 0.6053071305832333 -0.05500820385362639 0.794089022197065
vn 0.5649518462056102 -0.05457574869092304 0.8233170101022437
vn 0.5173213778194697 -0.0539427575975239 0.8540894396687857
vn 0.4637525449181474 -0.05326196889600425 0.8843623351043749
vn 0.40611258360450186 -0.05257712534944596 0.9123092761383418
vn 0.3468243307009478 -0.05145491760130848 0.9365176320222072
vn 0.2884925752180268 -0.04999870473898212 0.9561758016016174
vn 0.23376583281488802 -0.04845393055225395 0.9710848325570733
vn 0.18505092192596012 -0.047033200986763966 0.9816027884532985
vn 0.1443795592846759 -0.04584007159897243 0.9884600298932495
vn 0.11349062245567945 -0.04502860541089836 0.9925181627100695
vn 0.09384753303153263 -0.044620879406434506 0.994586153968017
vn 0.9960526902051834 -0.07836915093066528 0.04168110504082078
vn 0.9949190793332193 -0.07981252534213877 0.061367632977406106
vn 0.9923678490592254 -0.08171838539990246 0.09234802456576754
vn 0.9875280032906282 -0.08392961196286705 0.13320759344942668
vn 0.9794503517529387 -0.08631782951153293 0.182280664798718
vn 0.9673145998614312 -0.08882436030702745 0.23751357416149227
vn 0.9506166899421047 -0.09140007010282773 0.29660400534840176
vn 0.9294239309749726 -0.09395171517445679 0.3568532355840524
vn 0.9044745744418334 -0.09591191251362728 0.41560395718308896
vn 0.8770385874399544 -0.09724699519903908 0.47047458811936665
vn 0.8488450351896122 -0.09811323352169872 0.5194573126271903
vn 0.8218282747879155 -0.09866582692905687 0.5611268496120319
vn 0.7979464612378586 -0.09905683290656825 0.5945327483431835
vn 0.7789697268815533 -0.09931658889598026 0.61914649298219
vn 0.7665726715252812 -0.09955840983135553 0.6343929872740124
vn 0.735061030029418 -0.05244655988845913 -0.6759694079527249
vn 0.7481451991048219 -0.05511225994538334 -0.66124231553956
vn 0.7682513297107783 -0.0588948025969377 -0.6374333664193372
vn 0.7936814490715073 -0.06363215522348016 -0.6049964514122106
vn 0.8225747213278073 -0.06910497475626293 -0.5644424951192252
vn 0.8529086890190581 -0.0751771270998616 -0.516618977348687
vn 0.8826614765621402 -0.08166245513029143 -0.46286062828375824
vn 0.9099991045233462 -0.08831070250477972 -0.40509609920341183
vn 0.9335735998083899 -0.09438377321986315 -0.34573405544375535
vn 0.9526064373349107 -0.09966555494604742 -0.2874156445035404
vn 0.9669382307357255 -0.10415069575233141 -0.23277261547692965
vn 0.9769553531348562 -0.10787902577666597 -0.1841747913766327
vn 0.9834021982704462 -0.1108449709278149 -0.14364368714588896
vn 0.9871543237951946 -0.11307326165044437 -0.11287505708606417
vn 0.9890247941451004 -0.11454761539012713 -0.09332095356712508

f 9/25/7 10/26/7 11/27/7 12/28/7
usemtl texture0
f 13/29/8 14/30/8 15/31/8 16/32/8
f 17/33/9 18/34/9 19/35/9 20/36/9
f 20/37/10 19/38/10 21/39/10 22/40/10
f 22/41/11 21/42/11 23/43/11 24/44/11
f 24/45/12 23/46/12 25/47/12 26/48/12
f 26/49/13 25/50/13 27/51/13 28/52/13
f 28/53/14 27/54/14 29/55/14 30/56/14
f 30/57/15 29/58/15 31/59/15 32/60/15
f 32/61/16 31/62/16 18/63/16 17/64/16
f 18/65/17 33/66/17 34/67/17 19/68/17
f 19/69/18 34/70/18 35/71/18 21/72/18
f 21/73/19 35/74/19 36/75/19 23/76/19
f 23/77/20 36/78/20 37/79/20 25/80/20
f 25/81/21 37/82/21 38/83/21 27/84/21
f 27/85/22 38/86/22 39/87/22 29/88/22
f 29/89/23 39/90/23 40/91/23 31/92/23
f 31/93/24 40/94/24 33/95/24 18/96/24
f 33/97/25 41/98/25 42/99/25 34/100/25
f 34/101/26 42/102/26 43/103/26 35/104/26
f 35/105/27 43/106/27 44/107/27 36/108/27
f 36/109/28 44/110/28 45/111/28 37/112/28
f 37/113/29 45/114/29 46/115/29 38/116/29
f 38/117/30 46/118/30 47/119/30 39/120/30
f 39/121/31 47/122/31 48/123/31 40/124/31
f 40/125/32 48/126/32 41/127/32 33/128/32
f 41/129/33 49/130/33 50/131/33 42/132/33
f 42/133/34 50/134/34 51/135/34 43/136/34
f 43/137/35 51/138/35 52/139/35 44/140/35
f 44/141/36 52/142/36 53/143/36 45/144/36
f 45/145/37 53/146/37 54/147/37 46/148/37
f 46/149/38 54/150/38 55/151/38 47/152/38
f 47/153/39 55/154/39 56/155/39 48/156/39
f 48/157/40 56/158/40 49/159/40 41/160/40
f 57/161/41 58/162/41 59/163/41 60/164/41
f 61/165/42 62/166/42 63/167/42 64/168/42
f 65/169/43 66/170/43 67/171/43 68/172/43
f 69/173/44 70/174/44 71/175/44 72/176/44
f 73/177/45 65/178/45 68/179/45 74/180/45
f 66/181/46 69/182/46 72/183/46 67/184/46
f 70/185/47 75/186/47 76/187/47 71/188/47

f 77/189/48 78/190/48 10/191/48 9/192/48
f 78/193/49 79/194/49 11/195/49 10/196/49
f 79/197/50 80/198/50 12/199/50 11/200/50
f 80/201/51 81/202/51 82/203/51 12/204/51
f 81/205/52 83/206/52 84/207/52 82/208/52
f 83/209/53 85/210/53 86/211/53 84/212/53
f 85/213/54 87/214/54 88/215/54 86/216/54
f 87/217/55 77/218/55 9/219/55 88/220/55
f 89/221/56 90/222/56 91/223/56 92/224/56
f 90/225/57 93/226/57 94/227/57 91/228/57
f 93/229/58 95/230/58 96/231/58 94/232/58
f 95/233/59 97/234/59 98/235/59 96/236/59
f 97/237/60 99/238/60 100/239/60 98/240/60
f 99/241/61 101/242/61 102/243/61 100/244/61
f 101/245/62 103/246/62 104/247/62 102/248/62
f 89/249/63 103/250/63 101/251/63 99/252/63
f 103/253/64 89/254/64 92/255/64 104/256/64
f 92/257/65 91/258/65 94/259/65 96/260/65
f 105/261/66 106/262/66 107/263/66 108/264/66
f 109/265/67 110/266/67 106/267/67 105/268/67
f 111/269/68 112/270/68 110/271/68 109/272/68
f 113/273/69 114/274/69 112/275/69 111/276/69
f 115/277/70 116/278/70 114/279/70 113/280/70
f 117/281/71 118/282/71 116/283/71 115/284/71
f 119/285/72 120/286/72 118/287/72 117/288/72
f 108/289/73 119/290/73 117/291/73 115/292/73
f 108/293/74 107/294/74 120/295/74 119/296/74
f 107/297/75 106/298/75 110/299/75 112/300/75
f 121/301/76 122/302/76 123/303/76 124/304/76
f 122/305/77 125/306/77 126/307/77 123/308/77
f 125/309/78 127/310/78 128/311/78 126/312/78
f 127/313/79 129/314/79 130/315/79 128/316/79
f 129/317/80 132/318/80 131/319/80 130/320/80
f 134/321/81 135/322/81 133/323/81 136/324/81
f 134/325/82 121/326/82 124/327/82 135/328/82
f 124/329/83 123/330/83 137/331/83 138/332/83
f 138/333/84 137/334/84 139/335/84 140/336/84
f 140/337/85 139/338/85 141/339/85 142/340/85
f 142/341/86 141/342/86 143/343/86 144/344/86
f 123/345/87 126/346/87 145/347/87 137/348/87
f 137/349/88 145/350/88 146/351/88 139/352/88
f 139/353/89 146/354/89 147/355/89 141/356/89
f 141/357/90 147/358/90 148/359/90 143/360/90
f 126/361/91 128/362/91 149/363/91 145/364/91
f 145/365/92 149/366/92 150/367/92 146/368/92
f 146/369/93 150/370/93 151/371/93 147/372/93
f 147/373/94 151/374/94 152/375/94 148/376/94
f 128/377/95 130/378/95 153/379/95 149/380/95
f 149/381/96 153/382/96 154/383/96 150/384/96
f 150/385/97 154/386/97 155/387/97 151/388/97
f 151/389/98 155/390/98 156/391/98 152/392/98
f 130/393/99 132/394/99 157/395/99 153/396/99
f 153/397/100 157/398/100 158/399/100 154/400/100
f 154/401/101 158/402/101 159/403/101 155/404/101
f 155/405/102 160/406/102 159/407/102 156/408/102
f 132/409/103 136/410/103 161/411/103 157/412/103
f 157/413/104 161/414/104 162/415/104 158/416/104
f 158/417/105 162/418/105 163/419/105 159/420/105
f 136/421/106 135/422/106 164/423/106 161/424/106
f 161/425/107 164/426/107 165/427/107 162/428/107
f 162/429/108 165/430/108 166/431/108 163/432/108
f 166/433/109 167/434/109 163/435/109 168/436/109
f 135/437/110 124/438/110 138/439/110 164/440/110
f 164/441/111 138/442/111 140/443/111 165/444/111
f 165/445/112 140/446/112 142/447/112 166/448/112
f 166/449/113 142/450/113 144/451/113 167/452/113
f 122/453/114 121/454/114 134/455/114 133/456/114
f 14/457/115 13/458/115 169/459/115 170/460/115
f 13/461/116 171/462/116 172/463/116 169/464/116
f 171/465/117 173/466/117 174/467/117 172/468/117
f 173/469/118 175/470/118 176/471/118 174/472/118
f 175/473/119 178/474/119 177/475/119 176/476/119
f 15/477/120 179/478/120 16/479/120 180/480/120
f 15/481/121 14/482/121 170/483/121 179/484/121
f 170/485/122 169/486/122 181/487/122 182/488/122
f 182/489/123 181/490/123 183/491/123 184/492/123
f 184/493/124 183/494/124 185/495/124 186/496/124
f 186/497/125 185/498/125 187/499/125 188/500/125
f 169/501/126 172/502/126 189/503/126 181/504/126
f 181/505/127 189/506/127 190/507/127 183/508/127
f 183/509/128 190/510/128 191/511/128 185/512/128
f 185/513/129 191/514/129 192/515/129 187/516/129
f 172/517/130 174/518/130 193/519/130 189/520/130
f 189/521/131 193/522/131 194/523/131 190/524/131
f 190/525/132 194/526/132 195/527/132 191/528/132
f 191/529/133 195/530/133 196/531/133 192/532/133
f 174/533/134 176/534/134 197/535/134 193/536/134
f 193/537/135 197/538/135 198/539/135 194/540/135
f 194/541/136 198/542/136 199/543/136 195/544/136
f 195/545/137 199/546/137 200/547/137 196/548/137
f 176/549/138 178/550/138 201/551/138 197/552/138
f 197/553/139 201/554/139 202/555/139 198/556/139
f 198/557/140 202/558/140 203/559/140 199/560/140
f 199/561/141 204/562/141 203/563/141 200/564/141
f 178/565/142 180/566/142 205/567/142 201/568/142
f 201/569/143 205/570/143 206/571/143 202/572/143
f 202/573/144 206/574/144 207/575/144 203/576/144
f 180/577/145 179/578/145 208/579/145 205/580/145
f 205/581/146 208/582/146 209/583/146 206/584/146
f 206/585/147 209/586/147 210/587/147 207/588/147
f 210/589/148 211/590/148 207/591/148 212/592/148
f 179/593/149 170/594/149 182/595/149 208/596/149
f 208/597/150 182/598/150 184/599/150 209/600/150
f 209/601/151 184/602/151 186/603/151 210/604/151
f 210/605/152 186/606/152 188/607/152 211/608/152
f 213/609/153 214/610/153 215/611/153 216/612/153
f 217/613/154 218/614/154 219/615/154 214/616/154
f 220/617/155 221/618/155 218/619/155 217/620/155
f 222/621/156 223/622/156 221/623/156 220/624/156
f 224/625/157 225/626/157 223/627/157 222/628/157
f 226/629/158 227/630/158 225/631/158 224/632/158
f 228/633/159 229/634/159 227/635/159 226/636/159
f 215/637/160 230/638/160 229/639/160 228/640/160
f 231/641/161 217/642/161 214/643/161 213/644/161
f 232/645/162 220/646/162 217/647/162 231/648/162
f 233/649/163 222/650/163 220/651/163 232/652/163
f 234/653/164 224/654/164 222/655/164 233/656/164
f 235/657/165 226/658/165 224/659/165 234/660/165
f 236/661/166 228/662/166 226/663/166 235/664/166
f 216/665/167 215/666/167 228/667/167 236/668/167
f 214/669/168 219/670/168 230/671/168 215/672/168
f 50/673/169 216/674/169 236/675/169 51/676/169
f 51/677/170 236/678/170 235/679/170 52/680/170
f 52/681/171 235/682/171 234/683/171 53/684/171
f 53/685/172 234/686/172 233/687/172 54/688/172
f 54/689/173 233/690/173 232/691/173 55/692/173
f 55/693/174 232/694/174 231/695/174 56/696/174
f 56/697/175 231/698/175 213/699/175 49/700/175
f 49/701/176 213/702/176 216/703/176 50/704/176
f 237/705/177 238/706/177 239/707/177 240/708/177
f 238/709/178 241/710/178 242/711/178 239/712/178
f 241/713/179 243/714/179 244/715/179 242/716/179
f 243/717/180 245/718/180 246/719/180 244/720/180
f 245/721/181 60/722/181 57/723/181 246/724/181
f 247/725/182 248/726/182 58/727/182 59/728/182
f 247/729/183 237/730/183 240/731/183 248/732/183
f 240/733/184 239/734/184 249/735/184 250/736/184
f 250/737/185 249/738/185 251/739/185 252/740/185
f 252/741/186 251/742/186 253/743/186 254/744/186
f 254/745/187 253/746/187 255/747/187 256/748/187
f 239/749/188 242/750/188 257/751/188 249/752/188
f 249/753/189 257/754/189 258/755/189 251/756/189
f 251/757/190 258/758/190 259/759/190 253/760/190
f 253/761/191 259/762/191 260/763/191 255/764/191
f 242/765/192 244/766/192 261/767/192 257/768/192
f 257/769/193 261/770/193 262/771/193 258/772/193
f 258/773/194 262/774/194 263/775/194 259/776/194
f 259/777/195 263/778/195 264/779/195 260/780/195
f 244/781/196 246/782/196 265/783/196 261/784/196
f 261/785/197 265/786/197 266/787/197 262/788/197
f 262/789/198 266/790/198 267/791/198 263/792/198
f 263/793/199 267/794/199 268/795/199 264/796/199
f 246/797/200 60/798/200 269/799/200 265/800/200
f 265/801/201 269/802/201 270/803/201 266/804/201
f 266/805/202 270/806/202 61/807/202 267/808/202
f 267/809/203 64/810/203 61/811/203 268/812/203
f 60/813/204 59/814/204 271/815/204 269/816/204
f 269/817/205 271/818/205 272/819/205 270/820/205
f 270/821/206 272/822/206 62/823/206 61/824/206
f 59/825/207 248/826/207 273/827/207 271/828/207
f 271/829/208 273/830/208 274/831/208 272/832/208
f 272/833/209 274/834/209 275/835/209 62/836/209
f 275/837/210 276/838/210 62/839/210 63/840/210
f 248/841/211 240/842/211 250/843/211 273/844/211
f 273/845/212 250/846/212 252/847/212 274/848/212
f 274/849/213 252/850/213 254/851/213 275/852/213
f 275/853/214 254/854/214 256/855/214 276/856/214
f 277/857/215 278/858/215 279/859/215 280/860/215
f 278/861/216 281/862/216 282/863/216 279/864/216
f 281/865/217 283/866/217 284/867/217 282/868/217
f 283/869/218 285/870/218 286/871/218 284/872/218
f 285/873/219 288/874/219 287/875/219 286/876/219
f 290/877/220 291/878/220 289/879/220 292/880/220
f 290/881/221 277/882/221 280/883/221 291/884/221
f 280/885/222 279/886/222 293/887/222 294/888/222
f 294/889/223 293/890/223 295/891/223 296/892/223
f 296/893/224 295/894/224 297/895/224 298/896/224
f 298/897/225 297/898/225 299/899/225 300/900/225
f 279/901/226 282/902/226 301/903/226 293/904/226
f 293/905/227 301/906/227 302/907/227 295/908/227
f 295/909/228 302/910/228 303/911/228 297/912/228
f 297/913/229 303/914/229 304/915/229 299/916/229
f 282/917/230 284/918/230 305/919/230 301/920/230
f 301/921/231 305/922/231 306/923/231 302/924/231
f 302/925/232 306/926/232 307/927/232 303/928/232
f 303/929/233 307/930/233 308/931/233 304/932/233
f 284/933/234 286/934/234 309/935/234 305/936/234
f 305/937/235 309/938/235 310/939/235 306/940/235
f 306/941/236 310/942/236 311/943/236 307/944/236
f 307/945/237 311/946/237 312/947/237 308/948/237
f 286/949/238 288/950/238 313/951/238 309/952/238
f 309/953/239 313/954/239 314/955/239 310/956/239
f 310/957/240 314/958/240 315/959/240 311/960/240
f 311/961/241 316/962/241 315/963/241 312/964/241
f 288/965/242 292/966/242 317/967/242 313/968/242
f 313/969/243 317/970/243 318/971/243 314/972/243
f 314/973/244 318/974/244 319/975/244 315/976/244
f 292/977/245 291/978/245 320/979/245 317/980/245
f 317/981/246 320/982/246 321/983/246 318/984/246
f 318/985/247 321/986/247 322/987/247 319/988/247
f 319/989/248 322/990/248 323/991/248
f 291/992/249 280/993/249 294/994/249 320/995/249
f 320/996/250 294/997/250 296/998/250 321/999/250
f 321/1000/251 296/1001/251 298/1002/251 322/1003/251
f 322/1004/252 298/1005/252 300/1006/252 323/1007/252
f 324/1008/253 319/1009/253 323/1010/253
f 75/1011/254 70/1012/254 325/1013/254 326/1014/254
f 327/1015/255 324/1016/255 328/1017/255 329/1018/255
f 70/1019/256 69/1020/256 330/1021/256 325/1022/256
f 69/1023/257 66/1024/257 331/1025/257 330/1026/257
f 66/1027/258 65/1028/258 332/1029/258 331/1030/258
f 65/1031/259 73/1032/259 333/1033/259 332/1034/259
f 327/1035/260 73/1036/260 333/1037/260 329/1038/260
f 334/1039/261 335/1040/261 336/1041/261 337/1042/261
f 338/1043/262 339/1044/262 335/1045/262 334/1046/262
f 340/1047/263 341/1048/263 339/1049/263 338/1050/263
f 342/1051/264 343/1052/264 341/1053/264 340/1054/264
f 344/1055/265 345/1056/265 343/1057/265 342/1058/265
f 346/1059/266 347/1060/266 345/1061/266 344/1062/266
f 348/1063/267 349/1064/267 347/1065/267 346/1066/267
f 337/1067/268 336/1068/268 349/1069/268 348/1070/268
f 350/1071/269 351/1072/269 352/1073/269 353/1074/269
f 354/1075/270 355/1076/270 351/1077/270 350/1078/270
f 356/1079/271 357/1080/271 355/1081/271 354/1082/271
f 358/1083/272 359/1084/272 357/1085/272 356/1086/272
f 360/1087/273 361/1088/273 359/1089/273 358/1090/273
f 362/1091/274 363/1092/274 361/1093/274 360/1094/274
f 364/1095/275 365/1096/275 363/1097/275 362/1098/275
f 353/1099/276 352/1100/276 365/1101/276 364/1102/276
f 329/1103/277 328/1104/277 366/1105/277 367/1106/277
f 328/1107/278 326/1108/278 368/1109/278 366/1110/278
f 326/1111/279 325/1112/279 369/1113/279 368/1114/279
f 325/1115/280 330/1116/280 370/1117/280 369/1118/280
f 330/1119/281 331/1120/281 371/1121/281 370/1122/281
f 331/1123/282 332/1124/282 372/1125/282 371/1126/282
f 332/1127/283 333/1128/283 373/1129/283 372/1130/283
f 333/1131/284 329/1132/284 367/1133/284 373/1134/284
f 367/1135/285 366/1136/285 374/1137/285 375/1138/285
f 375/1139/286 374/1140/286 376/1141/286 377/1142/286
f 377/1143/287 376/1144/287 378/1145/287 379/1146/287
f 379/1147/288 378/1148/288 380/1149/288 381/1150/288
f 381/1151/289 380/1152/289 382/1153/289 383/1154/289
f 383/1155/290 382/1156/290 384/1157/290 385/1158/290
f 385/1159/291 384/1160/291 386/1161/291 387/1162/291
f 387/1163/292 386/1164/292 388/1165/292 389/1166/292
f 389/1167/293 388/1168/293 390/1169/293 391/1170/293
f 391/1171/294 390/1172/294 392/1173/294 393/1174/294
f 393/1175/295 392/1176/295 394/1177/295 395/1178/295
f 395/1179/296 394/1180/296 396/1181/296 397/1182/296
f 397/1183/297 396/1184/297 398/1185/297 399/1186/297
f 399/1187/298 398/1188/298 400/1189/298 401/1190/298
f 401/1191/299 400/1192/299 354/1193/299 350/1194/299
f 366/1195/300 368/1196/300 402/1197/300 374/1198/300
f 374/1199/301 402/1200/301 403/1201/301 376/1202/301
f 376/1203/302 403/1204/302 404/1205/302 378/1206/302
f 378/1207/303 404/1208/303 405/1209/303 380/1210/303
f 380/1211/304 405/1212/304 406/1213/304 382/1214/304
f 382/1215/305 406/1216/305 407/1217/305 384/1218/305
f 384/1219/306 407/1220/306 408/1221/306 386/1222/306
f 386/1223/307 408/1224/307 409/1225/307 388/1226/307
f 388/1227/308 409/1228/308 410/1229/308 390/1230/308
f 390/1231/309 410/1232/309 411/1233/309 392/1234/309
f 392/1235/310 411/1236/310 412/1237/310 394/1238/310
f 394/1239/311 412/1240/311 413/1241/311 396/1242/311
f 396/1243/312 413/1244/312 414/1245/312 398/1246/312
f 398/1247/313 414/1248/313 415/1249/313 400/1250/313
f 400/1251/314 415/1252/314 356/1253/314 354/1254/314
f 368/1255/315 369/1256/315 416/1257/315 402/1258/315
f 402/1259/316 416/1260/316 417/1261/316 403/1262/316
f 403/1263/317 417/1264/317 418/1265/317 404/1266/317
f 404/1267/318 418/1268/318 419/1269/318 405/1270/318
f 405/1271/319 419/1272/319 420/1273/319 406/1274/319
f 406/1275/320 420/1276/320 421/1277/320 407/1278/320
f 407/1279/321 421/1280/321 422/1281/321 408/1282/321
f 408/1283/322 422/1284/322 423/1285/322 409/1286/322
f 409/1287/323 423/1288/323 424/1289/323 410/1290/323
f 410/1291/324 424/1292/324 425/1293/324 411/1294/324
f 411/1295/325 425/1296/325 426/1297/325 412/1298/325
f 412/1299/326 426/1300/326 427/1301/326 413/1302/326
f 413/1303/327 427/1304/327 428/1305/327 414/1306/327
f 414/1307/328 428/1308/328 429/1309/328 415/1310/328
f 415/1311/329 429/1312/329 358/1313/329 356/1314/329
f 369/1315/330 370/1316/330 430/1317/330 416/1318/330
f 416/1319/331 430/1320/331 431/1321/331 417/1322/331
f 417/1323/332 431/1324/332 432/1325/332 418/1326/332
f 418/1327/333 432/1328/333 433/1329/333 419/1330/333
f 419/1331/334 433/1332/334 434/1333/334 420/1334/334
f 420/1335/335 434/1336/335 435/1337/335 421/1338/335
f 421/1339/336 435/1340/336 436/1341/336 422/1342/336
f 422/1343/337 436/1344/337 437/1345/337 423/1346/337
f 423/1347/338 437/1348/338 438/1349/338 424/1350/338
f 424/1351/339 438/1352/339 439/1353/339 425/1354/339
f 425/1355/340 439/1356/340 440/1357/340 426/1358/340
f 426/1359/341 440/1360/341 441/1361/341 427/1362/341
f 427/1363/342 441/1364/342 442/1365/342 428/1366/342
f 428/1367/343 442/1368/343 443/1369/343 429/1370/343
f 429/1371/344 443/1372/344 360/1373/344 358/1374/344
f 370/1375/345 371/1376/345 444/1377/345 430/1378/345
f 430/1379/346 444/1380/346 445/1381/346 431/1382/346
f 431/1383/347 445/1384/347 446/1385/347 432/1386/347
f 432/1387/348 446/1388/348 447/1389/348 433/1390/348
f 433/1391/349 447/1392/349 448/1393/349 434/1394/349
f 434/1395/350 448/1396/350 449/1397/350 435/1398/350
f 435/1399/351 449/1400/351 450/1401/351 436/1402/351
f 436/1403/352 450/1404/352 451/1405/352 437/1406/352
f 437/1407/353 451/1408/353 452/1409/353 438/1410/353
f 438/1411/354 452/1412/354 453/1413/354 439/1414/354
f 439/1415/355 453/1416/355 454/1417/355 440/1418/355
f 440/1419/356 454/1420/356 455/1421/356 441/1422/356
f 441/1423/357 455/1424/357 456/1425/357 442/1426/357
f 442/1427/358 456/1428/358 457/1429/358 443/1430/358
f 443/1431/359 457/1432/359 362/1433/359 360/1434/359
f 371/1435/360 372/1436/360 458/1437/360 444/1438/360
f 444/1439/361 458/1440/361 459/1441/361 445/1442/361
f 445/1443/362 459/1444/362 460/1445/362 446/1446/362
f 446/1447/363 460/1448/363 461/1449/363 447/1450/363
f 447/1451/364 461/1452/364 462/1453/364 448/1454/364
f 448/1455/365 462/1456/365 463/1457/365 449/1458/365
f 449/1459/366 463/1460/366 464/1461/366 450/1462/366
f 450/1463/367 464/1464/367 465/1465/367 451/1466/367
f 451/1467/368 465/1468/368 466/1469/368 452/1470/368
f 452/1471/369 466/1472/369 467/1473/369 453/1474/369
f 453/1475/370 467/1476/370 468/1477/370 454/1478/370
f 454/1479/371 468/1480/371 469/1481/371 455/1482/371
f 455/1483/372 469/1484/372 470/1485/372 456/1486/372
f 456/1487/373 470/1488/373 471/1489/373 457/1490/373
f 457/1491/374 471/1492/374 364/1493/374 362/1494/374
f 372/1495/375 373/1496/375 472/1497/375 458/1498/375
f 458/1499/376 472/1500/376 473/1501/376 459/1502/376
f 459/1503/377 473/1504/377 474/1505/377 460/1506/377
f 460/1507/378 474/1508/378 475/1509/378 461/1510/378
f 461/1511/379 475/1512/379 476/1513/379 462/1514/379
f 462/1515/380 476/1516/380 477/1517/380 463/1518/380
f 463/1519/381 477/1520/381 478/1521/381 464/1522/381
f 464/1523/382 478/1524/382 479/1525/382 465/1526/382
f 465/1527/383 479/1528/383 480/1529/383 466/1530/383
f 466/1531/384 480/1532/384 481/1533/384 467/1534/384
f 467/1535/385 481/1536/385 482/1537/385 468/1538/385
f 468/1539/386 482/1540/386 483/1541/386 469/1542/386
f 469/1543/387 483/1544/387 484/1545/387 470/1546/387
f 470/1547/388 484/1548/388 485/1549/388 471/1550/388
f 471/1551/389 485/1552/389 353/1553/389 364/1554/389
f 373/1555/390 367/1556/390 375/1557/390 472/1558/390
f 472/1559/391 375/1560/391 377/1561/391 473/1562/391
f 473/1563/392 377/1564/392 379/1565/392 474/1566/392
f 474/1567/393 379/1568/393 381/1569/393 475/1570/393
f 475/1571/394 381/1572/394 383/1573/394 476/1574/394
f 476/1575/395 383/1576/395 385/1577/395 477/1578/395
f 477/1579/396 385/1580/396 387/1581/396 478/1582/396
f 478/1583/397 387/1584/397 389/1585/397 479/1586/397
f 479/1587/398 389/1588/398 391/1589/398 480/1590/398
f 480/1591/399 391/1592/399 393/1593/399 481/1594/399
f 481/1595/400 393/1596/400 395/1597/400 482/1598/400
f 482/1599/401 395/1600/401 397/1601/401 483/1602/401
f 483/1603/402 397/1604/402 399/1605/402 484/1606/402
f 484/1607/403 399/1608/403 401/1609/403 485/1610/403
f 485/1611/404 401/1612/404 350/1613/404 353/1614/404
o gas-filter_cylinder.022
v 0.115677 2.081093 0.30154
v 0.107911 2.081093 0.288088
v 0.111931 2.081093 0.273084
v 0.125383 2.081093 0.265318
v 0.077583 1.968593 0.143813
v 0.034282 1.968593 0.168813
v 0.034282 1.999843 0.168813
v 0.077583 1.999843 0.143813
v 0.077583 2.031093 0.143813
v 0.034282 2.031093 0.168813
v 0.034282 2.062343 0.168813
v 0.077583 2.062343 0.143813
v -0.253906 1.943893 -0.412685
v -0.248728 1.943893 -0.403717
v -0.251408 1.943893 -0.393714
v -0.260376 1.943893 -0.388536
v -0.268819 1.968779 0.086374
v -0.293819 1.968779 0.043073
v -0.293819 2.000029 0.043073
v -0.268819 2.000029 0.086374
v -0.268819 2.031279 0.086374
v -0.293819 2.031279 0.043073
v -0.293819 2.062529 0.043073
v -0.268819 2.062529 0.086374
v 0.287678 1.944078 -0.245115
v 0.27871 1.944078 -0.239938
v 0.268708 1.944078 -0.242618
v 0.26353 1.944078 -0.251586
v 0.293045 2.081578 -0.240997
v 0.279593 2.081578 -0.233231
v 0.26459 2.081578 -0.237251
v 0.256823 2.081578 -0.250703
v -0.0625 0.286612 0.1875
v -0.0625 0.286612 0.375
v -0.099112 0.25 0.375
v -0.099112 0.25 0.1875
v -0.0625 0.338388 0.1875
v -0.0625 0.338388 0.375
v -0.099112 0.375 0.1875
v -0.099112 0.375 0.375
v -0.150888 0.375 0.1875
v -0.150888 0.375 0.375
v -0.1875 0.338388 0.1875
v -0.1875 0.338388 0.375
v -0.1875 0.286612 0.1875
v -0.1875 0.286612 0.375
v -0.150888 0.25 0.1875
v -0.150888 0.25 0.375
v 0.119796 1.943593 0.296173
v 0.129798 1.943593 0.298853
v 0.129798 2.081093 0.298853
v 0.119796 2.081093 0.296173
v 0.138766 1.943593 0.293676
v 0.138766 2.081093 0.293676
v 0.141446 1.943593 0.283673
v 0.141446 2.081093 0.283673
v 0.136269 1.943593 0.274705
v 0.136269 2.081093 0.274705
v 0.126266 1.943593 0.272025
v 0.126266 2.081093 0.272025
v 0.117298 1.943593 0.277203
v 0.117298 2.081093 0.277203
v 0.115677 2.093593 0.30154
v 0.130681 2.093593 0.30556
v 0.144133 2.093593 0.297794
v 0.148153 2.093593 0.28279
v 0.114618 1.943593 0.287205
v 0.114618 2.081093 0.287205
v 0.168208 1.968593 0.30078
v 0.168208 1.999843 0.30078
v 0.124907 1.968593 0.32578
v 0.124907 1.999843 0.32578
v 0.168208 2.031093 0.30078
v 0.168208 2.062343 0.30078
v 0.124907 2.031093 0.32578
v 0.124907 2.062343 0.32578
v 0.130681 2.081093 0.30556
v 0.144133 2.081093 0.297794
v 0.148153 2.081093 0.28279
v 0.140387 2.081093 0.269338
v 0.140387 2.093593 0.269338
v 0.125383 2.093593 0.265318
v 0.111931 2.093593 0.273084
v 0.107911 2.093593 0.288088
v -0.263908 1.943893 -0.415365
v -0.263908 2.081393 -0.415365
v -0.253906 2.081393 -0.412685
v -0.272876 1.943893 -0.410187
v -0.272876 2.081393 -0.410187
v -0.275556 1.943893 -0.400185
v -0.275556 2.081393 -0.400185
v -0.270379 1.943893 -0.391217
v -0.270379 2.081393 -0.391217
v -0.260376 2.081393 -0.388536
v -0.251408 2.081393 -0.393714
v -0.248728 2.081393 -0.403717
v -0.302319 1.968893 -0.417291
v -0.211694 1.968893 -0.260324
v -0.211694 2.000143 -0.260324
v -0.302319 2.000143 -0.417291
v -0.259017 1.968893 -0.442291
v -0.259017 2.000143 -0.442291
v -0.168392 1.968893 -0.285324
v -0.168392 2.000143 -0.285324
v -0.302319 2.031393 -0.417291
v -0.211694 2.031393 -0.260324
v -0.211694 2.062643 -0.260324
v -0.302319 2.062643 -0.417291
v -0.259017 2.031393 -0.442291
v -0.259017 2.062643 -0.442291
v -0.168392 2.031393 -0.285324
v -0.168392 2.062643 -0.285324
v -0.249788 2.081393 -0.418052
v -0.264791 2.081393 -0.422072
v -0.264791 2.093893 -0.422072
v -0.249788 2.093893 -0.418052
v -0.278243 2.081393 -0.414305
v -0.278243 2.093893 -0.414305
v -0.282264 2.081393 -0.399302
v -0.282264 2.093893 -0.399302
v -0.274497 2.081393 -0.38585
v -0.274497 2.093893 -0.38585
v -0.259493 2.081393 -0.381829
v -0.259493 2.093893 -0.381829
v -0.246041 2.081393 -0.389596
v -0.246041 2.093893 -0.389596
v -0.242021 2.081393 -0.4046
v -0.242021 2.093893 -0.4046
v -0.421179 1.943779 0.128586
v -0.423859 1.943779 0.138589
v -0.423859 2.081279 0.138589
v -0.421179 2.081279 0.128586
v -0.418682 1.943779 0.147557
v -0.418682 2.081279 0.147557
v -0.408679 1.943779 0.150237
v -0.408679 2.081279 0.150237
v -0.399711 1.943779 0.145059
v -0.399711 2.081279 0.145059
v -0.397031 1.943779 0.135057
v -0.397031 2.081279 0.135057
v -0.402209 1.943779 0.126089
v -0.402209 2.081279 0.126089
v -0.412211 1.943779 0.123408
v -0.412211 2.081279 0.123408
v -0.425786 1.968779 0.176999
v -0.425786 2.000029 0.176999
v -0.450786 1.968779 0.133698
v -0.450786 2.000029 0.133698
v -0.425786 2.031279 0.176999
v -0.425786 2.062529 0.176999
v -0.450786 2.031279 0.133698
v -0.450786 2.062529 0.133698
v -0.426546 2.081279 0.124468
v -0.430566 2.081279 0.139472
v -0.430566 2.093779 0.139472
v -0.426546 2.093779 0.124468
v -0.4228 2.081279 0.152924
v -0.4228 2.093779 0.152924
v -0.407796 2.081279 0.156944
v -0.407796 2.093779 0.156944
v -0.394344 2.081279 0.149177
v -0.394344 2.093779 0.149177
v -0.390324 2.081279 0.134174
v -0.390324 2.093779 0.134174
v -0.398091 2.081279 0.120722
v -0.398091 2.093779 0.120722
v -0.413094 2.081279 0.116701
v -0.413094 2.093779 0.116701
v 0.290359 1.944078 -0.255118
v 0.290359 2.081578 -0.255118
v 0.287678 2.081578 -0.245115
v 0.285181 1.944078 -0.264086
v 0.285181 2.081578 -0.264086
v 0.275178 1.944078 -0.266766
v 0.275178 2.081578 -0.266766
v 0.26621 1.944078 -0.261588
v 0.26621 2.081578 -0.261588
v 0.26353 2.081578 -0.251586
v 0.268708 2.081578 -0.242618
v 0.27871 2.081578 -0.239938
v 0.292285 1.969078 -0.293528
v 0.135318 1.969078 -0.202903
v 0.135318 2.000328 -0.202903
v 0.292285 2.000328 -0.293528
v 0.317285 1.969078 -0.250227
v 0.317285 2.000328 -0.250227
v 0.160318 1.969078 -0.159602
v 0.160318 2.000328 -0.159602
v 0.292285 2.031578 -0.293528
v 0.135318 2.031578 -0.202903
v 0.135318 2.062828 -0.202903
v 0.292285 2.062828 -0.293528
v 0.317285 2.031578 -0.250227
v 0.317285 2.062828 -0.250227
v 0.160318 2.031578 -0.159602
v 0.160318 2.062828 -0.159602
v 0.297066 2.081578 -0.256001
v 0.297066 2.094078 -0.256001
v 0.293045 2.094078 -0.240997
v 0.289299 2.081578 -0.269453
v 0.289299 2.094078 -0.269453
v 0.274295 2.081578 -0.273473
v 0.274295 2.094078 -0.273473
v 0.260843 2.081578 -0.265707
v 0.260843 2.094078 -0.265707
v 0.256823 2.094078 -0.250703
v 0.26459 2.094078 -0.237251
v 0.279593 2.094078 -0.233231
v -0.05 0.343566 0.35
v -0.093934 0.3875 0.35
v -0.093934 0.3875 0.375
v -0.05 0.343566 0.375
v -0.156066 0.3875 0.35
v -0.156066 0.3875 0.375
v -0.2 0.343566 0.35
v -0.2 0.343566 0.375
v -0.2 0.281434 0.35
v -0.2 0.281434 0.375
v -0.156066 0.2375 0.35
v -0.156066 0.2375 0.375
v -0.093934 0.2375 0.35
v -0.093934 0.2375 0.375
v -0.05 0.281434 0.35
v -0.05 0.281434 0.375
v 0.021234 0.126563 0.25
v 0.166266 0.126563 0.166266
v 0.166266 2.001563 0.166266
v 0.021234 2.001563 0.25
v 0.25 0.126563 0.021234
v 0.25 2.001563 0.021234
v 0.25 0.126563 -0.146234
v 0.25 2.001563 -0.146234
v 0.166266 0.126563 -0.291266
v 0.166266 2.001563 -0.291266
v 0.021234 0.126563 -0.375
v 0.021234 2.001563 -0.375
v -0.146234 0.126563 -0.375
v -0.146234 2.001563 -0.375
v -0.291266 0.126563 -0.291266
v -0.291266 2.001563 -0.291266
v -0.375 0.126563 -0.146234
v -0.375 2.001563 -0.146234
v -0.375 0.126563 0.021234
v -0.375 2.001563 0.021234
v -0.291266 0.126563 0.166266
v -0.291266 2.001563 0.166266
v -0.146234 0.126563 0.25
v -0.146234 2.001563 0.25
v -0.020633 2.270633 0.09375
v 0.051883 2.270633 0.051883
v -0.0625 2.3125 -0.0625
v 0.010016 2.15625 0.208133
v 0.135617 2.15625 0.135617
v 0.021234 2 0.25
v 0.166266 2 0.166266
v 0.09375 2.270633 -0.020633
v 0.208133 2.15625 0.010016
v 0.25 2 0.021234
v 0.09375 2.270633 -0.104367
v 0.208133 2.15625 -0.135016
v 0.25 2 -0.146234
v 0.051883 2.270633 -0.176883
v 0.135617 2.15625 -0.260617
v 0.166266 2 -0.291266
v -0.020633 2.270633 -0.21875
v 0.010016 2.15625 -0.333133
v 0.021234 2 -0.375
v -0.104367 2.270633 -0.21875
v -0.135016 2.15625 -0.333133
v -0.146234 2 -0.375
v -0.176883 2.270633 -0.176883
v -0.260617 2.15625 -0.260617
v -0.291266 2 -0.291266
v -0.21875 2.270633 -0.104367
v -0.333133 2.15625 -0.135016
v -0.375 2 -0.146234
v -0.21875 2.270633 -0.020633
v -0.333133 2.15625 0.010016
v -0.375 2 0.021234
v -0.176883 2.270633 0.051883
v -0.260617 2.15625 0.135617
v -0.291266 2 0.166266
v -0.104367 2.270633 0.09375
v -0.135016 2.15625 0.208133
v -0.146234 2 0.25
vt 0.980869 0.639785
vt 0.978728 0.641925
vt 0.975701 0.641925
vt 0.97356 0.639784
vt 0.983687 0.948905
vt 0.983687 0.939728
vt 0.989777 0.939749
vt 0.989777 0.948925
vt 0.535912 0.988554
vt 0.535912 0.979377
vt 0.542002 0.979398
vt 0.542002 0.988574
vt 0.761118 0.588351
vt 0.761118 0.586333
vt 0.762545 0.584906
vt 0.764563 0.584906
vt 0.548092 0.979398
vt 0.548092 0.988574
vt 0.542002 0.988554
vt 0.542002 0.979377
vt 0.974726 0.977471
vt 0.974726 0.986648
vt 0.968636 0.986627
vt 0.968636 0.977451
vt 0.757673 0.584906
vt 0.759691 0.584906
vt 0.761118 0.586333
vt 0.761118 0.588351
vt 0.753803 0.581839
vt 0.755944 0.583979
vt 0.755944 0.587006
vt 0.753803 0.589147
vt 0.74161 0.6264
vt 0.74161 0.589858
vt 0.748745 0.589858
vt 0.748745 0.6264
vt 0.98991 0.563304
vt 0.98991 0.535451
vt 1 0.53537
vt 1 0.563223
vt 0.846555 0.622427
vt 0.846555 0.585886
vt 0.85369 0.585886
vt 0.85369 0.622427
vt 0.836464 0.622427
vt 0.836464 0.585886
vt 0.846555 0.585886
vt 0.846555 0.622427
vt 0.829329 0.622427
vt 0.829329 0.585886
vt 0.836464 0.585886
vt 0.836464 0.622427
vt 0.623659 0.968075
vt 0.623659 0.940222
vt 0.633749 0.940141
vt 0.633749 0.967994
vt 0.758836 0.6264
vt 0.758836 0.589858
vt 0.765971 0.589858
vt 0.765971 0.6264
vt 0.748745 0.6264
vt 0.748745 0.589858
vt 0.758836 0.589858
vt 0.758836 0.6264
vt 0.981812 0.633451
vt 0.974121 0.633389
vt 0.968682 0.626211
vt 0.968682 0.616121
vt 0.612433 0.968136
vt 0.617872 0.975315
vt 0.617872 0.985405
vt 0.612433 0.992496
vt 0.884367 0.968189
vt 0.88619 0.968197
vt 0.88619 0.994993
vt 0.884367 0.994985
vt 0.989919 0.38978500000000005
vt 0.991819 0.38977799999999996
vt 0.991819 0.4165749999999999
vt 0.989919 0.416581
vt 0.991819 0.38977799999999996
vt 0.993643 0.389787
vt 0.993643 0.4165829999999999
vt 0.991819 0.4165749999999999
vt 0.679283 0.994894
vt 0.677383 0.994901
vt 0.677383 0.968105
vt 0.679283 0.968098
vt 0.677383 0.994901
vt 0.675559 0.994893
vt 0.675559 0.968097
vt 0.677383 0.968105
vt 0.996071 0.535364
vt 0.99417 0.53537
vt 0.99417 0.508574
vt 0.996071 0.508568
vt 0.968392 0.634617
vt 0.97142 0.634617
vt 0.97356 0.636757
vt 0.97356 0.639784
vt 0.99417 0.53537
vt 0.992346 0.535362
vt 0.992346 0.508566
vt 0.99417 0.508574
vt 0.769436 0.584906
vt 0.770863 0.586333
vt 0.770863 0.588351
vt 0.769435 0.589778
vt 0.882466 0.968195
vt 0.884367 0.968189
vt 0.884367 0.994985
vt 0.882466 0.994992
vt 0.864727 0.831764
vt 0.864727 0.865029
vt 0.858637 0.865008
vt 0.858637 0.831743
vt 0.968636 0.977471
vt 0.968636 0.986648
vt 0.962546 0.986627
vt 0.962546 0.977451
vt 0.204446 0.947105
vt 0.204446 0.91384
vt 0.210536 0.91386
vt 0.210536 0.947125
vt 0.980166 0.606017
vt 0.980166 0.570694
vt 0.98991 0.570694
vt 0.98991 0.606017
vt 0.986119 0.803787
vt 0.986119 0.768463
vt 0.995863 0.768463
vt 0.995863 0.803787
vt 0.564283 0.959037
vt 0.564283 0.992302
vt 0.558193 0.992282
vt 0.558193 0.959017
vt 0.896316 0.98039
vt 0.896316 0.989567
vt 0.890226 0.989546
vt 0.890226 0.98037
vt 0.858637 0.765152
vt 0.858637 0.731887
vt 0.864727 0.731907
vt 0.864727 0.765172
vt 0.986119 0.840329
vt 0.986119 0.805005
vt 0.995863 0.805006
vt 0.995863 0.840329
vt 0.980174 0.425102
vt 0.980174 0.38977799999999996
vt 0.989919 0.38977799999999996
vt 0.989919 0.425102
vt 0.475025 0.879977
vt 0.475036 0.877241
vt 0.477472 0.87724
vt 0.477461 0.879975
vt 0.755091 0.880822
vt 0.755102 0.883673
vt 0.752666 0.883674
vt 0.752655 0.880823
vt 0.755102 0.883673
vt 0.755091 0.886409
vt 0.752655 0.88641
vt 0.752666 0.883674
vt 0.213133 0.87251
vt 0.213144 0.875361
vt 0.210708 0.875362
vt 0.210697 0.872511
vt 0.213144 0.875361
vt 0.213133 0.878097
vt 0.210697 0.878098
vt 0.210708 0.875362
vt 0.369852 0.875044
vt 0.369841 0.872193
vt 0.372277 0.872192
vt 0.372288 0.875043
vt 0.369841 0.872193
vt 0.369852 0.869457
vt 0.372288 0.869456
vt 0.372277 0.872192
vt 0.475036 0.882827
vt 0.475025 0.879977
vt 0.477461 0.879975
vt 0.477472 0.882826
vt 0.991743 0.4519059999999999
vt 0.989919 0.451898
vt 0.989919 0.425102
vt 0.991743 0.42511
vt 0.683007 0.994894
vt 0.681107 0.994901
vt 0.681107 0.968105
vt 0.683007 0.968098
vt 0.681107 0.994901
vt 0.679283 0.994893
vt 0.679283 0.968097
vt 0.681107 0.968105
vt 0.98991 0.5707
vt 0.991811 0.570694
vt 0.991811 0.59749
vt 0.98991 0.597496
vt 0.991811 0.570694
vt 0.993635 0.570702
vt 0.993635 0.597498
vt 0.991811 0.59749
vt 0.055364 0.931166
vt 0.057265 0.931159
vt 0.057265 0.957955
vt 0.055364 0.957962
vt 0.057265 0.931159
vt 0.059089 0.931167
vt 0.059089 0.957963
vt 0.057265 0.957955
vt 0.993643 0.45189999999999997
vt 0.991743 0.4519059999999999
vt 0.991743 0.42511
vt 0.993643 0.4251039999999999
vt 0.928862 0.984437
vt 0.928862 0.951172
vt 0.934952 0.951192
vt 0.934952 0.984457
vt 0.835795 0.986154
vt 0.835795 0.976977
vt 0.841885 0.976997
vt 0.841885 0.986174
vt 0.564283 0.925752
vt 0.564283 0.959017
vt 0.558193 0.958996
vt 0.558193 0.925731
vt 0.132226 0.976903
vt 0.132226 0.98608
vt 0.126136 0.986059
vt 0.126136 0.976883
vt 0.599304 0.85264
vt 0.599304 0.887964
vt 0.589559 0.887964
vt 0.589559 0.85264
vt 0.90067 0.627506
vt 0.90067 0.66283
vt 0.890926 0.66283
vt 0.890926 0.627506
vt 0.204446 0.847248
vt 0.204446 0.813983
vt 0.210536 0.814004
vt 0.210536 0.847269
vt 0.841885 0.986154
vt 0.841885 0.976977
vt 0.847975 0.976997
vt 0.847975 0.986174
vt 0.083447 0.960414
vt 0.083447 0.993679
vt 0.077357 0.993658
vt 0.077357 0.960393
vt 0.126136 0.976903
vt 0.126136 0.98608
vt 0.120046 0.986059
vt 0.120046 0.976882
vt 0.10497 0.883222
vt 0.10497 0.918546
vt 0.095226 0.918546
vt 0.095226 0.883222
vt 0.599304 0.887964
vt 0.599304 0.923288
vt 0.589559 0.923288
vt 0.589559 0.887964
vt 0.372288 0.883482
vt 0.372277 0.886218
vt 0.369841 0.886219
vt 0.369852 0.883483
vt 0.752666 0.869647
vt 0.752655 0.866796
vt 0.755091 0.866795
vt 0.755102 0.869646
vt 0.752655 0.866796
vt 0.752666 0.86406
vt 0.755102 0.864059
vt 0.755091 0.866795
vt 0.369852 0.847104
vt 0.369841 0.844253
vt 0.372277 0.844252
vt 0.372288 0.847103
vt 0.369841 0.844253
vt 0.369852 0.841517
vt 0.372288 0.841516
vt 0.372277 0.844252
vt 0.372277 0.847104
vt 0.372288 0.849955
vt 0.369852 0.849956
vt 0.369841 0.847106
vt 0.372288 0.849955
vt 0.372277 0.852691
vt 0.369841 0.852692
vt 0.369852 0.849956
vt 0.951635 0.639785
vt 0.951635 0.636757
vt 0.953776 0.634617
vt 0.956803 0.634617
vt 0.372277 0.880632
vt 0.372288 0.883482
vt 0.369852 0.883483
vt 0.369841 0.880633
vt 0.586931 0.981973
vt 0.585107 0.981965
vt 0.585107 0.955169
vt 0.586931 0.955177
vt 0.992359 0.21925700000000004
vt 0.994259 0.21925099999999997
vt 0.994259 0.24604700000000002
vt 0.992359 0.24605299999999997
vt 0.994259 0.21925099999999997
vt 0.996083 0.21925899999999998
vt 0.996083 0.24605500000000002
vt 0.994259 0.24604700000000002
vt 0.886191 0.968195
vt 0.888091 0.968189
vt 0.888091 0.994985
vt 0.886191 0.994991
vt 0.888091 0.968189
vt 0.889915 0.968197
vt 0.889915 0.994993
vt 0.888091 0.994985
vt 0.535314 0.986945
vt 0.533414 0.986951
vt 0.533414 0.960155
vt 0.535314 0.960149
vt 0.533414 0.986951
vt 0.53159 0.986943
vt 0.53159 0.960147
vt 0.533414 0.960155
vt 0.588832 0.981967
vt 0.586931 0.981973
vt 0.586931 0.955177
vt 0.588832 0.955171
vt 0.754726 0.504613
vt 0.754726 0.537878
vt 0.748636 0.537857
vt 0.748636 0.504592
vt 0.847975 0.986153
vt 0.847975 0.976977
vt 0.854065 0.976997
vt 0.854065 0.986174
vt 0.755102 0.891736
vt 0.755102 0.858471
vt 0.761192 0.858491
vt 0.761192 0.891756
vt 0.980174 0.460426
vt 0.980174 0.425102
vt 0.989919 0.425102
vt 0.989919 0.460426
vt 0.749473 0.993675
vt 0.749473 0.958352
vt 0.759217 0.958352
vt 0.759217 0.993675
vt 0.864727 0.765193
vt 0.864727 0.798458
vt 0.858637 0.798437
vt 0.858637 0.765172
vt 0.854065 0.986154
vt 0.854065 0.976977
vt 0.860155 0.976998
vt 0.860155 0.986174
vt 0.858637 0.898294
vt 0.858637 0.865029
vt 0.864727 0.865049
vt 0.864727 0.898314
vt 0.986246 0.702694
vt 0.986246 0.667371
vt 0.995991 0.667371
vt 0.995991 0.702695
vt 0.589559 0.993935
vt 0.589559 0.958612
vt 0.599304 0.958611
vt 0.599304 0.993935
vt 0.752655 0.861208
vt 0.752666 0.858472
vt 0.755102 0.858471
vt 0.755091 0.861207
vt 0.752666 0.880822
vt 0.752655 0.877972
vt 0.755091 0.87797
vt 0.755102 0.880821
vt 0.752655 0.877972
vt 0.752666 0.875236
vt 0.755102 0.875235
vt 0.755091 0.87797
vt 0.213133 0.878098
vt 0.213144 0.880949
vt 0.210708 0.88095
vt 0.210697 0.878099
vt 0.213144 0.880949
vt 0.213133 0.883685
vt 0.210697 0.883686
vt 0.210708 0.88095
vt 0.372277 0.863868
vt 0.372288 0.866719
vt 0.369852 0.86672
vt 0.369841 0.863869
vt 0.372288 0.866719
vt 0.372277 0.869455
vt 0.369841 0.869456
vt 0.369852 0.86672
vt 0.752666 0.864059
vt 0.752655 0.861208
vt 0.755091 0.861207
vt 0.755102 0.864058
vt 0.783142 0.956149
vt 0.784966 0.956157
vt 0.784966 0.982953
vt 0.783142 0.982945
vt 0.510404 0.923289
vt 0.508503 0.923295
vt 0.508503 0.896499
vt 0.510404 0.896492
vt 0.508503 0.923295
vt 0.506679 0.923287
vt 0.506679 0.896491
vt 0.508503 0.896499
vt 0.99557 0.942165
vt 0.99367 0.942171
vt 0.99367 0.915375
vt 0.99557 0.915368
vt 0.99367 0.942171
vt 0.991846 0.942163
vt 0.991846 0.915367
vt 0.99367 0.915375
vt 0.991869 0.86665
vt 0.99377 0.866644
vt 0.99377 0.89344
vt 0.991869 0.893446
vt 0.99377 0.866644
vt 0.995593 0.866652
vt 0.995593 0.893448
vt 0.99377 0.89344
vt 0.781242 0.956155
vt 0.783142 0.956149
vt 0.783142 0.982945
vt 0.781242 0.982951
vt 0.204446 0.913819
vt 0.204446 0.880554
vt 0.210536 0.880575
vt 0.210536 0.91384
vt 0.962546 0.977471
vt 0.962546 0.986648
vt 0.956456 0.986627
vt 0.956456 0.977451
vt 0.754726 0.537898
vt 0.754726 0.571163
vt 0.748635 0.571143
vt 0.748635 0.537878
vt 0.980166 0.510988
vt 0.980166 0.501812
vt 0.986256 0.501832
vt 0.986256 0.511009
vt 0.995863 0.731921
vt 0.995863 0.767245
vt 0.986119 0.767245
vt 0.986119 0.731921
vt 0.996554 0
vt 0.996554 0.03532400000000002
vt 0.98681 0.03532400000000002
vt 0.98681 0
vt 0.204446 0.880534
vt 0.204446 0.847269
vt 0.210536 0.847289
vt 0.210536 0.880554
vt 0.902406 0.98039
vt 0.902406 0.989567
vt 0.896316 0.989546
vt 0.896316 0.98037
vt 0.864727 0.798478
vt 0.864727 0.831743
vt 0.858637 0.831723
vt 0.858637 0.798458
vt 0.55121 0.988554
vt 0.55121 0.979377
vt 0.5573 0.979398
vt 0.5573 0.988574
vt 0.599304 0.923288
vt 0.599304 0.958611
vt 0.589559 0.958611
vt 0.589559 0.923288
vt 0.98991 0.53537
vt 0.98991 0.570694
vt 0.980166 0.570694
vt 0.980166 0.53537
vt 0.372288 0.855543
vt 0.372277 0.858279
vt 0.369841 0.85828
vt 0.369852 0.855544
vt 0.372277 0.85828
vt 0.372288 0.861131
vt 0.369852 0.861132
vt 0.369841 0.858281
vt 0.372288 0.861131
vt 0.372277 0.863867
vt 0.369841 0.863868
vt 0.369852 0.861132
vt 0.752666 0.875234
vt 0.752655 0.872384
vt 0.755091 0.872383
vt 0.755102 0.875233
vt 0.752655 0.872384
vt 0.752666 0.869648
vt 0.755102 0.869647
vt 0.755091 0.872383
vt 0.369852 0.880631
vt 0.369841 0.877781
vt 0.372277 0.877779
vt 0.372288 0.88063
vt 0.369841 0.877781
vt 0.369852 0.875045
vt 0.372288 0.875044
vt 0.372277 0.877779
vt 0.372277 0.852692
vt 0.372288 0.855543
vt 0.369852 0.855544
vt 0.369841 0.852693
vt 0.958944 0.636757
vt 0.961084 0.634617
vt 0.964111 0.634616
vt 0.966252 0.636757
vt 0.759052 0.957532
vt 0.756024 0.957532
vt 0.753884 0.955391
vt 0.753884 0.952364
vt 0.946467 0.634617
vt 0.949495 0.634617
vt 0.951635 0.636757
vt 0.951635 0.639785
vt 0.761192 0.92099
vt 0.761192 0.929552
vt 0.75632 0.929552
vt 0.75632 0.92099
vt 0.761192 0.929552
vt 0.761192 0.941661
vt 0.75632 0.941661
vt 0.75632 0.929552
vt 0.761192 0.941661
vt 0.761192 0.950223
vt 0.75632 0.950223
vt 0.75632 0.941661
vt 0.75632 0.891786
vt 0.75632 0.903894
vt 0.752606 0.903865
vt 0.752606 0.891756
vt 0.761192 0.891756
vt 0.761192 0.900319
vt 0.75632 0.900319
vt 0.75632 0.891756
vt 0.761192 0.900319
vt 0.761192 0.912427
vt 0.75632 0.912427
vt 0.75632 0.900319
vt 0.558193 0.934419
vt 0.558193 0.946527
vt 0.551667 0.955037
vt 0.542438 0.954963
vt 0.761192 0.912427
vt 0.761192 0.92099
vt 0.75632 0.92099
vt 0.75632 0.912427
vt 0.58734 0.946659
vt 0.580814 0.955169
vt 0.571585 0.955095
vt 0.565058 0.946481
vt 0.978174 0.24368500000000004
vt 0.978174 0.25579299999999994
vt 0.974461 0.25576299999999996
vt 0.974461 0.24365499999999995
vt 0.74161 0.00010299999999996423
vt 0.772345 0
vt 0.772345 0.365401
vt 0.74161 0.36550499999999997
vt 0.772345 0
vt 0.804453 0.00005500000000002725
vt 0.804453 0.365456
vt 0.772345 0.365401
vt 0.804453 0.00005500000000002725
vt 0.829329 0.00025399999999997647
vt 0.829329 0.36565500000000006
vt 0.804453 0.365456
vt 0.389442 0.75533
vt 0.358707 0.755434
vt 0.358707 0.3900330000000001
vt 0.389442 0.38992899999999997
vt 0.358707 0.755434
vt 0.326599 0.755379
vt 0.326599 0.38997799999999994
vt 0.358707 0.3900330000000001
vt 0.326599 0.755379
vt 0.301723 0.75518
vt 0.301723 0.38977799999999996
vt 0.326599 0.38997799999999994
vt 0.301723 0.75533
vt 0.270987 0.755434
vt 0.270987 0.3900330000000001
vt 0.301723 0.38992899999999997
vt 0.270987 0.755434
vt 0.23888 0.755379
vt 0.23888 0.38997799999999994
vt 0.270987 0.3900330000000001
vt 0.23888 0.755379
vt 0.214003 0.75518
vt 0.214003 0.38977799999999996
vt 0.23888 0.38997799999999994
vt 0.389779 0.511688
vt 0.420514 0.511584
vt 0.420514 0.876985
vt 0.389779 0.877089
vt 0.420514 0.511584
vt 0.452622 0.511639
vt 0.452622 0.877041
vt 0.420514 0.876985
vt 0.452622 0.511639
vt 0.477498 0.511839
vt 0.477498 0.87724
vt 0.452622 0.877041
vt 0.772061 0.656851
vt 0.786194 0.648692
vt 0.794353 0.679143
vt 0.772061 0.656851
vt 0.755742 0.640532
vt 0.780221 0.6264
vt 0.786194 0.648692
vt 0.033898 0.760576
vt 0.064406 0.75572
vt 0.064562 0.786455
vt 0.034034 0.787194
vt 0.786194 0.648692
vt 0.802513 0.648692
vt 0.794353 0.679143
vt 0.786194 0.648692
vt 0.780221 0.6264
vt 0.808486 0.6264
vt 0.802513 0.648692
vt 0.034034 0.787194
vt 0.064562 0.786455
vt 0.064562 0.818563
vt 0.034034 0.815
vt 0.802513 0.648692
vt 0.816645 0.656851
vt 0.794353 0.679143
vt 0.802513 0.648692
vt 0.808486 0.6264
vt 0.832964 0.640532
vt 0.816645 0.656851
vt 0.034034 0.815
vt 0.064562 0.818563
vt 0.064406 0.84344
vt 0.033898 0.836544
vt 0.816645 0.656851
vt 0.824805 0.670984
vt 0.794353 0.679143
vt 0.816645 0.656851
vt 0.832964 0.640532
vt 0.847097 0.665011
vt 0.824805 0.670984
vt 0.033898 0.848296
vt 0.064406 0.84344
vt 0.064562 0.874175
vt 0.034034 0.874913
vt 0.824805 0.670984
vt 0.824804 0.687303
vt 0.794353 0.679143
vt 0.824805 0.670984
vt 0.847097 0.665011
vt 0.847097 0.693276
vt 0.824804 0.687303
vt 0.034034 0.874913
vt 0.064562 0.874175
vt 0.064562 0.906282
vt 0.034034 0.902719
vt 0.824804 0.687303
vt 0.816645 0.701435
vt 0.794353 0.679143
vt 0.824804 0.687303
vt 0.847097 0.693276
vt 0.832964 0.717754
vt 0.816645 0.701435
vt 0.034034 0.902719
vt 0.064562 0.906282
vt 0.064406 0.931159
vt 0.033898 0.924263
vt 0.816645 0.701435
vt 0.802512 0.709595
vt 0.794353 0.679143
vt 0.816645 0.701435
vt 0.832964 0.717754
vt 0.808486 0.731887
vt 0.802512 0.709595
vt 0.095226 0.838583
vt 0.064718 0.84344
vt 0.064562 0.812704
vt 0.09509 0.811966
vt 0.802512 0.709595
vt 0.786194 0.709595
vt 0.794353 0.679143
vt 0.802512 0.709595
vt 0.808486 0.731887
vt 0.78022 0.731887
vt 0.786194 0.709595
vt 0.09509 0.811966
vt 0.064562 0.812704
vt 0.064562 0.780597
vt 0.09509 0.78416
vt 0.786194 0.709595
vt 0.772061 0.701435
vt 0.794353 0.679143
vt 0.786194 0.709595
vt 0.78022 0.731887
vt 0.755742 0.717754
vt 0.772061 0.701435
vt 0.09509 0.78416
vt 0.064562 0.780597
vt 0.064718 0.75572
vt 0.095226 0.762616
vt 0.772061 0.701435
vt 0.763902 0.687303
vt 0.794353 0.679143
vt 0.772061 0.701435
vt 0.755742 0.717754
vt 0.74161 0.693276
vt 0.763902 0.687303
vt 0.095226 0.926303
vt 0.064718 0.931159
vt 0.064562 0.900424
vt 0.09509 0.899685
vt 0.763902 0.687303
vt 0.763902 0.670984
vt 0.794353 0.679143
vt 0.763902 0.687303
vt 0.74161 0.693276
vt 0.74161 0.665011
vt 0.763902 0.670984
vt 0.09509 0.899685
vt 0.064562 0.900424
vt 0.064562 0.868316
vt 0.09509 0.871879
vt 0.763902 0.670984
vt 0.772061 0.656851
vt 0.794353 0.679143
vt 0.763902 0.670984
vt 0.74161 0.665011
vt 0.755742 0.640532
vt 0.772061 0.656851
vt 0.09509 0.871879
vt 0.064562 0.868316
vt 0.064718 0.84344
vt 0.095226 0.850335
vn 0 -1 0
vn -0.5000023399164255 0 -0.8660240528288459
vn -0.5000023399164255 0 -0.8660240528288459
vn 0 -1 0
vn 0.8660240528288454 0 -0.5000023399164258
vn 0.8660240528288454 0 -0.5000023399164258
vn 0 -1 0
vn 0 -1 0
vn 0.7071067811865472 -0.7071067811865478 0
vn 1 0 0
vn 0.7071067811865472 0.7071067811865478 0
vn 0 1 0
vn -0.7071067811865472 0.7071067811865478 0
vn -1 0 0
vn -0.7071067811865472 -0.7071067811865478 0
vn 0 -1 0
vn 0 0 -1
vn 0 0 1
vn -0.2588165381613098 0 0.9659264980184544
vn 0.49995094948364327 0 0.866053721261218
vn 0.9659329661748551 0 0.2587923972156957
vn 0.8660537212612187 0 -0.4999509494836422
vn 0.2587923972156926 0 -0.965932966174856
vn -0.5000233776422283 0 -0.8660119062756918
vn 0 1 0
vn -0.9659264980184536 0 -0.25881653816131317
vn 0 -1 0
vn -0.866011906275691 0 0.5000233776422296
vn 0.8660252597347731 0 -0.500000249501257
vn 0.500002339916426 0 0.8660240528288454
vn -0.8660252597347731 0 0.500000249501257
vn 0 1 0
vn 0 -1 0
vn 0.8660252597347731 0 -0.500000249501257
vn 0.500002339916426 0 0.8660240528288454
vn -0.8660252597347731 0 0.500000249501257
vn 0 1 0
vn 0 -1 0
vn -0.25880044371513083 0 0.9659308103238303
vn 0.4999750933688674 0 0.8660397831570974
vn 0.9659308103238309 0 0.2588004437151288
vn 0.8660397831570966 0 -0.49997509336886903
vn 0.25880044371513045 0 -0.9659308103238305
vn -0.4999750933688682 0 -0.866039783157097
vn -0.9659308103238309 0 -0.2588004437151288
vn -0.8660397831570966 0 0.49997509336886903
vn 0.2588165381613108 0 -0.9659264980184542
vn -0.5000233776422265 0 -0.8660119062756928
vn -0.9659264980184532 0 -0.2588165381613144
vn -0.8660537212612164 0 0.49995094948364616
vn -0.25888249091398674 0 0.9659088238017963
vn 0.5000233776422328 0 0.8660119062756891
vn 0.9659329661748545 0 0.2587923972156982
vn 0.8660119062756906 0 -0.5000233776422305
vn -0.8660252597347731 0 0.500000249501257
vn -0.4999936797198393 0 -0.8660290527691406
vn 0.8660252597347728 0 -0.5000002495012571
vn 0.49999367971984016 0 0.8660290527691401
vn 0 1 0
vn 0 -1 0
vn -0.8660252597347731 0 0.500000249501257
vn -0.4999936797198393 0 -0.8660290527691406
vn 0.8660252597347728 0 -0.5000002495012571
vn 0.49999367971984016 0 0.8660290527691401
vn 0 1 0
vn 0 -1 0
vn 0.2588165381613149 0 -0.9659264980184531
vn -0.5000233776422313 0 -0.86601190627569
vn -0.9659104010077808 0 -0.258876606175584
vn -0.8660119062756891 0 0.5000233776422328
vn -0.25886050853058007 0 0.9659147152431676
vn 0.5000233776422328 0 0.8660119062756891
vn 0.9659308103238304 0 0.25880044371513045
vn 0 -1 0
vn 0.8660119062756891 0 -0.5000233776422328
vn -0.9659329661748557 0 -0.2587923972156932
vn -0.8660537212612182 0 0.49995094948364327
vn -0.25879239721569813 0 0.9659329661748544
vn 0.5000233776422306 0 0.8660119062756907
vn 0.9659264980184543 0 0.2588165381613101
vn 0.8660119062756924 0 -0.5000233776422277
vn 0.25890663905649597 0 -0.9659023513028993
vn -0.5000233776422296 0 -0.8660119062756911
vn 0.5000002495012569 0 0.8660252597347731
vn -0.8660240528288455 0 0.5000023399164261
vn -0.500000249501257 0 -0.8660252597347731
vn 0 1 0
vn 0 -1 0
vn 0.5000002495012569 0 0.8660252597347731
vn -0.8660240528288455 0 0.5000023399164261
vn -0.500000249501257 0 -0.8660252597347731
vn 0 1 0
vn 0 -1 0
vn -0.9659308103238304 0 -0.25880044371513045
vn -0.866039783157097 0 0.49997509336886814
vn -0.2588004437151287 0 0.9659308103238309
vn 0.50002337764223 0 0.8660119062756908
vn 0.9659264980184541 0 0.25881653816131106
vn 0.8660119062756912 0 -0.5000233776422294
vn 0.258876606175583 0 -0.9659104010077809
vn -0.5000233776422315 0 -0.8660119062756898
vn 0.9659088238017967 0 0.25888249091398613
vn 0.8660119062756915 0 -0.5000233776422288
vn 0.2587923972156968 0 -0.9659329661748547
vn -0.5000233776422328 0 -0.8660119062756891
vn -0.9659264980184532 0 -0.2588165381613144
vn -0.8660119062756891 0 0.5000233776422328
vn -0.25881653816131195 0 0.965926498018454
vn 0.4999509494836444 0 0.8660537212612174
vn -0.500000249501257 0 -0.8660252597347731
vn 0.8660240528288462 0 -0.5000023399164248
vn 0.500000249501257 0 0.8660252597347731
vn -0.8660240528288458 0 0.5000023399164254
vn 0 1 0
vn 0 -1 0
vn -0.500000249501257 0 -0.8660252597347731
vn 0.8660240528288462 0 -0.5000023399164248
vn 0.500000249501257 0 0.8660252597347731
vn -0.8660240528288458 0 0.5000023399164254
vn 0 1 0
vn 0 -1 0
vn 0.9659147152431684 0 0.2588605085305772
vn 0.86601190627569 0 -0.5000233776422313
vn 0.2588004437151313 0 -0.9659308103238302
vn -0.4999750933688674 0 -0.8660397831570974
vn -0.9659308103238313 0 -0.25880044371512706
vn -0.8660119062756916 0 0.5000233776422286
vn -0.2588165381613132 0 0.9659264980184536
vn 0.4999750933688674 0 0.8660397831570974
vn 0 1 0
vn 0 -1 0
vn 0 1 0
vn 0.7071067811865478 0.7071067811865474 0
vn 0 1 0
vn -0.7071067811865478 0.7071067811865474 0
vn -1 0 0
vn -0.7071067811865478 -0.7071067811865474 0
vn 0 -1 0
vn 0 0 -1
vn 0.7071067811865478 -0.7071067811865474 0
vn 0 0 1
vn 1 0 0
vn 0.4999988166071043 0 0.8660260870155677
vn 0.8660260870155677 0 0.4999988166071043
vn 1 0 0
vn 0.8660260870155677 0 -0.4999988166071042
vn 0.4999988166071041 0 -0.8660260870155676
vn 0 0 -1
vn -0.4999988166071041 0 -0.8660260870155678
vn -0.8660260870155678 0 -0.4999988166071041
vn -1 0 0
vn -0.8660260870155676 0 0.4999988166071041
vn -0.4999988166071042 0 0.8660260870155677
vn 0 0 1
vn 0.1294090189164188 0.9659259320488975 0.2241437030535511
vn 0.3535541626533113 0.7071069106377458 0.6123718404685662
vn 0.4829618940277526 0.25881811990092685 0.8365171783819358
vn 0.2241437030535512 0.9659259320488977 0.12940901891641884
vn 0.6123724530379817 0.7071062033025052 0.35355451632154433
vn 0.836516647880762 0.25882040603939116 0.48296158774372355
vn 0.25881869143527364 0.9659259210538521 0
vn 0.7071067811865479 0.7071067811865471 0
vn 0.9659259210538521 0.25881869143527436 0
vn 0.22414370305355114 0.9659259320488975 -0.1294090189164188
vn 0.6123718404685662 0.7071069106377458 -0.3535541626533113
vn 0.8365171783819358 0.2588181199009269 -0.4829618940277526
vn 0.1294090189164188 0.9659259320488977 -0.2241437030535512
vn 0.35355451632154444 0.7071062033025052 -0.6123724530379817
vn 0.48296158774372344 0.25882040603939127 -0.836516647880762
vn 0 0.9659259210538521 -0.25881869143527364
vn 0 0.7071067811865471 -0.7071067811865479
vn 0 0.25881869143527436 -0.9659259210538521
vn -0.12940901891641876 0.9659259320488975 -0.22414370305355116
vn -0.3535541626533113 0.7071069106377458 -0.6123718404685662
vn -0.4829618940277524 0.2588181199009269 -0.8365171783819358
vn -0.22414370305355116 0.9659259320488975 -0.12940901891641876
vn -0.6123724530379817 0.7071062033025052 -0.35355451632154444
vn -0.836516647880762 0.2588204060393914 -0.4829615877437234
vn -0.25881869143527364 0.9659259210538521 0
vn -0.7071067811865479 0.7071067811865471 0
vn -0.9659259210538521 0.25881869143527436 0
vn -0.2241437030535512 0.9659259320488977 0.1294090189164188
vn -0.6123718404685662 0.7071069106377458 0.3535541626533113
vn -0.8365171783819358 0.25881811990092685 0.4829618940277524
vn -0.1294090189164188 0.9659259320488975 0.22414370305355114
vn -0.35355451632154433 0.7071062033025052 0.6123724530379817
vn -0.4829615877437235 0.2588204060393912 0.836516647880762
vn 0 0.9659259210538521 0.25881869143527364
vn 0 0.7071067811865471 0.7071067811865479
vn 0 0.25881869143527436 0.9659259210538521

f 486/1615/405 487/1616/405 488/1617/405 489/1618/405
f 490/1619/406 491/1620/406 492/1621/406 493/1622/406
f 494/1623/407 495/1624/407 496/1625/407 497/1626/407
f 498/1627/408 499/1628/408 500/1629/408 501/1630/408
f 502/1631/409 503/1632/409 504/1633/409 505/1634/409
f 506/1635/410 507/1636/410 508/1637/410 509/1638/410
f 510/1639/411 511/1640/411 512/1641/411 513/1642/411
f 514/1643/412 515/1644/412 516/1645/412 517/1646/412
usemtl texture0
f 518/1647/413 519/1648/413 520/1649/413 521/1650/413
f 522/1651/414 523/1652/414 519/1653/414 518/1654/414
f 524/1655/415 525/1656/415 523/1657/415 522/1658/415
f 526/1659/416 527/1660/416 525/1661/416 524/1662/416
f 528/1663/417 529/1664/417 527/1665/417 526/1666/417
f 530/1667/418 531/1668/418 529/1669/418 528/1670/418
f 532/1671/419 533/1672/419 531/1673/419 530/1674/419
f 521/1675/420 520/1676/420 533/1677/420 532/1678/420
f 521/1679/421 532/1680/421 530/1681/421 528/1682/421
f 520/1683/422 519/1684/422 523/1685/422 525/1686/422
f 534/1687/423 535/1688/423 536/1689/423 537/1690/423
f 535/1691/424 538/1692/424 539/1693/424 536/1694/424
f 538/1695/425 540/1696/425 541/1697/425 539/1698/425
f 540/1699/426 542/1700/426 543/1701/426 541/1702/426
f 542/1703/427 544/1704/427 545/1705/427 543/1706/427
f 544/1707/428 546/1708/428 547/1709/428 545/1710/428
f 548/1711/429 549/1712/429 550/1713/429 551/1714/429
f 546/1715/430 552/1716/430 553/1717/430 547/1718/430
f 534/1719/431 552/1720/431 546/1721/431 544/1722/431
f 552/1723/432 534/1724/432 537/1725/432 553/1726/432
f 554/1727/433 490/1728/433 493/1729/433 555/1730/433
f 556/1731/434 554/1732/434 555/1733/434 557/1734/434
f 491/1735/435 556/1736/435 557/1737/435 492/1738/435
f 492/1739/436 557/1740/436 555/1741/436 493/1742/436
f 490/1743/437 554/1744/437 556/1745/437 491/1746/437
f 558/1747/438 494/1748/438 497/1749/438 559/1750/438
f 560/1751/439 558/1752/439 559/1753/439 561/1754/439
f 495/1755/440 560/1756/440 561/1757/440 496/1758/440
f 496/1759/441 561/1760/441 559/1761/441 497/1762/441
f 494/1763/442 558/1764/442 560/1765/442 495/1766/442
f 486/1767/443 562/1768/443 549/1769/443 548/1770/443
f 562/1771/444 563/1772/444 550/1773/444 549/1774/444
f 563/1775/445 564/1776/445 551/1777/445 550/1778/445
f 564/1779/446 565/1780/446 566/1781/446 551/1782/446
f 565/1783/447 489/1784/447 567/1785/447 566/1786/447
f 489/1787/448 488/1788/448 568/1789/448 567/1790/448
f 488/1791/449 487/1792/449 569/1793/449 568/1794/449
f 487/1795/450 486/1796/450 548/1797/450 569/1798/450
f 498/1799/451 570/1800/451 571/1801/451 572/1802/451
f 570/1803/452 573/1804/452 574/1805/452 571/1806/452
f 573/1807/453 575/1808/453 576/1809/453 574/1810/453
f 575/1811/454 577/1812/454 578/1813/454 576/1814/454
f 577/1815/455 501/1816/455 579/1817/455 578/1818/455
f 501/1819/456 500/1820/456 580/1821/456 579/1822/456
f 500/1823/457 499/1824/457 581/1825/457 580/1826/457
f 499/1827/458 498/1828/458 572/1829/458 581/1830/458
f 582/1831/459 583/1832/459 584/1833/459 585/1834/459
f 586/1835/460 582/1836/460 585/1837/460 587/1838/460
f 588/1839/461 586/1840/461 587/1841/461 589/1842/461
f 583/1843/462 588/1844/462 589/1845/462 584/1846/462
f 589/1847/463 587/1848/463 585/1849/463 584/1850/463
f 583/1851/464 582/1852/464 586/1853/464 588/1854/464
f 590/1855/465 591/1856/465 592/1857/465 593/1858/465
f 594/1859/466 590/1860/466 593/1861/466 595/1862/466
f 596/1863/467 594/1864/467 595/1865/467 597/1866/467
f 591/1867/468 596/1868/468 597/1869/468 592/1870/468
f 597/1871/469 595/1872/469 593/1873/469 592/1874/469
f 591/1875/470 590/1876/470 594/1877/470 596/1878/470
f 598/1879/471 599/1880/471 600/1881/471 601/1882/471
f 599/1883/472 602/1884/472 603/1885/472 600/1886/472
f 602/1887/473 604/1888/473 605/1889/473 603/1890/473
f 604/1891/474 606/1892/474 607/1893/474 605/1894/474
f 606/1895/475 608/1896/475 609/1897/475 607/1898/475
f 608/1899/476 610/1900/476 611/1901/476 609/1902/476
f 610/1903/477 612/1904/477 613/1905/477 611/1906/477
f 598/1907/478 612/1908/478 610/1909/478 608/1910/478
f 612/1911/479 598/1912/479 601/1913/479 613/1914/479
f 614/1915/480 615/1916/480 616/1917/480 617/1918/480
f 615/1919/481 618/1920/481 619/1921/481 616/1922/481
f 618/1923/482 620/1924/482 621/1925/482 619/1926/482
f 620/1927/483 622/1928/483 623/1929/483 621/1930/483
f 622/1931/484 624/1932/484 625/1933/484 623/1934/484
f 624/1935/485 626/1936/485 627/1937/485 625/1938/485
f 626/1939/486 628/1940/486 629/1941/486 627/1942/486
f 628/1943/487 614/1944/487 617/1945/487 629/1946/487
f 630/1947/488 502/1948/488 505/1949/488 631/1950/488
f 632/1951/489 630/1952/489 631/1953/489 633/1954/489
f 503/1955/490 632/1956/490 633/1957/490 504/1958/490
f 504/1959/491 633/1960/491 631/1961/491 505/1962/491
f 502/1963/492 630/1964/492 632/1965/492 503/1966/492
f 634/1967/493 506/1968/493 509/1969/493 635/1970/493
f 636/1971/494 634/1972/494 635/1973/494 637/1974/494
f 507/1975/495 636/1976/495 637/1977/495 508/1978/495
f 508/1979/496 637/1980/496 635/1981/496 509/1982/496
f 506/1983/497 634/1984/497 636/1985/497 507/1986/497
f 638/1987/498 639/1988/498 640/1989/498 641/1990/498
f 639/1991/499 642/1992/499 643/1993/499 640/1994/499
f 642/1995/500 644/1996/500 645/1997/500 643/1998/500
f 644/1999/501 646/2000/501 647/2001/501 645/2002/501
f 646/2003/502 648/2004/502 649/2005/502 647/2006/502
f 648/2007/503 650/2008/503 651/2009/503 649/2010/503
f 650/2011/504 652/2012/504 653/2013/504 651/2014/504
f 652/2015/505 638/2016/505 641/2017/505 653/2018/505
f 510/2019/506 654/2020/506 655/2021/506 656/2022/506
f 654/2023/507 657/2024/507 658/2025/507 655/2026/507
f 657/2027/508 659/2028/508 660/2029/508 658/2030/508
f 659/2031/509 661/2032/509 662/2033/509 660/2034/509
f 661/2035/510 513/2036/510 663/2037/510 662/2038/510
f 513/2039/511 512/2040/511 664/2041/511 663/2042/511
f 512/2043/512 511/2044/512 665/2045/512 664/2046/512
f 511/2047/513 510/2048/513 656/2049/513 665/2050/513
f 666/2051/514 667/2052/514 668/2053/514 669/2054/514
f 670/2055/515 666/2056/515 669/2057/515 671/2058/515
f 672/2059/516 670/2060/516 671/2061/516 673/2062/516
f 667/2063/517 672/2064/517 673/2065/517 668/2066/517
f 673/2067/518 671/2068/518 669/2069/518 668/2070/518
f 667/2071/519 666/2072/519 670/2073/519 672/2074/519
f 674/2075/520 675/2076/520 676/2077/520 677/2078/520
f 678/2079/521 674/2080/521 677/2081/521 679/2082/521
f 680/2083/522 678/2084/522 679/2085/522 681/2086/522
f 675/2087/523 680/2088/523 681/2089/523 676/2090/523
f 681/2091/524 679/2092/524 677/2093/524 676/2094/524
f 675/2095/525 674/2096/525 678/2097/525 680/2098/525
f 514/2099/526 682/2100/526 683/2101/526 684/2102/526
f 682/2103/527 685/2104/527 686/2105/527 683/2106/527
f 685/2107/528 687/2108/528 688/2109/528 686/2110/528
f 687/2111/529 689/2112/529 690/2113/529 688/2114/529
f 689/2115/530 517/2116/530 691/2117/530 690/2118/530
f 517/2119/531 516/2120/531 692/2121/531 691/2122/531
f 516/2123/532 515/2124/532 693/2125/532 692/2126/532
f 515/2127/533 514/2128/533 684/2129/533 693/2130/533
f 641/2131/534 640/2132/534 643/2133/534 645/2134/534
f 638/2135/535 652/2136/535 650/2137/535 648/2138/535
f 684/2139/536 683/2140/536 686/2141/536 688/2142/536
f 694/2143/537 695/2144/537 696/2145/537 697/2146/537
f 695/2147/538 698/2148/538 699/2149/538 696/2150/538
f 698/2151/539 700/2152/539 701/2153/539 699/2154/539
f 700/2155/540 702/2156/540 703/2157/540 701/2158/540
f 702/2159/541 704/2160/541 705/2161/541 703/2162/541
f 704/2163/542 706/2164/542 707/2165/542 705/2166/542
f 694/2167/543 708/2168/543 706/2169/543 704/2170/543
f 706/2171/544 708/2172/544 709/2173/544 707/2174/544
f 697/2175/545 696/2176/545 699/2177/545 701/2178/545
f 708/2179/546 694/2180/546 697/2181/546 709/2182/546
f 710/2183/547 711/2184/547 712/2185/547 713/2186/547
f 711/2187/548 714/2188/548 715/2189/548 712/2190/548
f 714/2191/549 716/2192/549 717/2193/549 715/2194/549
f 716/2195/550 718/2196/550 719/2197/550 717/2198/550
f 718/2199/551 720/2200/551 721/2201/551 719/2202/551
f 720/2203/552 722/2204/552 723/2205/552 721/2206/552
f 722/2207/553 724/2208/553 725/2209/553 723/2210/553
f 724/2211/554 726/2212/554 727/2213/554 725/2214/554
f 726/2215/555 728/2216/555 729/2217/555 727/2218/555
f 728/2219/556 730/2220/556 731/2221/556 729/2222/556
f 730/2223/557 732/2224/557 733/2225/557 731/2226/557
f 732/2227/558 710/2228/558 713/2229/558 733/2230/558
f 734/2231/559 735/2232/559 736/2233/559
f 734/2234/560 737/2235/560 738/2236/560 735/2237/560
f 737/2238/561 739/2239/561 740/2240/561 738/2241/561
f 735/2242/562 741/2243/562 736/2244/562
f 735/2245/563 738/2246/563 742/2247/563 741/2248/563
f 738/2249/564 740/2250/564 743/2251/564 742/2252/564
f 741/2253/565 744/2254/565 736/2255/565
f 741/2256/566 742/2257/566 745/2258/566 744/2259/566
f 742/2260/567 743/2261/567 746/2262/567 745/2263/567
f 744/2264/568 747/2265/568 736/2266/568
f 744/2267/569 745/2268/569 748/2269/569 747/2270/569
f 745/2271/570 746/2272/570 749/2273/570 748/2274/570
f 747/2275/571 750/2276/571 736/2277/571
f 747/2278/572 748/2279/572 751/2280/572 750/2281/572
f 748/2282/573 749/2283/573 752/2284/573 751/2285/573
f 750/2286/574 753/2287/574 736/2288/574
f 750/2289/575 751/2290/575 754/2291/575 753/2292/575
f 751/2293/576 752/2294/576 755/2295/576 754/2296/576
f 753/2297/577 756/2298/577 736/2299/577
f 753/2300/578 754/2301/578 757/2302/578 756/2303/578
f 754/2304/579 755/2305/579 758/2306/579 757/2307/579
f 756/2308/580 759/2309/580 736/2310/580
f 756/2311/581 757/2312/581 760/2313/581 759/2314/581
f 757/2315/582 758/2316/582 761/2317/582 760/2318/582
f 759/2319/583 762/2320/583 736/2321/583
f 759/2322/584 760/2323/584 763/2324/584 762/2325/584
f 760/2326/585 761/2327/585 764/2328/585 763/2329/585
f 762/2330/586 765/2331/586 736/2332/586
f 762/2333/587 763/2334/587 766/2335/587 765/2336/587
f 763/2337/588 764/2338/588 767/2339/588 766/2340/588
f 765/2341/589 768/2342/589 736/2343/589
f 765/2344/590 766/2345/590 769/2346/590 768/2347/590
f 766/2348/591 767/2349/591 770/2350/591 769/2351/591
f 768/2352/592 734/2353/592 736/2354/592
f 768/2355/593 769/2356/593 737/2357/593 734/2358/593
f 769/2359/594 770/2360/594 739/2361/594 737/2362/594
o condenser_cylinder.054
v 0.5625 0.724112 -0.4375
v 0.5625 0.724112 -0.375
v 0.525888 0.6875 -0.375
v 0.525888 0.6875 -0.4375
v 0.5625 0.775888 -0.4375
v 0.5625 0.775888 -0.375
v 0.525888 0.8125 -0.4375
v 0.525888 0.8125 -0.375
v 0.474112 0.8125 -0.4375
v 0.474112 0.8125 -0.375
v 0.4375 0.775888 -0.4375
v 0.4375 0.775888 -0.375
v 0.4375 0.724112 -0.4375
v 0.4375 0.724112 -0.375
v 0.474112 0.6875 -0.4375
v 0.474112 0.6875 -0.375
v 0.6875 0.5625 -0.375
v 0.3125 0.5625 -0.375
v 0.3125 1.4375 -0.375
v 0.6875 1.4375 -0.375
v 0.6875 0.5625 0.25
v 0.6875 1.4375 0.25
v 0.3125 0.5625 0.25
v 0.3125 1.4375 0.25
v 0.56875 0.721523 -0.45
v 0.56875 0.721523 -0.4375
v 0.528477 0.68125 -0.4375
v 0.528477 0.68125 -0.45
v 0.56875 0.778477 -0.45
v 0.56875 0.778477 -0.4375
v 0.528477 0.81875 -0.45
v 0.528477 0.81875 -0.4375
v 0.471523 0.81875 -0.45
v 0.471523 0.81875 -0.4375
v 0.43125 0.778477 -0.45
v 0.43125 0.778477 -0.4375
v 0.43125 0.721523 -0.45
v 0.43125 0.721523 -0.4375
v 0.471523 0.68125 -0.45
v 0.471523 0.68125 -0.4375
vt 0.51001 0.969401
vt 0.49783 0.969401
vt 0.49783 0.962265
vt 0.51001 0.962265
vt 0.51001 0.979491
vt 0.49783 0.979491
vt 0.49783 0.969401
vt 0.51001 0.969401
vt 0.51001 0.986627
vt 0.49783 0.986627
vt 0.49783 0.979491
vt 0.51001 0.979491
vt 0.926774 0.985623
vt 0.914593 0.985623
vt 0.914593 0.975533
vt 0.926774 0.975533
vt 0.926774 0.992759
vt 0.914593 0.992759
vt 0.914593 0.985623
vt 0.926774 0.985623
vt 0.095226 0.930726
vt 0.095226 0.918546
vt 0.105316 0.918546
vt 0.105316 0.930726
vt 0.988554 0.982669
vt 0.976374 0.982669
vt 0.976374 0.975533
vt 0.988554 0.975533
vt 0.988554 0.992759
vt 0.976374 0.992759
vt 0.976374 0.982669
vt 0.988554 0.982669
vt 0.829329 0
vt 0.902413 0
vt 0.902413 0.170528
vt 0.829329 0.170528
vt 0.477498 0.511584
vt 0.599304 0.511584
vt 0.599304 0.682112
vt 0.477498 0.682112
vt 0.829329 0.170528
vt 0.902413 0.170528
vt 0.902413 0.341056
vt 0.829329 0.341056
vt 0.599304 0.85264
vt 0.477498 0.85264
vt 0.477498 0.682112
vt 0.599304 0.682112
vt 0.761192 0.731887
vt 0.834276 0.731887
vt 0.834276 0.853692
vt 0.761192 0.853692
vt 0.180085 0.877002
vt 0.107002 0.877002
vt 0.107002 0.755196
vt 0.180085 0.755196
vt 0.372493 0.763283
vt 0.370057 0.763283
vt 0.370057 0.755434
vt 0.372493 0.755434
vt 0.372493 0.774382
vt 0.370057 0.774382
vt 0.370057 0.763283
vt 0.372493 0.763283
vt 0.372493 0.782231
vt 0.370057 0.782231
vt 0.370057 0.774382
vt 0.372493 0.774382
vt 0.372493 0.831228
vt 0.370057 0.831228
vt 0.370057 0.820128
vt 0.372493 0.820128
vt 0.372493 0.79008
vt 0.370057 0.79008
vt 0.370057 0.782231
vt 0.372493 0.782231
vt 0.372493 0.80118
vt 0.370057 0.80118
vt 0.370057 0.79008
vt 0.372493 0.79008
vt 0.372493 0.809028
vt 0.370057 0.809028
vt 0.370057 0.80118
vt 0.372493 0.80118
vt 0.12595 0.925724
vt 0.133799 0.933573
vt 0.133799 0.944672
vt 0.12595 0.952521
vt 0.372493 0.820128
vt 0.370057 0.820128
vt 0.370057 0.809028
vt 0.372493 0.809028
vt 0.737272 0.907193
vt 0.748372 0.907193
vt 0.756221 0.915042
vt 0.756221 0.926142
vn 0.7071067811865476 -0.7071067811865476 0
vn 1 0 0
vn 0.7071067811865476 0.7071067811865476 0
vn 0 1 0
vn -0.7071067811865476 0.7071067811865476 0
vn -1 0 0
vn -0.7071067811865476 -0.7071067811865476 0
vn 0 -1 0
vn 0 0 -1
vn 1 0 0
vn 0 0 1
vn -1 0 0
vn 0 1 0
vn 0 -1 0
vn 0.7071067811865476 -0.7071067811865476 0
vn 1 0 0
vn 0.7071067811865476 0.7071067811865476 0
vn 0 1 0
vn -0.7071067811865476 0.7071067811865476 0
vn -1 0 0
vn -0.7071067811865476 -0.7071067811865476 0
vn 0 0 -1
vn 0 -1 0
vn 0 0 1
usemtl texture0
f 771/2363/595 772/2364/595 773/2365/595 774/2366/595
f 775/2367/596 776/2368/596 772/2369/596 771/2370/596
f 777/2371/597 778/2372/597 776/2373/597 775/2374/597
f 779/2375/598 780/2376/598 778/2377/598 777/2378/598
f 781/2379/599 782/2380/599 780/2381/599 779/2382/599
f 783/2383/600 784/2384/600 782/2385/600 781/2386/600
f 785/2387/601 786/2388/601 784/2389/601 783/2390/601
f 774/2391/602 773/2392/602 786/2393/602 785/2394/602
f 787/2395/603 788/2396/603 789/2397/603 790/2398/603
f 791/2399/604 787/2400/604 790/2401/604 792/2402/604
f 793/2403/605 791/2404/605 792/2405/605 794/2406/605
f 788/2407/606 793/2408/606 794/2409/606 789/2410/606
f 794/2411/607 792/2412/607 790/2413/607 789/2414/607
f 788/2415/608 787/2416/608 791/2417/608 793/2418/608
f 795/2419/609 796/2420/609 797/2421/609 798/2422/609
f 799/2423/610 800/2424/610 796/2425/610 795/2426/610
f 801/2427/611 802/2428/611 800/2429/611 799/2430/611
f 803/2431/612 804/2432/612 802/2433/612 801/2434/612
f 805/2435/613 806/2436/613 804/2437/613 803/2438/613
f 807/2439/614 808/2440/614 806/2441/614 805/2442/614
f 809/2443/615 810/2444/615 808/2445/615 807/2446/615
f 798/2447/616 809/2448/616 807/2449/616 805/2450/616
f 798/2451/617 797/2452/617 810/2453/617 809/2454/617
f 797/2455/618 796/2456/618 800/2457/618 802/2458/618
o piping1_cylinder.059
v 0.411612 1.875 0.375
v 0.375 1.838388 0.375
v 0.375 1.786612 0.375
v 0.411612 1.75 0.375
v 0.411612 1.875 0
v 0.463388 1.875 0
v 0.5 1.838388 0
v 0.5 1.786612 0
v 1.0625 1.411612 0.5
v 1.0625 1.375 0.463388
v 1.0625 1.375 0.411612
v 1.0625 1.411612 0.375
v -0.0625 1.036612 0.5
v -0.0625 1.088388 0.5
v -0.0625 1.125 0.463388
v -0.0625 1.125 0.411612
v -0.0625 0.661612 0.5
v -0.0625 0.713388 0.5
v -0.0625 0.75 0.463388
v -0.0625 0.75 0.411612
v -0.099112 1.5 0.5
v -0.150888 1.5 0.5
v -0.1875 1.5 0.463388
v -0.1875 1.5 0.411612
v 0.375 1.786612 0.5
v 0.375 1.75 0.463388
v 0.375 1.75 0.411612
v 0.375 1.786612 0.375
v 1.099112 0.375 0.5
v 1.0625 0.375 0.463388
v 1.0625 0.375 0.411612
v 1.099112 0.375 0.375
v 0.5125 1.843566 0.35
v 0.468566 1.8875 0.35
v 0.468566 1.8875 0.375
v 0.5125 1.843566 0.375
v 0.406434 1.8875 0.35
v 0.406434 1.8875 0.375
v 0.3625 1.843566 0.35
v 0.3625 1.843566 0.375
v 0.3625 1.781434 0.35
v 0.3625 1.781434 0.375
v 0.406434 1.7375 0.35
v 0.406434 1.7375 0.375
v 0.468566 1.7375 0.35
v 0.468566 1.7375 0.375
v 0.5125 1.781434 0.35
v 0.5125 1.781434 0.375
v -0.098401 0.749082 0.499595
v -0.06179 0.749082 0.462983
v -0.06179 0.999082 0.462983
v -0.098401 0.999082 0.499595
v -0.06179 0.749082 0.411206
v -0.06179 0.999082 0.411206
v -0.098401 0.749082 0.374595
v -0.098401 0.999082 0.374595
v -0.150178 0.749082 0.374595
v -0.150178 0.999082 0.374595
v -0.18679 0.749082 0.411206
v -0.18679 0.999082 0.411206
v -0.18679 0.749082 0.462983
v -0.18679 0.999082 0.462983
v -0.150178 0.749082 0.499595
v -0.150178 0.999082 0.499595
v 0.375 1.838388 0
v 0.375 1.786612 0
v 0.411612 1.75 0
v 0.463388 1.75 0
v 0.463388 1.75 0.375
v 0.5 1.786612 0.375
v 0.5 1.838388 0.375
v 0.463388 1.875 0.375
v -0.0625 0.25 0.463388
v 1.0625 0.25 0.463388
v 1.0625 0.286612 0.5
v -0.0625 0.286612 0.5
v -0.0625 0.25 0.411612
v 1.0625 0.25 0.411612
v -0.0625 0.286612 0.375
v 1.0625 0.286612 0.375
v -0.0625 0.338388 0.375
v 1.0625 0.338388 0.375
v -0.0625 0.375 0.411612
v 1.0625 0.375 0.411612
v -0.0625 0.375 0.463388
v 1.0625 0.375 0.463388
v -0.0625 0.338388 0.5
v 1.0625 0.338388 0.5
v 0.5125 1.843566 0
v 0.468566 1.8875 0
v 0.468566 1.8875 0.025
v 0.5125 1.843566 0.025
v 0.406434 1.8875 0
v 0.406434 1.8875 0.025
v 0.3625 1.843566 0
v 0.3625 1.843566 0.025
v 0.3625 1.781434 0
v 0.3625 1.781434 0.025
v 0.406434 1.7375 0
v 0.406434 1.7375 0.025
v 0.468566 1.7375 0
v 0.468566 1.7375 0.025
v 0.5125 1.781434 0
v 0.5125 1.781434 0.025
v 0.463388 1.375 0
v 0.5 1.375 -0.036612
v 0.5 1.75 -0.036612
v 0.463388 1.75 0
v 0.5 1.375 -0.088388
v 0.5 1.75 -0.088388
v 0.463388 1.375 -0.125
v 0.463388 1.75 -0.125
v 0.411612 1.375 -0.125
v 0.411612 1.75 -0.125
v 0.375 1.375 -0.088388
v 0.375 1.75 -0.088388
v 0.375 1.375 -0.036612
v 0.375 1.75 -0.036612
v 0.411612 1.375 0
v 0.411612 1.75 0
v -0.0625 1.375 0.463388
v -0.0625 1.411612 0.5
v -0.0625 1.375 0.411612
v -0.0625 1.411612 0.375
v -0.0625 1.463388 0.375
v 1.0625 1.463388 0.375
v -0.0625 1.5 0.411612
v 1.0625 1.5 0.411612
v -0.0625 1.5 0.463388
v 1.0625 1.5 0.463388
v -0.0625 1.463388 0.5
v 1.0625 1.463388 0.5
v -0.0625 1 0.463388
v 1.0625 1 0.463388
v 1.0625 1.036612 0.5
v -0.0625 1 0.411612
v 1.0625 1 0.411612
v -0.0625 1.036612 0.375
v 1.0625 1.036612 0.375
v -0.0625 1.088388 0.375
v 1.0625 1.088388 0.375
v 1.0625 1.125 0.411612
v 1.0625 1.125 0.463388
v 1.0625 1.088388 0.5
v -0.0625 0.625 0.463388
v 1.0625 0.625 0.463388
v 1.0625 0.661612 0.5
v -0.0625 0.625 0.411612
v 1.0625 0.625 0.411612
v -0.0625 0.661612 0.375
v 1.0625 0.661612 0.375
v -0.0625 0.713388 0.375
v 1.0625 0.713388 0.375
v 1.0625 0.75 0.411612
v 1.0625 0.75 0.463388
v 1.0625 0.713388 0.5
v -0.0625 1.5 0.463388
v -0.0625 1.75 0.463388
v -0.099112 1.75 0.5
v -0.0625 1.5 0.411612
v -0.0625 1.75 0.411612
v -0.099112 1.5 0.375
v -0.099112 1.75 0.375
v -0.150888 1.5 0.375
v -0.150888 1.75 0.375
v -0.1875 1.75 0.411612
v -0.1875 1.75 0.463388
v -0.150888 1.75 0.5
v 1.0625 1.375 0.463388
v 1.0625 1.125 0.463388
v 1.099112 1.125 0.5
v 1.099112 1.375 0.5
v 1.0625 1.375 0.411612
v 1.0625 1.125 0.411612
v 1.099112 1.375 0.375
v 1.099112 1.125 0.375
v 1.150888 1.375 0.375
v 1.150888 1.125 0.375
v 1.1875 1.375 0.411612
v 1.1875 1.125 0.411612
v 1.1875 1.375 0.463388
v 1.1875 1.125 0.463388
v 1.150888 1.375 0.5
v 1.150888 1.125 0.5
v -0.0625 1.75 0.463388
v -0.0625 1.786612 0.5
v -0.0625 1.75 0.411612
v -0.0625 1.786612 0.375
v -0.0625 1.838388 0.375
v 0.375 1.838388 0.375
v -0.0625 1.875 0.411611
v 0.375 1.875 0.411611
v -0.0625 1.875 0.463388
v 0.375 1.875 0.463388
v -0.0625 1.838388 0.5
v 0.375 1.838388 0.5
v 1.0625 0.625 0.463388
v 1.099112 0.625 0.5
v 1.0625 0.625 0.411612
v 1.099112 0.625 0.375
v 1.150888 0.625 0.375
v 1.150888 0.375 0.375
v 1.1875 0.625 0.411612
v 1.1875 0.375 0.411612
v 1.1875 0.625 0.463388
v 1.1875 0.375 0.463388
v 1.150888 0.625 0.5
v 1.150888 0.375 0.5
v 0.375114 1.838388 0.000099
v 0.411726 1.875 0.000099
v 0.411726 1.867213 -0.04002
v 0.375114 1.833014 -0.02695
v 0.463502 1.875 0.000099
v 0.463502 1.867213 -0.04002
v 0.500114 1.838388 0.000099
v 0.500114 1.833014 -0.02695
v 0.500114 1.786612 0.000099
v 0.500114 1.784649 -0.008466
v 0.463502 1.75 0.000099
v 0.463502 1.750449 0.004604
v 0.411726 1.75 0.000099
v 0.375114 1.786612 0.000099
v 0.375114 1.784649 -0.008466
v 0.411726 1.75045 0.004604
v 0.411726 1.848521 -0.072741
v 0.375114 1.819509 -0.050408
v 0.411726 1.822888 -0.098383
v 0.375114 1.800546 -0.069379
v 0.411726 1.790167 -0.117088
v 0.375114 1.77709 -0.082892
v 0.411726 1.750038 -0.124882
v 0.375114 1.750038 -0.08827
v 0.463502 1.848521 -0.072741
v 0.463502 1.822888 -0.098383
v 0.463502 1.790167 -0.117088
v 0.463502 1.750038 -0.124882
v 0.500114 1.819509 -0.050408
v 0.500114 1.800545 -0.069379
v 0.500114 1.77709 -0.082892
v 0.500114 1.750038 -0.08827
v 0.500114 1.778481 -0.018825
v 0.500114 1.768948 -0.028361
v 0.500114 1.758595 -0.03453
v 0.500114 1.750038 -0.036494
v 0.463502 1.749469 0.003508
v 0.463502 1.746606 0.000643
v 0.463502 1.745518 -0.000334
v 0.463502 1.750038 0.000118
v 0.411726 1.74947 0.003508
v 0.411726 1.746606 0.000643
v 0.411726 1.745519 -0.000334
v 0.375114 1.778481 -0.018825
v 0.375114 1.768948 -0.028361
v 0.375114 1.758595 -0.03453
v 0.375114 1.750038 -0.036494
v 0.411726 1.750038 0.000118
v -0.062236 1.838261 0.500771
v -0.062236 1.874873 0.464159
v -0.102354 1.867086 0.464159
v -0.089284 1.832886 0.500771
v -0.062236 1.874873 0.412383
v -0.102354 1.867086 0.412383
v -0.062236 1.838261 0.375771
v -0.089284 1.832886 0.375771
v -0.062236 1.786484 0.375771
v -0.0708 1.784521 0.375771
v -0.062236 1.749873 0.412383
v -0.05773 1.750322 0.412383
v -0.062236 1.749873 0.464159
v -0.062236 1.786484 0.500771
v -0.0708 1.784521 0.500771
v -0.05773 1.750322 0.464159
v -0.135075 1.848393 0.464159
v -0.112743 1.819382 0.500771
v -0.160717 1.82276 0.464159
v -0.131713 1.800418 0.500771
v -0.179423 1.790039 0.464159
v -0.145226 1.776962 0.500771
v -0.187217 1.749911 0.464159
v -0.150605 1.749911 0.500771
v -0.135076 1.848393 0.412383
v -0.160717 1.82276 0.412383
v -0.179423 1.790039 0.412383
v -0.187217 1.749911 0.412383
v -0.112743 1.819382 0.375771
v -0.131714 1.800418 0.375771
v -0.145226 1.776963 0.375771
v -0.150605 1.749911 0.375771
v -0.081159 1.778353 0.375771
v -0.090696 1.768821 0.375771
v -0.096865 1.758468 0.375771
v -0.098828 1.749911 0.375771
v -0.058827 1.749342 0.412383
v -0.061692 1.746478 0.412383
v -0.062669 1.745391 0.412383
v -0.062217 1.749911 0.412383
v -0.058827 1.749342 0.464159
v -0.061692 1.746478 0.464159
v -0.062669 1.745391 0.464159
v -0.081159 1.778354 0.500771
v -0.090696 1.768821 0.500771
v -0.096865 1.758468 0.500771
v -0.098828 1.749911 0.500771
v -0.062217 1.749911 0.464159
v -0.062488 1.088446 0.499971
v -0.062488 1.125058 0.463359
v -0.102607 1.117271 0.463359
v -0.089537 1.083071 0.499971
v -0.062488 1.125058 0.411582
v -0.102607 1.117271 0.411582
v -0.062488 1.088446 0.374971
v -0.089537 1.083071 0.374971
v -0.062488 1.036669 0.374971
v -0.071053 1.034707 0.374971
v -0.062488 1.000058 0.411582
v -0.057983 1.000507 0.411582
v -0.062488 1.000058 0.463359
v -0.062488 1.036669 0.499971
v -0.071053 1.034707 0.499971
v -0.057983 1.000507 0.463359
v -0.135328 1.098579 0.463359
v -0.112995 1.069567 0.499971
v -0.16097 1.072946 0.463359
v -0.131966 1.050604 0.499971
v -0.179675 1.040225 0.463359
v -0.145478 1.027147 0.499971
v -0.187469 1.000096 0.463359
v -0.150857 1.000096 0.499971
v -0.135328 1.098579 0.411582
v -0.16097 1.072946 0.411582
v -0.179675 1.040225 0.411582
v -0.187469 1.000096 0.411582
v -0.112995 1.069567 0.374971
v -0.131966 1.050603 0.374971
v -0.145478 1.027148 0.374971
v -0.150857 1.000096 0.374971
v -0.081412 1.028538 0.374971
v -0.090948 1.019006 0.374971
v -0.097117 1.008653 0.374971
v -0.099081 1.000096 0.374971
v -0.059079 0.999527 0.411582
v -0.061944 0.996664 0.411582
v -0.062921 0.995576 0.411582
v -0.062469 1.000096 0.411582
v -0.059079 0.999528 0.463359
v -0.061944 0.996664 0.463359
v -0.062921 0.995577 0.463359
v -0.081412 1.028539 0.499971
v -0.090948 1.019006 0.499971
v -0.097117 1.008653 0.499971
v -0.099081 1.000096 0.499971
v -0.062469 1.000096 0.463359
v -0.15093 1.499998 0.50021
v -0.187541 1.499998 0.463599
v -0.179754 1.45988 0.463599
v -0.145555 1.47295 0.50021
v -0.187541 1.499998 0.411822
v -0.179754 1.45988 0.411822
v -0.15093 1.499998 0.37521
v -0.145555 1.47295 0.37521
v -0.099153 1.499998 0.37521
v -0.09719 1.491434 0.37521
v -0.062541 1.499998 0.411822
v -0.06299 1.504504 0.411822
v -0.062541 1.499998 0.463599
v -0.099153 1.499998 0.50021
v -0.09719 1.491434 0.50021
v -0.062991 1.504504 0.463599
v -0.161062 1.427159 0.463599
v -0.13205 1.449492 0.50021
v -0.135429 1.401517 0.463599
v -0.113087 1.430521 0.50021
v -0.102708 1.382812 0.463599
v -0.089631 1.417008 0.50021
v -0.062579 1.375018 0.463599
v -0.062579 1.411629 0.50021
v -0.161062 1.427159 0.411822
v -0.135429 1.401517 0.411822
v -0.102708 1.382812 0.411822
v -0.062579 1.375018 0.411822
v -0.13205 1.449492 0.37521
v -0.113086 1.430521 0.37521
v -0.089631 1.417008 0.37521
v -0.062579 1.411629 0.37521
v -0.091022 1.481075 0.37521
v -0.081489 1.471539 0.37521
v -0.071137 1.465369 0.37521
v -0.062579 1.463406 0.37521
v -0.062011 1.503408 0.411822
v -0.059147 1.500542 0.411822
v -0.058059 1.499566 0.411822
v -0.062579 1.500018 0.411822
v -0.062011 1.503408 0.463599
v -0.059147 1.500542 0.463599
v -0.05806 1.499566 0.463599
v -0.091022 1.481075 0.50021
v -0.081489 1.471539 0.50021
v -0.071137 1.465369 0.50021
v -0.062579 1.463406 0.50021
v -0.062579 1.500018 0.463599
v -0.062575 0.661631 0.374863
v -0.062575 0.62502 0.411475
v -0.102693 0.632806 0.411475
v -0.089623 0.667006 0.374863
v -0.062575 0.62502 0.463252
v -0.102693 0.632806 0.463252
v -0.062575 0.661631 0.499863
v -0.089623 0.667006 0.499863
v -0.062575 0.713408 0.499863
v -0.071139 0.715371 0.499863
v -0.062575 0.75002 0.463252
v -0.058069 0.74957 0.463252
v -0.062575 0.75002 0.411475
v -0.062575 0.713408 0.374863
v -0.071139 0.715371 0.374863
v -0.058069 0.74957 0.411475
v -0.135414 0.651499 0.411475
v -0.113082 0.680511 0.374863
v -0.161056 0.677132 0.411475
v -0.132052 0.699474 0.374863
v -0.179762 0.709853 0.411475
v -0.145565 0.72293 0.374863
v -0.187556 0.749982 0.411475
v -0.150944 0.749982 0.374863
v -0.135414 0.651499 0.463252
v -0.161056 0.677132 0.463252
v -0.179762 0.709853 0.463252
v -0.187556 0.749982 0.463252
v -0.113082 0.680511 0.499863
v -0.132052 0.699474 0.499863
v -0.145565 0.72293 0.499863
v -0.150944 0.749982 0.499863
v -0.081498 0.721539 0.499863
v -0.091035 0.731072 0.499863
v -0.097204 0.741424 0.499863
v -0.099167 0.749982 0.499863
v -0.059166 0.75055 0.463252
v -0.062031 0.753414 0.463252
v -0.063008 0.754501 0.463252
v -0.062556 0.749982 0.463252
v -0.059166 0.75055 0.411475
v -0.062031 0.753414 0.411475
v -0.063008 0.754501 0.411475
v -0.081498 0.721539 0.374863
v -0.091035 0.731072 0.374863
v -0.097204 0.741424 0.374863
v -0.099167 0.749982 0.374863
v -0.062556 0.749982 0.411475
v 1.062433 1.463426 0.374959
v 1.062433 1.500037 0.411571
v 1.102551 1.492251 0.411571
v 1.089481 1.458051 0.374959
v 1.062433 1.500037 0.463348
v 1.102551 1.492251 0.463348
v 1.062433 1.463426 0.499959
v 1.089481 1.458051 0.499959
v 1.062433 1.411649 0.499959
v 1.070997 1.409686 0.499959
v 1.062433 1.375037 0.463348
v 1.057927 1.375486 0.463348
v 1.062433 1.375037 0.411571
v 1.062433 1.411649 0.374959
v 1.070997 1.409686 0.374959
v 1.057927 1.375487 0.411571
v 1.135272 1.473558 0.411571
v 1.11294 1.444546 0.374959
v 1.160914 1.447925 0.411571
v 1.13191 1.425583 0.374959
v 1.179619 1.415204 0.411571
v 1.145423 1.402127 0.374959
v 1.187413 1.375075 0.411571
v 1.150802 1.375075 0.374959
v 1.135272 1.473558 0.463348
v 1.160914 1.447925 0.463348
v 1.179619 1.415204 0.463348
v 1.187413 1.375075 0.463348
v 1.11294 1.444546 0.499959
v 1.13191 1.425583 0.499959
v 1.145423 1.402127 0.499959
v 1.150802 1.375075 0.499959
v 1.081356 1.403518 0.499959
v 1.090893 1.393985 0.499959
v 1.097062 1.383633 0.499959
v 1.099025 1.375075 0.499959
v 1.059023 1.374507 0.463348
v 1.061889 1.371643 0.463348
v 1.062865 1.370556 0.463348
v 1.062413 1.375075 0.463348
v 1.059023 1.374507 0.411571
v 1.061889 1.371643 0.411571
v 1.062865 1.370556 0.411571
v 1.081356 1.403518 0.374959
v 1.090893 1.393985 0.374959
v 1.097062 1.383633 0.374959
v 1.099025 1.375075 0.374959
v 1.062413 1.375075 0.411571
v 1.062488 1.036565 0.499849
v 1.062488 0.999953 0.463237
v 1.102607 1.00774 0.463237
v 1.089537 1.04194 0.499849
v 1.062488 0.999953 0.41146
v 1.102607 1.00774 0.41146
v 1.062488 1.036565 0.374849
v 1.089537 1.04194 0.374849
v 1.062488 1.088342 0.374849
v 1.071053 1.090304 0.374849
v 1.062488 1.124953 0.411461
v 1.057983 1.124504 0.411461
v 1.062488 1.124953 0.463237
v 1.062488 1.088342 0.499849
v 1.071053 1.090304 0.499849
v 1.057983 1.124504 0.463237
v 1.135328 1.026433 0.463237
v 1.112995 1.055444 0.499849
v 1.16097 1.052065 0.463237
v 1.131966 1.074408 0.499849
v 1.179675 1.084787 0.463237
v 1.145478 1.097864 0.499849
v 1.187469 1.124915 0.463237
v 1.150857 1.124915 0.499849
v 1.135328 1.026433 0.41146
v 1.16097 1.052065 0.41146
v 1.179675 1.084787 0.41146
v 1.187469 1.124915 0.41146
v 1.112995 1.055444 0.374849
v 1.131966 1.074408 0.374849
v 1.145478 1.097863 0.374849
v 1.150857 1.124915 0.374849
v 1.081412 1.096473 0.374849
v 1.090948 1.106005 0.374849
v 1.097117 1.116358 0.374849
v 1.099081 1.124915 0.374849
v 1.059079 1.125484 0.411461
v 1.061944 1.128348 0.411461
v 1.062921 1.129435 0.411461
v 1.062469 1.124915 0.411461
v 1.059079 1.125484 0.463237
v 1.061944 1.128348 0.463237
v 1.062921 1.129435 0.463237
v 1.081412 1.096472 0.499849
v 1.090948 1.106005 0.499849
v 1.097117 1.116358 0.499849
v 1.099081 1.124915 0.499849
v 1.062469 1.124915 0.463237
v 1.061982 0.713397 0.375122
v 1.061982 0.750008 0.411733
v 1.1021 0.742222 0.411733
v 1.08903 0.708022 0.375122
v 1.061982 0.750008 0.46351
v 1.1021 0.742222 0.46351
v 1.061982 0.713397 0.500122
v 1.08903 0.708022 0.500122
v 1.061982 0.66162 0.500122
v 1.070546 0.659657 0.500122
v 1.061982 0.625008 0.46351
v 1.057476 0.625458 0.46351
v 1.061982 0.625008 0.411733
v 1.061982 0.66162 0.375122
v 1.070546 0.659657 0.375122
v 1.057476 0.625458 0.411733
v 1.134821 0.723529 0.411733
v 1.112489 0.694517 0.375122
v 1.160463 0.697896 0.411733
v 1.131459 0.675554 0.375122
v 1.179168 0.665175 0.411733
v 1.144972 0.652098 0.375122
v 1.186962 0.625047 0.411733
v 1.150351 0.625047 0.375122
v 1.134821 0.723529 0.46351
v 1.160463 0.697896 0.46351
v 1.179168 0.665175 0.46351
v 1.186962 0.625047 0.46351
v 1.112489 0.694517 0.500122
v 1.131459 0.675554 0.500122
v 1.144972 0.652099 0.500122
v 1.150351 0.625047 0.500122
v 1.080905 0.653489 0.500122
v 1.090442 0.643957 0.500122
v 1.096611 0.633604 0.500122
v 1.098574 0.625047 0.500122
v 1.058573 0.624478 0.46351
v 1.061438 0.621614 0.46351
v 1.062415 0.620527 0.46351
v 1.061962 0.625047 0.46351
v 1.058573 0.624478 0.411733
v 1.061438 0.621614 0.411733
v 1.062415 0.620527 0.411733
v 1.080905 0.653489 0.375122
v 1.090442 0.643957 0.375122
v 1.096611 0.633604 0.375122
v 1.098574 0.625047 0.375122
v 1.061962 0.625047 0.411733
v 1.062651 0.286769 0.5
v 1.062651 0.250157 0.463388
v 1.102769 0.257944 0.463388
v 1.089699 0.292144 0.5
v 1.062651 0.250157 0.411612
v 1.102769 0.257944 0.411612
v 1.062651 0.286769 0.375
v 1.089699 0.292144 0.375
v 1.062651 0.338546 0.375
v 1.071216 0.340508 0.375
v 1.062651 0.375157 0.411612
v 1.058146 0.374708 0.411612
v 1.062651 0.375157 0.463388
v 1.062651 0.338546 0.5
v 1.071216 0.340508 0.5
v 1.058146 0.374708 0.463388
v 1.135491 0.276637 0.463388
v 1.113158 0.305648 0.5
v 1.161132 0.302269 0.463388
v 1.132128 0.324612 0.5
v 1.179838 0.33499 0.463388
v 1.145641 0.348068 0.5
v 1.187632 0.375119 0.463388
v 1.15102 0.375119 0.5
v 1.135491 0.276637 0.411612
v 1.161132 0.302269 0.411612
v 1.179838 0.33499 0.411612
v 1.187632 0.375119 0.411612
v 1.113158 0.305648 0.375
v 1.132128 0.324612 0.375
v 1.145641 0.348067 0.375
v 1.15102 0.375119 0.375
v 1.081574 0.346677 0.375
v 1.091111 0.356209 0.375
v 1.09728 0.366562 0.375
v 1.099243 0.375119 0.375
v 1.059242 0.375688 0.411612
v 1.062107 0.378551 0.411612
v 1.063084 0.379639 0.411612
v 1.062632 0.375119 0.411612
v 1.059242 0.375688 0.463388
v 1.062107 0.378551 0.463388
v 1.063084 0.379639 0.463388
v 1.081574 0.346676 0.5
v 1.091111 0.356209 0.5
v 1.09728 0.366562 0.5
v 1.099243 0.375119 0.5
v 1.062632 0.375119 0.463388
v -0.062569 0.249926 0.463361
v -0.062569 0.286538 0.499973
v -0.102688 0.286538 0.492186
v -0.089617 0.249926 0.457986
v -0.062569 0.338315 0.499973
v -0.102688 0.338315 0.492186
v -0.062569 0.374926 0.463361
v -0.089617 0.374926 0.457986
v -0.062569 0.374926 0.411584
v -0.071134 0.374926 0.409621
v -0.062569 0.338315 0.374973
v -0.058064 0.338315 0.375422
v -0.062569 0.286538 0.374973
v -0.062569 0.249926 0.411584
v -0.071134 0.249926 0.409621
v -0.058064 0.286538 0.375422
v -0.135409 0.286538 0.473493
v -0.113076 0.249926 0.444482
v -0.161051 0.286538 0.447861
v -0.132047 0.249926 0.425518
v -0.179756 0.286538 0.415139
v -0.145559 0.249926 0.402062
v -0.18755 0.286538 0.375011
v -0.150938 0.249926 0.375011
v -0.135409 0.338315 0.473493
v -0.161051 0.338315 0.447861
v -0.179756 0.338315 0.415139
v -0.18755 0.338315 0.375011
v -0.113076 0.374926 0.444482
v -0.132047 0.374926 0.425518
v -0.145559 0.374926 0.402063
v -0.150938 0.374926 0.375011
v -0.081493 0.374926 0.403453
v -0.091029 0.374926 0.393921
v -0.097198 0.374926 0.383568
v -0.099161 0.374926 0.375011
v -0.05916 0.338315 0.374442
v -0.062025 0.338315 0.371578
v -0.063002 0.338315 0.370491
v -0.06255 0.338315 0.375011
v -0.05916 0.286538 0.374442
v -0.062025 0.286538 0.371578
v -0.063002 0.286538 0.370491
v -0.081493 0.249926 0.403454
v -0.091029 0.249926 0.393921
v -0.097198 0.249926 0.383568
v -0.099161 0.249926 0.375011
v -0.06255 0.286538 0.375011
v 0.463408 1.749972 0.375044
v 0.500019 1.786584 0.375044
v 0.492233 1.786584 0.415162
v 0.458033 1.749972 0.402092
v 0.500019 1.83836 0.375044
v 0.492233 1.83836 0.415162
v 0.463408 1.874972 0.375044
v 0.458033 1.874972 0.402092
v 0.411631 1.874972 0.375044
v 0.409668 1.874972 0.383608
v 0.375019 1.83836 0.375044
v 0.375468 1.83836 0.370538
v 0.375019 1.786584 0.375044
v 0.411631 1.749972 0.375044
v 0.409668 1.749972 0.383608
v 0.375469 1.786584 0.370538
v 0.47354 1.786584 0.447883
v 0.444528 1.749972 0.425551
v 0.447907 1.786584 0.473525
v 0.425565 1.749972 0.444521
v 0.415186 1.786584 0.49223
v 0.402109 1.749972 0.458034
v 0.375057 1.786584 0.500024
v 0.375057 1.749972 0.463413
v 0.47354 1.83836 0.447883
v 0.447907 1.83836 0.473525
v 0.415186 1.83836 0.49223
v 0.375057 1.83836 0.500024
v 0.444528 1.874972 0.425551
v 0.425564 1.874972 0.444521
v 0.402109 1.874972 0.458034
v 0.375057 1.874972 0.463413
v 0.4035 1.874972 0.393967
v 0.393967 1.874972 0.403504
v 0.383615 1.874972 0.409673
v 0.375057 1.874972 0.411636
v 0.374489 1.83836 0.371634
v 0.371625 1.83836 0.3745
v 0.370538 1.83836 0.375476
v 0.375057 1.83836 0.375024
v 0.374489 1.786584 0.371634
v 0.371625 1.786584 0.3745
v 0.370538 1.786584 0.375476
v 0.4035 1.749972 0.393967
v 0.393967 1.749972 0.403504
v 0.383615 1.749972 0.409673
v 0.375057 1.749972 0.411636
v 0.375057 1.786584 0.375024
vt 0.973958 0.89814
vt 0.979204 0.891005
vt 0.986623 0.891005
vt 0.991869 0.898141
vt 0.991846 0.922502
vt 0.991846 0.932592
vt 0.986606 0.939728
vt 0.979197 0.939728
vt 0.942479 0.697783
vt 0.949612 0.690647
vt 0.959701 0.690647
vt 0.966834 0.697783
vt 0.180085 0.967311
vt 0.180085 0.95722
vt 0.187219 0.950085
vt 0.197307 0.950085
vt 0.950115 0.23647700000000005
vt 0.950115 0.22638599999999998
vt 0.957249 0.21925099999999997
vt 0.967337 0.21925099999999997
vt 0.995079 0.34676700000000005
vt 0.995079 0.356858
vt 0.990224 0.363993
vt 0.983359 0.363993
vt 0.599304 0.950849
vt 0.606437 0.943714
vt 0.616525 0.943714
vt 0.623659 0.950849
vt 0.995079 0.33249700000000004
vt 0.990224 0.33963199999999993
vt 0.983359 0.33963199999999993
vt 0.978504 0.33249700000000004
vt 0.728608 0.980838
vt 0.72842 0.989401
vt 0.723549 0.989401
vt 0.723737 0.980838
vt 0.213855 0.826092
vt 0.213855 0.838201
vt 0.210536 0.838201
vt 0.210536 0.826092
vt 0.059691 0.960393
vt 0.059503 0.95183
vt 0.064374 0.95183
vt 0.064562 0.960393
vt 0.059503 0.95183
vt 0.059503 0.939721
vt 0.064374 0.939721
vt 0.064374 0.95183
vt 0.059503 0.939721
vt 0.059691 0.931159
vt 0.064562 0.931159
vt 0.064374 0.939721
vt 0.210536 0.85031
vt 0.210536 0.838201
vt 0.213851 0.838201
vt 0.213851 0.85031
vt 0.72842 0.960167
vt 0.728608 0.96873
vt 0.723737 0.96873
vt 0.723549 0.960167
vt 0.517846 0.960146
vt 0.511551 0.951584
vt 0.511551 0.939475
vt 0.517846 0.930913
vt 0.728608 0.96873
vt 0.728608 0.980838
vt 0.723737 0.980838
vt 0.723737 0.96873
vt 0.049077 0.960393
vt 0.040185 0.960393
vt 0.033898 0.951831
vt 0.033898 0.939722
vt 0.155712 0.877002
vt 0.163002 0.877002
vt 0.163002 0.925724
vt 0.155712 0.925724
vt 0.163002 0.877002
vt 0.173091 0.877002
vt 0.173091 0.925724
vt 0.163002 0.925724
vt 0.173091 0.877002
vt 0.180067 0.877002
vt 0.180067 0.925724
vt 0.173091 0.925724
vt 0.890926 0.484399
vt 0.901017 0.48439999999999994
vt 0.901017 0.520176
vt 0.890926 0.520176
vt 0.107002 0.877002
vt 0.113978 0.877001
vt 0.113978 0.925724
vt 0.107002 0.925724
vt 0.113978 0.877001
vt 0.124067 0.877001
vt 0.124067 0.925724
vt 0.113978 0.925724
vt 0.97903 0.304153
vt 0.97903 0.29406200000000005
vt 0.983885 0.286926
vt 0.99075 0.286926
vt 0.124067 0.877001
vt 0.131357 0.877002
vt 0.131357 0.925724
vt 0.124067 0.925724
vt 0.634608 0.975232
vt 0.639469 0.968096
vt 0.646343 0.968097
vt 0.651203 0.975232
vt 0.623968 0.850577
vt 0.634059 0.850576
vt 0.634059 0.886399
vt 0.623969 0.8864
vt 0.582284 0.925863
vt 0.582284 0.852797
vt 0.58942 0.85264
vt 0.58942 0.925706
vt 0.572194 0.925863
vt 0.572194 0.852797
vt 0.582284 0.852797
vt 0.582284 0.925863
vt 0.565058 0.925706
vt 0.565058 0.85264
vt 0.572194 0.852797
vt 0.572194 0.925863
vt 0.623665 0.811245
vt 0.623665 0.761521
vt 0.633756 0.761521
vt 0.633756 0.811245
vt 0.778418 0.926915
vt 0.778418 0.853849
vt 0.785553 0.853692
vt 0.785553 0.926758
vt 0.768328 0.926915
vt 0.768328 0.853849
vt 0.778418 0.853849
vt 0.778418 0.926915
vt 0.761192 0.926758
vt 0.761192 0.853692
vt 0.768328 0.853849
vt 0.768328 0.926915
vt 0.095226 0.805505
vt 0.095226 0.75572
vt 0.105316 0.75572
vt 0.105316 0.805505
vt 0.379359 0.974684
vt 0.379359 0.755434
vt 0.389442 0.755434
vt 0.389442 0.974684
vt 0.372493 0.974684
vt 0.372493 0.755434
vt 0.379359 0.755434
vt 0.379359 0.974684
vt 0.241579 0.755434
vt 0.241579 0.974685
vt 0.231496 0.974685
vt 0.231496 0.755434
vt 0.248988 0.755434
vt 0.248988 0.974684
vt 0.241579 0.974685
vt 0.241579 0.755434
vt 0.308597 0.974684
vt 0.308597 0.755434
vt 0.318681 0.755434
vt 0.318681 0.974684
vt 0.301723 0.974684
vt 0.301723 0.755434
vt 0.308597 0.755434
vt 0.308597 0.974684
vt 0.960198 0
vt 0.960198 0.21924999999999994
vt 0.950115 0.21924999999999994
vt 0.950115 0
vt 0.966834 0.673422
vt 0.966834 0.683512
vt 0.959701 0.690647
vt 0.949613 0.690647
vt 0.967617 0
vt 0.967617 0.21925099999999997
vt 0.960198 0.21924999999999994
vt 0.960198 0
vt 0.865871 0.950963
vt 0.873004 0.943828
vt 0.883093 0.943828
vt 0.890226 0.950963
vt 0.158907 0.976482
vt 0.158719 0.985044
vt 0.153848 0.985044
vt 0.154036 0.976482
vt 0.213855 0.813983
vt 0.213855 0.826092
vt 0.210536 0.826092
vt 0.210536 0.813983
vt 0.860393 0.960955
vt 0.860205 0.952393
vt 0.865076 0.952393
vt 0.865264 0.960955
vt 0.860205 0.952393
vt 0.860205 0.940284
vt 0.865076 0.940284
vt 0.865076 0.952393
vt 0.860205 0.940284
vt 0.860393 0.931722
vt 0.865264 0.931722
vt 0.865076 0.940284
vt 0.210536 0.862419
vt 0.210536 0.85031
vt 0.213851 0.85031
vt 0.213851 0.862419
vt 0.158719 0.955811
vt 0.158907 0.964373
vt 0.154036 0.964373
vt 0.153848 0.955811
vt 0.767488 0.956148
vt 0.761192 0.947586
vt 0.761192 0.935477
vt 0.767488 0.926915
vt 0.158907 0.964373
vt 0.158907 0.976482
vt 0.154036 0.976482
vt 0.154036 0.964373
vt 0.07974 0.960393
vt 0.070849 0.960393
vt 0.064562 0.951831
vt 0.064562 0.939722
vt 0.834264 0.926776
vt 0.826974 0.926776
vt 0.826974 0.853692
vt 0.834264 0.853692
vt 0.826974 0.926776
vt 0.816886 0.926776
vt 0.816886 0.853692
vt 0.826974 0.853692
vt 0.816886 0.926776
vt 0.809909 0.926776
vt 0.809909 0.853692
vt 0.816886 0.853692
vt 0.74161 0.36566300000000007
vt 0.7517 0.365664
vt 0.7517 0.4193279999999999
vt 0.74161 0.4193279999999999
vt 0.785553 0.853692
vt 0.79253 0.853692
vt 0.79253 0.926776
vt 0.785553 0.926776
vt 0.79253 0.853692
vt 0.802618 0.853692
vt 0.802618 0.926776
vt 0.79253 0.926776
vt 0.802618 0.853692
vt 0.809909 0.853692
vt 0.809909 0.926776
vt 0.802618 0.926776
vt 0.623665 0.707787
vt 0.633756 0.707786
vt 0.633756 0.761521
vt 0.623665 0.761521
vt 0.658963 0.975232
vt 0.663824 0.968096
vt 0.670698 0.968096
vt 0.675559 0.975232
vt 0.023814 0.97497
vt 0.023814 0.75572
vt 0.033898 0.75572
vt 0.033898 0.97497
vt 0.016949 0.97497
vt 0.016949 0.75572
vt 0.023814 0.75572
vt 0.023814 0.97497
vt 0.259071 0.755434
vt 0.259071 0.974685
vt 0.248988 0.974685
vt 0.248988 0.755434
vt 0.266481 0.755434
vt 0.266481 0.974684
vt 0.259071 0.974685
vt 0.259071 0.755434
vt 0.290847 0.974684
vt 0.290847 0.755434
vt 0.300931 0.755434
vt 0.300931 0.974684
vt 0.283973 0.974684
vt 0.283973 0.755434
vt 0.290847 0.755434
vt 0.290847 0.974684
vt 0.949037 0.731921
vt 0.949037 0.951172
vt 0.938954 0.951172
vt 0.938954 0.731921
vt 0.968682 0.616165
vt 0.968682 0.626255
vt 0.961549 0.63339
vt 0.95146 0.63339
vt 0.956456 0.731922
vt 0.956456 0.951172
vt 0.949037 0.951172
vt 0.949037 0.731921
vt 0.006865 0.97497
vt 0.006865 0.75572
vt 0.016949 0.75572
vt 0.016949 0.97497
vt 0 0.97497
vt 0 0.75572
vt 0.006865 0.75572
vt 0.006865 0.97497
vt 0.276564 0.755434
vt 0.276564 0.974685
vt 0.266481 0.974685
vt 0.266481 0.755434
vt 0.283973 0.755434
vt 0.283973 0.974684
vt 0.276564 0.974685
vt 0.276564 0.755434
vt 0.325555 0.974684
vt 0.325555 0.755434
vt 0.335639 0.755434
vt 0.335639 0.974684
vt 0.318681 0.974684
vt 0.318681 0.755434
vt 0.325555 0.755434
vt 0.325555 0.974684
vt 0.966538 0.731921
vt 0.966538 0.951172
vt 0.956456 0.951172
vt 0.956456 0.731921
vt 0.973957 0.731922
vt 0.973957 0.951172
vt 0.966538 0.951172
vt 0.966538 0.731921
vt 0.785553 0.959107
vt 0.792687 0.951972
vt 0.802775 0.951972
vt 0.809909 0.959107
vt 0.359462 0.974684
vt 0.359462 0.755434
vt 0.369546 0.755434
vt 0.369546 0.974684
vt 0.352597 0.974684
vt 0.352597 0.755434
vt 0.359462 0.755434
vt 0.359462 0.974684
vt 0.224086 0.755434
vt 0.224086 0.974685
vt 0.214003 0.974685
vt 0.214003 0.755434
vt 0.231496 0.755434
vt 0.231496 0.974684
vt 0.224086 0.974685
vt 0.224086 0.755434
vt 0.342513 0.974684
vt 0.342513 0.755434
vt 0.352597 0.755434
vt 0.352597 0.974684
vt 0.335639 0.974684
vt 0.335639 0.755434
vt 0.342513 0.755434
vt 0.342513 0.974684
vt 0.729424 0.941126
vt 0.736557 0.933991
vt 0.746645 0.933991
vt 0.753779 0.941126
vt 0.954409 0.38977799999999996
vt 0.954409 0.609029
vt 0.944327 0.609029
vt 0.944327 0.38977799999999996
vt 0.961828 0.389779
vt 0.961828 0.609029
vt 0.954409 0.609029
vt 0.954409 0.38977799999999996
vt 0.438489 0.87724
vt 0.445779 0.87724
vt 0.445779 0.925962
vt 0.438489 0.925962
vt 0.445779 0.87724
vt 0.455868 0.87724
vt 0.455868 0.925962
vt 0.445779 0.925962
vt 0.455868 0.87724
vt 0.462844 0.87724
vt 0.462844 0.925962
vt 0.455868 0.925962
vt 0.890926 0.520176
vt 0.901016 0.520177
vt 0.901016 0.555953
vt 0.890926 0.555952
vt 0.703509 0.858471
vt 0.710486 0.858471
vt 0.710486 0.907193
vt 0.703509 0.907193
vt 0.710486 0.858471
vt 0.720574 0.858471
vt 0.720574 0.907193
vt 0.710486 0.907193
vt 0.720574 0.858471
vt 0.727865 0.858471
vt 0.727865 0.907193
vt 0.720574 0.907193
vt 0.890926 0.34105699999999994
vt 0.901016 0.341056
vt 0.901016 0.37687899999999996
vt 0.890926 0.37688
vt 0.744929 0.907193
vt 0.744929 0.858471
vt 0.75222 0.858471
vt 0.75222 0.907193
vt 0.734841 0.907193
vt 0.734841 0.858471
vt 0.744929 0.858471
vt 0.744929 0.907193
vt 0.727865 0.907193
vt 0.727865 0.858471
vt 0.734841 0.858471
vt 0.734841 0.907193
vt 0.890926 0.627506
vt 0.890926 0.591729
vt 0.901016 0.59173
vt 0.901016 0.627506
vt 0.396755 0.87724
vt 0.396755 0.925962
vt 0.389779 0.925962
vt 0.389779 0.87724
vt 0.406844 0.87724
vt 0.406844 0.925962
vt 0.396755 0.925962
vt 0.396755 0.87724
vt 0.414134 0.87724
vt 0.414134 0.925962
vt 0.406844 0.925962
vt 0.406844 0.87724
vt 0.865871 0.985415
vt 0.865871 0.975324
vt 0.870732 0.968189
vt 0.877605 0.968189
vt 0.890926 0.41270300000000004
vt 0.890926 0.37688
vt 0.901016 0.37688
vt 0.901016 0.41270300000000004
vt 0.99561 0.2753920000000001
vt 0.990755 0.282528
vt 0.98389 0.282528
vt 0.979035 0.2753920000000001
vt 0.693425 0.943735
vt 0.693425 0.858471
vt 0.703509 0.858471
vt 0.703509 0.943735
vt 0.68656 0.943735
vt 0.68656 0.858471
vt 0.693425 0.858471
vt 0.693425 0.943735
vt 0.662193 0.858471
vt 0.662193 0.943735
vt 0.65211 0.943735
vt 0.65211 0.858471
vt 0.669602 0.858471
vt 0.669602 0.943735
vt 0.662193 0.943735
vt 0.662193 0.858471
vt 0.676476 0.943735
vt 0.676476 0.858471
vt 0.68656 0.858471
vt 0.68656 0.943735
vt 0.669602 0.943735
vt 0.669602 0.858471
vt 0.676476 0.858471
vt 0.676476 0.943735
vt 0.644691 0.858471
vt 0.644691 0.943735
vt 0.634608 0.943735
vt 0.634608 0.858471
vt 0.951135 0.38264300000000007
vt 0.951135 0.372553
vt 0.958268 0.365417
vt 0.968357 0.365417
vt 0.65211 0.858471
vt 0.65211 0.943735
vt 0.644691 0.943735
vt 0.644691 0.858471
vt 0.148422 0.925724
vt 0.148422 0.877002
vt 0.155712 0.877002
vt 0.155712 0.925724
vt 0.138334 0.925724
vt 0.138334 0.877002
vt 0.148422 0.877002
vt 0.148422 0.925724
vt 0.131357 0.925724
vt 0.131357 0.877002
vt 0.138334 0.877002
vt 0.138334 0.925724
vt 0.890926 0.591729
vt 0.890926 0.555953
vt 0.901016 0.555953
vt 0.901016 0.591729
vt 0.431512 0.925962
vt 0.431512 0.87724
vt 0.438489 0.87724
vt 0.438489 0.925962
vt 0.421424 0.925962
vt 0.421424 0.87724
vt 0.431512 0.87724
vt 0.431512 0.925962
vt 0.414134 0.925962
vt 0.414134 0.87724
vt 0.421424 0.87724
vt 0.421424 0.925962
vt 0.976374 0.968398
vt 0.976374 0.958307
vt 0.981234 0.951172
vt 0.988108 0.951172
vt 0.890926 0.448526
vt 0.890926 0.41270399999999996
vt 0.901016 0.41270300000000004
vt 0.901016 0.448526
vt 0.457452 0.926377
vt 0.464577 0.925962
vt 0.463342 0.933829
vt 0.456595 0.931681
vt 0.518686 0.896491
vt 0.528776 0.896491
vt 0.528776 0.902929
vt 0.518686 0.902929
vt 0.414147 0.925962
vt 0.421272 0.926377
vt 0.422128 0.931681
vt 0.415381 0.933829
vt 0.421272 0.926377
vt 0.431356 0.926741
vt 0.431678 0.928423
vt 0.422128 0.931681
vt 0.431356 0.926741
vt 0.438436 0.925962
vt 0.438492 0.926842
vt 0.431678 0.928423
vt 0.447368 0.926741
vt 0.447046 0.928423
vt 0.440231 0.926842
vt 0.440287 0.925962
vt 0.447368 0.926741
vt 0.457452 0.926377
vt 0.456595 0.931681
vt 0.447046 0.928423
vt 0.456595 0.931681
vt 0.463342 0.933829
vt 0.459932 0.940331
vt 0.45413 0.936344
vt 0.51155 0.911114
vt 0.518686 0.90994
vt 0.518686 0.917001
vt 0.51155 0.916338
vt 0.51155 0.916338
vt 0.518686 0.917001
vt 0.518686 0.924153
vt 0.51155 0.921479
vt 0.446097 0.942968
vt 0.44888 0.949377
vt 0.441119 0.951178
vt 0.440867 0.944206
vt 0.518686 0.902929
vt 0.528776 0.902929
vt 0.528776 0.90994
vt 0.518686 0.90994
vt 0.518686 0.90994
vt 0.528776 0.90994
vt 0.528776 0.917001
vt 0.518686 0.917001
vt 0.518686 0.917001
vt 0.528776 0.917001
vt 0.528776 0.924153
vt 0.518686 0.924153
vt 0.518686 0.924153
vt 0.528776 0.924153
vt 0.528776 0.930913
vt 0.518686 0.930913
vt 0.415381 0.933829
vt 0.422128 0.931681
vt 0.424593 0.936344
vt 0.418791 0.940332
vt 0.528776 0.90994
vt 0.535912 0.911114
vt 0.535912 0.916338
vt 0.528776 0.917001
vt 0.528776 0.917001
vt 0.535912 0.916338
vt 0.535912 0.921479
vt 0.528776 0.924153
vt 0.429844 0.949378
vt 0.432626 0.942968
vt 0.437857 0.944206
vt 0.437604 0.951178
vt 0.422128 0.931681
vt 0.431678 0.928423
vt 0.432806 0.930483
vt 0.424593 0.936344
vt 0.424593 0.936344
vt 0.432806 0.930483
vt 0.434595 0.932407
vt 0.428153 0.940171
vt 0.428153 0.940171
vt 0.434595 0.932407
vt 0.436568 0.933681
vt 0.432626 0.942968
vt 0.432626 0.942968
vt 0.436568 0.933681
vt 0.438221 0.934124
vt 0.437857 0.944206
vt 0.431678 0.928423
vt 0.438436 0.925962
vt 0.438619 0.926182
vt 0.432806 0.930483
vt 0.432806 0.930483
vt 0.438619 0.926182
vt 0.439157 0.92676
vt 0.434595 0.932407
vt 0.434595 0.932407
vt 0.439157 0.92676
vt 0.439362 0.926958
vt 0.436568 0.933681
vt 0.436568 0.933681
vt 0.438485 0.926838
vt 0.439362 0.926958
vt 0.438221 0.934124
vt 0.632795 0.521675
vt 0.632795 0.511584
vt 0.63308 0.511584
vt 0.63308 0.521675
vt 0.63308 0.521675
vt 0.63308 0.511584
vt 0.633869 0.511584
vt 0.633869 0.521675
vt 0.633869 0.521675
vt 0.633869 0.511584
vt 0.634154 0.511584
vt 0.634154 0.521675
vt 0.440287 0.925962
vt 0.447046 0.928423
vt 0.445917 0.930483
vt 0.440104 0.926182
vt 0.440104 0.926182
vt 0.445917 0.930483
vt 0.444128 0.932407
vt 0.439567 0.92676
vt 0.439567 0.92676
vt 0.444128 0.932407
vt 0.442155 0.933681
vt 0.439362 0.926958
vt 0.442155 0.933681
vt 0.440502 0.934124
vt 0.439362 0.926958
vt 0.440239 0.926838
vt 0.447046 0.928423
vt 0.456595 0.931681
vt 0.45413 0.936344
vt 0.445917 0.930483
vt 0.445917 0.930483
vt 0.45413 0.936344
vt 0.450571 0.940171
vt 0.444128 0.932407
vt 0.444128 0.932407
vt 0.450571 0.940171
vt 0.446097 0.942968
vt 0.442155 0.933681
vt 0.442155 0.933681
vt 0.446097 0.942968
vt 0.440867 0.944206
vt 0.440502 0.934124
vt 0.973958 0.873778
vt 0.979204 0.866643
vt 0.986623 0.866644
vt 0.991869 0.873779
vt 0.741631 0.979498
vt 0.732725 0.984223
vt 0.730046 0.976794
vt 0.739841 0.974481
vt 0.965257 0.44801099999999994
vt 0.971304 0.45128
vt 0.968562 0.4586859999999999
vt 0.962516 0.45541699999999996
vt 0.971304 0.45128
vt 0.980174 0.45607700000000007
vt 0.978341 0.461078
vt 0.968562 0.4586859999999999
vt 0.318768 0.992791
vt 0.319141 0.985391
vt 0.320822 0.985194
vt 0.324072 0.992288
vt 0.319141 0.985391
vt 0.318768 0.975341
vt 0.319649 0.975321
vt 0.320822 0.985194
vt 0.800723 0.978446
vt 0.802106 0.977471
vt 0.807822 0.985608
vt 0.807154 0.98618
vt 0.748186 0.976021
vt 0.741631 0.979498
vt 0.739841 0.974481
vt 0.747652 0.974415
vt 0.739841 0.974481
vt 0.730046 0.976794
vt 0.729424 0.969905
vt 0.739408 0.969535
vt 0.739408 0.969535
vt 0.729424 0.969905
vt 0.730326 0.963769
vt 0.740076 0.964996
vt 0.740076 0.964996
vt 0.730326 0.963769
vt 0.73276 0.958352
vt 0.741811 0.961094
vt 0.972889 0.07313499999999995
vt 0.975437 0.08041500000000001
vt 0.967617 0.08044799999999996
vt 0.967617 0.07315800000000006
vt 0.962516 0.45541699999999996
vt 0.968562 0.4586859999999999
vt 0.967875 0.465564
vt 0.961828 0.462294
vt 0.98681 0.08022499999999999
vt 0.98681 0.09031299999999998
vt 0.981814 0.09042300000000003
vt 0.981814 0.08033500000000005
vt 0.981814 0.08033500000000005
vt 0.981814 0.09042300000000003
vt 0.975437 0.090503
vt 0.975437 0.08041500000000001
vt 0.975437 0.08041500000000001
vt 0.975437 0.090503
vt 0.967617 0.09053599999999995
vt 0.967617 0.08044799999999996
vt 0.968562 0.4586859999999999
vt 0.978341 0.461078
vt 0.977862 0.466016
vt 0.967875 0.465564
vt 0.967875 0.465564
vt 0.977862 0.466016
vt 0.978483 0.470556
vt 0.968715 0.471699
vt 0.968715 0.471699
vt 0.978483 0.470556
vt 0.980174 0.474464
vt 0.971087 0.4771270000000001
vt 0.975437 0.090503
vt 0.972889 0.09748999999999997
vt 0.967617 0.09751299999999996
vt 0.967617 0.09053599999999995
vt 0.324072 0.992288
vt 0.320822 0.985194
vt 0.322883 0.984414
vt 0.328735 0.990588
vt 0.328735 0.990588
vt 0.322883 0.984414
vt 0.324808 0.983146
vt 0.332564 0.988064
vt 0.332564 0.988064
vt 0.324808 0.983146
vt 0.326083 0.981726
vt 0.335363 0.984844
vt 0.335363 0.984844
vt 0.326083 0.981726
vt 0.326527 0.980523
vt 0.336605 0.981031
vt 0.320822 0.985194
vt 0.318768 0.975341
vt 0.318989 0.975211
vt 0.322883 0.984414
vt 0.322883 0.984414
vt 0.318989 0.975211
vt 0.319567 0.97483
vt 0.324808 0.983146
vt 0.324808 0.983146
vt 0.319567 0.97483
vt 0.319765 0.974684
vt 0.326083 0.981726
vt 0.326083 0.981726
vt 0.319645 0.975326
vt 0.319765 0.974684
vt 0.326527 0.980523
vt 0.633411 0.703398
vt 0.633411 0.693309
vt 0.633602 0.693305
vt 0.633602 0.703393
vt 0.633602 0.703393
vt 0.633602 0.693305
vt 0.63416 0.693292
vt 0.63416 0.703381
vt 0.63416 0.703381
vt 0.63416 0.693292
vt 0.634372 0.693288
vt 0.634372 0.703376
vt 0.807154 0.98618
vt 0.802106 0.977471
vt 0.80416 0.976675
vt 0.807404 0.986129
vt 0.807404 0.986129
vt 0.80416 0.976675
vt 0.806438 0.976333
vt 0.808088 0.986027
vt 0.808088 0.986027
vt 0.806438 0.976333
vt 0.808333 0.976537
vt 0.808333 0.986003
vt 0.632795 0.56
vt 0.634422 0.560364
vt 0.633654 0.567665
vt 0.632795 0.567471
vt 0.747652 0.974415
vt 0.739841 0.974481
vt 0.739408 0.969535
vt 0.747486 0.972218
vt 0.747486 0.972218
vt 0.739408 0.969535
vt 0.740076 0.964996
vt 0.747822 0.969936
vt 0.747822 0.969936
vt 0.740076 0.964996
vt 0.741811 0.961094
vt 0.748569 0.968178
vt 0.748569 0.968178
vt 0.741811 0.961094
vt 0.744744 0.958352
vt 0.749473 0.967266
vt 0.445635 0.975539
vt 0.438502 0.968404
vt 0.438502 0.958313
vt 0.445635 0.951178
vt 0.7734 0.977295
vt 0.764493 0.98202
vt 0.761815 0.97459
vt 0.77161 0.972277
vt 0.963587 0.3152710000000001
vt 0.969634 0.31854099999999996
vt 0.966892 0.325947
vt 0.960846 0.322677
vt 0.969634 0.31854099999999996
vt 0.978504 0.323337
vt 0.976671 0.32833899999999994
vt 0.966892 0.325947
vt 0.267169 0.992791
vt 0.267541 0.985391
vt 0.269222 0.985195
vt 0.272472 0.992288
vt 0.267541 0.985391
vt 0.267169 0.975341
vt 0.268049 0.975321
vt 0.269222 0.985195
vt 0.397389 0.978785
vt 0.398771 0.977808
vt 0.404488 0.985945
vt 0.403819 0.986518
vt 0.779954 0.973818
vt 0.7734 0.977295
vt 0.77161 0.972277
vt 0.77942 0.972212
vt 0.77161 0.972277
vt 0.761815 0.97459
vt 0.761192 0.967702
vt 0.771177 0.967332
vt 0.771177 0.967332
vt 0.761192 0.967702
vt 0.762095 0.961566
vt 0.771844 0.962793
vt 0.771844 0.962793
vt 0.762095 0.961566
vt 0.764529 0.956149
vt 0.77358 0.958891
vt 0.972889 0
vt 0.975437 0.007279999999999953
vt 0.967617 0.007313000000000014
vt 0.967617 0.000022999999999995246
vt 0.960846 0.322677
vt 0.966892 0.325947
vt 0.966205 0.3328249999999999
vt 0.960158 0.32955500000000004
vt 0.98681 0.007090000000000041
vt 0.98681 0.017178000000000027
vt 0.981814 0.01728799999999997
vt 0.981814 0.007199999999999984
vt 0.981814 0.007199999999999984
vt 0.981814 0.01728799999999997
vt 0.975437 0.01736800000000005
vt 0.975437 0.007279999999999953
vt 0.975437 0.007279999999999953
vt 0.975437 0.01736800000000005
vt 0.967617 0.01740200000000003
vt 0.967617 0.007313000000000014
vt 0.966892 0.325947
vt 0.976671 0.32833899999999994
vt 0.976192 0.33327700000000005
vt 0.966205 0.3328249999999999
vt 0.966205 0.3328249999999999
vt 0.976192 0.33327700000000005
vt 0.976813 0.337816
vt 0.967045 0.33895999999999993
vt 0.967045 0.33895999999999993
vt 0.976813 0.337816
vt 0.978504 0.341724
vt 0.969418 0.344387
vt 0.975437 0.01736800000000005
vt 0.972889 0.024355000000000016
vt 0.967617 0.02437800000000001
vt 0.967617 0.01740200000000003
vt 0.272472 0.992288
vt 0.269222 0.985195
vt 0.271283 0.984414
vt 0.277135 0.990588
vt 0.277135 0.990588
vt 0.271283 0.984414
vt 0.273208 0.983146
vt 0.280964 0.988064
vt 0.280964 0.988064
vt 0.273208 0.983146
vt 0.274483 0.981726
vt 0.283763 0.984844
vt 0.283763 0.984844
vt 0.274483 0.981726
vt 0.274927 0.980523
vt 0.285005 0.981031
vt 0.269222 0.985195
vt 0.267169 0.975341
vt 0.267389 0.975212
vt 0.271283 0.984414
vt 0.271283 0.984414
vt 0.267389 0.975212
vt 0.267967 0.974831
vt 0.273208 0.983146
vt 0.273208 0.983146
vt 0.267967 0.974831
vt 0.268165 0.974685
vt 0.274483 0.981726
vt 0.274483 0.981726
vt 0.268045 0.975326
vt 0.268165 0.974685
vt 0.274927 0.980523
vt 0.633411 0.683179
vt 0.633411 0.673091
vt 0.633602 0.673086
vt 0.633602 0.683174
vt 0.633602 0.683174
vt 0.633602 0.673086
vt 0.63416 0.673074
vt 0.63416 0.683162
vt 0.63416 0.683162
vt 0.63416 0.673074
vt 0.634372 0.673069
vt 0.634372 0.683158
vt 0.403819 0.986518
vt 0.398771 0.977808
vt 0.400825 0.977013
vt 0.404069 0.986467
vt 0.404069 0.986467
vt 0.400825 0.977013
vt 0.403104 0.976671
vt 0.404754 0.986364
vt 0.404754 0.986364
vt 0.403104 0.976671
vt 0.404998 0.976875
vt 0.404998 0.986341
vt 0.632795 0.567665
vt 0.634422 0.568029
vt 0.633654 0.57533
vt 0.632795 0.575136
vt 0.77942 0.972212
vt 0.77161 0.972277
vt 0.771177 0.967332
vt 0.779255 0.970014
vt 0.779255 0.970014
vt 0.771177 0.967332
vt 0.771844 0.962793
vt 0.779591 0.967733
vt 0.779591 0.967733
vt 0.771844 0.962793
vt 0.77358 0.958891
vt 0.780338 0.965975
vt 0.780338 0.965975
vt 0.77358 0.958891
vt 0.776513 0.956149
vt 0.781242 0.965063
vt 0.909546 0.975533
vt 0.902413 0.968397
vt 0.902413 0.958307
vt 0.909546 0.951172
vt 0.986809 0.17067100000000002
vt 0.986809 0.17796100000000004
vt 0.978991 0.17792799999999998
vt 0.981538 0.17064800000000002
vt 0.986809 0.17796100000000004
vt 0.986809 0.18805000000000005
vt 0.978991 0.18801599999999996
vt 0.978991 0.17792799999999998
vt 0.986809 0.18805000000000005
vt 0.986809 0.19502600000000003
vt 0.981538 0.19500300000000004
vt 0.978991 0.18801599999999996
vt 0.090758 0.98599
vt 0.086028 0.977077
vt 0.086931 0.976165
vt 0.093686 0.98325
vt 0.963214 0.306897
vt 0.970593 0.311947
vt 0.970007 0.312225
vt 0.962165 0.307631
vt 0.632795 0.52204
vt 0.634423 0.521675
vt 0.634423 0.529145
vt 0.633567 0.52934
vt 0.241574 0.986972
vt 0.231496 0.986463
vt 0.232738 0.982645
vt 0.242018 0.985765
vt 0.961829 0.47978600000000005
vt 0.970913 0.4771270000000001
vt 0.973287 0.482556
vt 0.963521 0.483696
vt 0.963521 0.483696
vt 0.973287 0.482556
vt 0.974129 0.48869300000000004
vt 0.964144 0.48823700000000003
vt 0.964144 0.48823700000000003
vt 0.974129 0.48869300000000004
vt 0.973441 0.495572
vt 0.963664 0.4931749999999999
vt 0.963664 0.4931749999999999
vt 0.973441 0.495572
vt 0.970695 0.502979
vt 0.961829 0.498177
vt 0.978991 0.17792799999999998
vt 0.978991 0.18801599999999996
vt 0.972614 0.187936
vt 0.972614 0.177848
vt 0.972614 0.177848
vt 0.972614 0.187936
vt 0.967617 0.18782600000000005
vt 0.967617 0.17773799999999995
vt 0.974129 0.48869300000000004
vt 0.980165 0.491962
vt 0.979478 0.498842
vt 0.973441 0.495572
vt 0.973441 0.495572
vt 0.979478 0.498842
vt 0.976732 0.506249
vt 0.970695 0.502979
vt 0.102741 0.98599
vt 0.093686 0.98325
vt 0.095417 0.979352
vt 0.105169 0.980577
vt 0.105169 0.980577
vt 0.095417 0.979352
vt 0.096083 0.974814
vt 0.106069 0.974444
vt 0.106069 0.974444
vt 0.096083 0.974814
vt 0.095648 0.96987
vt 0.105444 0.967556
vt 0.105444 0.967556
vt 0.095648 0.96987
vt 0.093856 0.964852
vt 0.102763 0.960125
vt 0.093686 0.98325
vt 0.086931 0.976165
vt 0.087677 0.974408
vt 0.095417 0.979352
vt 0.095417 0.979352
vt 0.087677 0.974408
vt 0.088011 0.972127
vt 0.096083 0.974814
vt 0.096083 0.974814
vt 0.088011 0.972127
vt 0.087845 0.969931
vt 0.095648 0.96987
vt 0.095648 0.96987
vt 0.087845 0.969931
vt 0.087312 0.968326
vt 0.093856 0.964852
vt 0.962165 0.307631
vt 0.970593 0.311947
vt 0.970502 0.3121769999999999
vt 0.961121 0.3092250000000001
vt 0.961121 0.3092250000000001
vt 0.970502 0.3121769999999999
vt 0.970281 0.312832
vt 0.960387 0.311407
vt 0.960387 0.311407
vt 0.970281 0.312832
vt 0.970213 0.31307700000000005
vt 0.960158 0.313597
vt 0.960158 0.313597
vt 0.970007 0.31221699999999997
vt 0.970213 0.31307700000000005
vt 0.960397 0.3152710000000001
vt 0.63341 0.632611
vt 0.63341 0.622522
vt 0.633623 0.622526
vt 0.633623 0.632615
vt 0.633623 0.632615
vt 0.633623 0.622526
vt 0.634182 0.622539
vt 0.634182 0.632627
vt 0.634182 0.632627
vt 0.634182 0.622539
vt 0.634372 0.622543
vt 0.634372 0.632632
vt 0.248336 0.992802
vt 0.242018 0.985765
vt 0.243293 0.984343
vt 0.248535 0.992655
vt 0.248535 0.992655
vt 0.243293 0.984343
vt 0.245218 0.983072
vt 0.249113 0.992273
vt 0.249113 0.992273
vt 0.245218 0.983072
vt 0.247277 0.982291
vt 0.249332 0.992144
vt 0.247277 0.982291
vt 0.248957 0.982094
vt 0.249332 0.992144
vt 0.248449 0.992164
vt 0.242018 0.985765
vt 0.232738 0.982645
vt 0.235536 0.97942
vt 0.243293 0.984343
vt 0.243293 0.984343
vt 0.235536 0.97942
vt 0.239364 0.976892
vt 0.245218 0.983072
vt 0.245218 0.983072
vt 0.239364 0.976892
vt 0.244027 0.975189
vt 0.247277 0.982291
vt 0.247277 0.982291
vt 0.244027 0.975189
vt 0.249332 0.974685
vt 0.248957 0.982094
vt 0.969182 0.28692699999999993
vt 0.975975 0.29225499999999993
vt 0.97903 0.3018719999999999
vt 0.976558 0.310144
vt 0.519377 0.964872
vt 0.528284 0.960147
vt 0.530964 0.967576
vt 0.521168 0.96989
vt 0.976734 0.593612
vt 0.970696 0.590343
vt 0.97344 0.582938
vt 0.979478 0.586207
vt 0.970696 0.590343
vt 0.961828 0.585543
vt 0.963663 0.580542
vt 0.97344 0.582938
vt 0.701156 0.972497
vt 0.700783 0.979907
vt 0.699102 0.980104
vt 0.695853 0.973001
vt 0.700783 0.979907
vt 0.701156 0.989956
vt 0.700276 0.989976
vt 0.699102 0.980104
vt 0.830416 0.986997
vt 0.828729 0.986864
vt 0.829535 0.976951
vt 0.830416 0.976938
vt 0.512832 0.968345
vt 0.519377 0.964872
vt 0.521168 0.96989
vt 0.513366 0.969951
vt 0.521168 0.96989
vt 0.530964 0.967576
vt 0.53159 0.974463
vt 0.521603 0.974834
vt 0.521603 0.974834
vt 0.53159 0.974463
vt 0.530691 0.980597
vt 0.520939 0.979372
vt 0.520939 0.979372
vt 0.530691 0.980597
vt 0.528264 0.986012
vt 0.519208 0.983272
vt 0.981538 0.07311199999999995
vt 0.978989 0.06612499999999999
vt 0.98681 0.06615799999999994
vt 0.98681 0.07313499999999995
vt 0.979478 0.586207
vt 0.97344 0.582938
vt 0.974128 0.576059
vt 0.980165 0.579328
vt 0.967617 0.06593499999999997
vt 0.967617 0.05584599999999995
vt 0.972612 0.055956000000000006
vt 0.972612 0.06604500000000002
vt 0.972612 0.06604500000000002
vt 0.972612 0.055956000000000006
vt 0.978989 0.056035999999999975
vt 0.978989 0.06612499999999999
vt 0.978989 0.06612499999999999
vt 0.978989 0.056035999999999975
vt 0.98681 0.05606999999999995
vt 0.98681 0.06615799999999994
vt 0.97344 0.582938
vt 0.963663 0.580542
vt 0.964143 0.575603
vt 0.974128 0.576059
vt 0.974128 0.576059
vt 0.964143 0.575603
vt 0.963521 0.571062
vt 0.973287 0.569922
vt 0.973287 0.569922
vt 0.963521 0.571062
vt 0.961828 0.567152
vt 0.970913 0.564491
vt 0.978989 0.056035999999999975
vt 0.981538 0.04875700000000005
vt 0.98681 0.048780000000000046
vt 0.98681 0.05606999999999995
vt 0.695853 0.973001
vt 0.699102 0.980104
vt 0.697041 0.980885
vt 0.691189 0.974704
vt 0.691189 0.974704
vt 0.697041 0.980885
vt 0.695116 0.982156
vt 0.68736 0.977232
vt 0.68736 0.977232
vt 0.695116 0.982156
vt 0.693841 0.983577
vt 0.684561 0.980456
vt 0.684561 0.980456
vt 0.693841 0.983577
vt 0.693397 0.984782
vt 0.683319 0.984275
vt 0.699102 0.980104
vt 0.701156 0.989956
vt 0.700936 0.990085
vt 0.697041 0.980885
vt 0.697041 0.980885
vt 0.700936 0.990085
vt 0.700357 0.990467
vt 0.695116 0.982156
vt 0.695116 0.982156
vt 0.700357 0.990467
vt 0.700159 0.990613
vt 0.693841 0.983577
vt 0.634422 0.537005
vt 0.634422 0.544475
vt 0.633564 0.54467
vt 0.632795 0.537369
vt 0.634372 0.642762
vt 0.634372 0.652851
vt 0.634181 0.652846
vt 0.634181 0.642758
vt 0.634181 0.642758
vt 0.634181 0.652846
vt 0.633623 0.652834
vt 0.633623 0.642745
vt 0.633623 0.642745
vt 0.633623 0.652834
vt 0.633411 0.65283
vt 0.633411 0.642741
vt 0.830416 0.976938
vt 0.828729 0.986864
vt 0.826641 0.986163
vt 0.830191 0.976818
vt 0.830191 0.976818
vt 0.826641 0.986163
vt 0.82467 0.984971
vt 0.829599 0.97646
vt 0.829599 0.97646
vt 0.82467 0.984971
vt 0.823344 0.983604
vt 0.829395 0.976322
vt 0.823344 0.983604
vt 0.822856 0.982421
vt 0.829395 0.976322
vt 0.82954 0.976956
vt 0.513366 0.969951
vt 0.521168 0.96989
vt 0.521603 0.974834
vt 0.513532 0.972148
vt 0.513532 0.972148
vt 0.521603 0.974834
vt 0.520939 0.979372
vt 0.513198 0.97443
vt 0.513198 0.97443
vt 0.520939 0.979372
vt 0.519208 0.983272
vt 0.512453 0.976186
vt 0.512453 0.976186
vt 0.519208 0.983272
vt 0.51628 0.986012
vt 0.51155 0.977098
vt 0.720731 0.935806
vt 0.727865 0.942941
vt 0.727865 0.953032
vt 0.720731 0.960167
vt 0.961828 0.397845
vt 0.970699 0.39304800000000006
vt 0.973441 0.400454
vt 0.963661 0.40284600000000004
vt 0.970699 0.39304800000000006
vt 0.976745 0.38977799999999996
vt 0.979487 0.397184
vt 0.973441 0.400454
vt 0.581806 0.981041
vt 0.5729 0.976317
vt 0.57469 0.971299
vt 0.584485 0.973612
vt 0.5729 0.976317
vt 0.566346 0.972839
vt 0.56688 0.971233
vt 0.57469 0.971299
vt 0.397388 0.978784
vt 0.390958 0.986518
vt 0.390289 0.985945
vt 0.396006 0.977808
vt 0.318395 0.985391
vt 0.316714 0.985194
vt 0.317888 0.975321
vt 0.318768 0.975341
vt 0.318395 0.985391
vt 0.318768 0.992791
vt 0.313465 0.992288
vt 0.316714 0.985194
vt 0.963661 0.40284600000000004
vt 0.973441 0.400454
vt 0.974128 0.407332
vt 0.964141 0.4077839999999999
vt 0.964141 0.4077839999999999
vt 0.974128 0.407332
vt 0.973288 0.41346700000000003
vt 0.96352 0.412323
vt 0.96352 0.412323
vt 0.973288 0.41346700000000003
vt 0.970915 0.418894
vt 0.961828 0.41623199999999994
vt 0.981538 0.048734000000000055
vt 0.978989 0.04174599999999995
vt 0.98681 0.04178000000000004
vt 0.98681 0.04875700000000005
vt 0.973441 0.400454
vt 0.979487 0.397184
vt 0.980174 0.4040619999999999
vt 0.974128 0.407332
vt 0.967617 0.041556999999999955
vt 0.967617 0.03146800000000005
vt 0.972612 0.031577999999999995
vt 0.972612 0.04166599999999998
vt 0.972612 0.04166599999999998
vt 0.972612 0.031577999999999995
vt 0.978989 0.031657999999999964
vt 0.978989 0.04174599999999995
vt 0.978989 0.04174599999999995
vt 0.978989 0.031657999999999964
vt 0.98681 0.031691000000000025
vt 0.98681 0.04178000000000004
vt 0.584485 0.973612
vt 0.57469 0.971299
vt 0.575123 0.966353
vt 0.585107 0.966723
vt 0.585107 0.966723
vt 0.575123 0.966353
vt 0.574455 0.961814
vt 0.584205 0.960587
vt 0.584205 0.960587
vt 0.574455 0.961814
vt 0.57272 0.957912
vt 0.581771 0.955169
vt 0.978989 0.031657999999999964
vt 0.981538 0.02437800000000001
vt 0.98681 0.024401000000000006
vt 0.98681 0.031691000000000025
vt 0.57469 0.971299
vt 0.56688 0.971233
vt 0.567045 0.969035
vt 0.575123 0.966353
vt 0.575123 0.966353
vt 0.567045 0.969035
vt 0.566709 0.966753
vt 0.574455 0.961814
vt 0.574455 0.961814
vt 0.566709 0.966753
vt 0.565962 0.964996
vt 0.57272 0.957912
vt 0.57272 0.957912
vt 0.565962 0.964996
vt 0.565058 0.964083
vt 0.569787 0.955169
vt 0.396006 0.977808
vt 0.390958 0.986518
vt 0.390707 0.986467
vt 0.393952 0.977013
vt 0.393952 0.977013
vt 0.390707 0.986467
vt 0.390023 0.986364
vt 0.391673 0.976671
vt 0.391673 0.976671
vt 0.390023 0.986364
vt 0.389778 0.986341
vt 0.389778 0.976875
vt 0.634422 0.52934
vt 0.634422 0.53681
vt 0.633564 0.537005
vt 0.632795 0.529704
vt 0.63437 0.632653
vt 0.634371 0.642741
vt 0.634179 0.642736
vt 0.634179 0.632648
vt 0.634179 0.632648
vt 0.634179 0.642736
vt 0.633621 0.642724
vt 0.633621 0.632636
vt 0.633621 0.632636
vt 0.633621 0.642724
vt 0.63341 0.64272
vt 0.63341 0.632632
vt 0.318768 0.975341
vt 0.316714 0.985194
vt 0.314653 0.984414
vt 0.318548 0.975212
vt 0.318548 0.975212
vt 0.314653 0.984414
vt 0.312728 0.983145
vt 0.317969 0.97483
vt 0.317969 0.97483
vt 0.312728 0.983145
vt 0.311453 0.981726
vt 0.317772 0.974684
vt 0.311453 0.981726
vt 0.311009 0.980522
vt 0.317772 0.974684
vt 0.317892 0.975326
vt 0.316714 0.985194
vt 0.313465 0.992288
vt 0.308802 0.990588
vt 0.314653 0.984414
vt 0.314653 0.984414
vt 0.308802 0.990588
vt 0.304972 0.988064
vt 0.312728 0.983145
vt 0.312728 0.983145
vt 0.304972 0.988064
vt 0.302173 0.984844
vt 0.311453 0.981726
vt 0.311453 0.981726
vt 0.302173 0.984844
vt 0.300931 0.98103
vt 0.311009 0.980522
vt 0.641742 0.968096
vt 0.634608 0.960961
vt 0.634608 0.950871
vt 0.641742 0.943735
vt 0.980166 0.527301
vt 0.971298 0.532102
vt 0.968554 0.524696
vt 0.978331 0.5223
vt 0.971298 0.532102
vt 0.96526 0.53537
vt 0.962516 0.527965
vt 0.968554 0.524696
vt 0.480804 0.960383
vt 0.489711 0.965109
vt 0.487919 0.970126
vt 0.478124 0.967813
vt 0.489711 0.965109
vt 0.496256 0.968581
vt 0.495722 0.970187
vt 0.487919 0.970126
vt 0.748636 0.581838
vt 0.748636 0.57178
vt 0.749516 0.571793
vt 0.750323 0.581705
vt 0.180458 0.981856
vt 0.182139 0.982053
vt 0.180965 0.991926
vt 0.180085 0.991906
vt 0.180458 0.981856
vt 0.180085 0.974446
vt 0.185389 0.97495
vt 0.182139 0.982053
vt 0.978331 0.5223
vt 0.968554 0.524696
vt 0.967866 0.517817
vt 0.977851 0.517361
vt 0.977851 0.517361
vt 0.967866 0.517817
vt 0.968707 0.51168
vt 0.978473 0.51282
vt 0.978473 0.51282
vt 0.968707 0.51168
vt 0.971081 0.506249
vt 0.980166 0.50891
vt 0.972889 0.09751299999999996
vt 0.975437 0.10479300000000003
vt 0.967617 0.104827
vt 0.967617 0.09753599999999996
vt 0.968554 0.524696
vt 0.962516 0.527965
vt 0.961829 0.521086
vt 0.967866 0.517817
vt 0.98681 0.104603
vt 0.98681 0.11469200000000002
vt 0.981814 0.11480100000000004
vt 0.981814 0.10471300000000006
vt 0.981814 0.10471300000000006
vt 0.981814 0.11480100000000004
vt 0.975437 0.11488200000000004
vt 0.975437 0.10479300000000003
vt 0.975437 0.10479300000000003
vt 0.975437 0.11488200000000004
vt 0.967617 0.11491499999999999
vt 0.967617 0.104827
vt 0.478124 0.967813
vt 0.487919 0.970126
vt 0.487484 0.97507
vt 0.477498 0.974699
vt 0.477498 0.974699
vt 0.487484 0.97507
vt 0.488149 0.979608
vt 0.478396 0.980833
vt 0.478396 0.980833
vt 0.488149 0.979608
vt 0.48988 0.983507
vt 0.480824 0.986248
vt 0.975437 0.11488200000000004
vt 0.972889 0.12186799999999998
vt 0.967617 0.121892
vt 0.967617 0.11491499999999999
vt 0.487919 0.970126
vt 0.495722 0.970187
vt 0.495556 0.972385
vt 0.487484 0.97507
vt 0.487484 0.97507
vt 0.495556 0.972385
vt 0.49589 0.974665
vt 0.488149 0.979608
vt 0.488149 0.979608
vt 0.49589 0.974665
vt 0.496635 0.976422
vt 0.48988 0.983507
vt 0.48988 0.983507
vt 0.496635 0.976422
vt 0.497537 0.977334
vt 0.492808 0.986248
vt 0.750323 0.581705
vt 0.748636 0.57178
vt 0.748861 0.571659
vt 0.752411 0.581005
vt 0.752411 0.581005
vt 0.748861 0.571659
vt 0.749452 0.571301
vt 0.754381 0.579812
vt 0.754381 0.579812
vt 0.749452 0.571301
vt 0.749656 0.571163
vt 0.755708 0.578445
vt 0.755708 0.578445
vt 0.749512 0.571798
vt 0.749656 0.571163
vt 0.756195 0.577263
vt 0.633411 0.693288
vt 0.633411 0.6832
vt 0.633602 0.683195
vt 0.633602 0.693284
vt 0.633602 0.693284
vt 0.633602 0.683195
vt 0.63416 0.683183
vt 0.63416 0.693271
vt 0.63416 0.693271
vt 0.63416 0.683183
vt 0.634372 0.683179
vt 0.634372 0.693267
vt 0.180085 0.991906
vt 0.182139 0.982053
vt 0.1842 0.982834
vt 0.180305 0.992035
vt 0.180305 0.992035
vt 0.1842 0.982834
vt 0.186125 0.984105
vt 0.180884 0.992417
vt 0.180884 0.992417
vt 0.186125 0.984105
vt 0.1874 0.985526
vt 0.181082 0.992563
vt 0.632795 0.552335
vt 0.634422 0.552699
vt 0.633654 0.56
vt 0.632795 0.559805
vt 0.182139 0.982053
vt 0.185389 0.97495
vt 0.190052 0.976653
vt 0.1842 0.982834
vt 0.1842 0.982834
vt 0.190052 0.976653
vt 0.193881 0.979181
vt 0.186125 0.984105
vt 0.186125 0.984105
vt 0.193881 0.979181
vt 0.19668 0.982405
vt 0.1874 0.985526
vt 0.1874 0.985526
vt 0.19668 0.982405
vt 0.197922 0.986224
vt 0.187844 0.986731
vt 0.959701 0.641925
vt 0.966834 0.64906
vt 0.966834 0.659151
vt 0.959701 0.666286
vt 0.961828 0.4269609999999999
vt 0.970699 0.422164
vt 0.97344 0.42957
vt 0.963661 0.43196199999999996
vt 0.970699 0.422164
vt 0.976745 0.418894
vt 0.979487 0.4263
vt 0.97344 0.42957
vt 0.150547 0.981683
vt 0.14164 0.976958
vt 0.14343 0.971941
vt 0.153225 0.974253
vt 0.14164 0.976958
vt 0.135086 0.973481
vt 0.13562 0.971875
vt 0.14343 0.971941
vt 0.800723 0.978446
vt 0.794292 0.98618
vt 0.793624 0.985607
vt 0.79934 0.97747
vt 0.266796 0.985391
vt 0.265114 0.985194
vt 0.266288 0.975321
vt 0.267169 0.975341
vt 0.266796 0.985391
vt 0.267169 0.992791
vt 0.261865 0.992288
vt 0.265114 0.985194
vt 0.963661 0.43196199999999996
vt 0.97344 0.42957
vt 0.974128 0.43644799999999995
vt 0.964141 0.43690000000000007
vt 0.964141 0.43690000000000007
vt 0.974128 0.43644799999999995
vt 0.973288 0.44258299999999995
vt 0.96352 0.441439
vt 0.96352 0.441439
vt 0.973288 0.44258299999999995
vt 0.970915 0.44801099999999994
vt 0.961828 0.4453480000000001
vt 0.981538 0.17062500000000003
vt 0.978989 0.16363799999999995
vt 0.98681 0.163671
vt 0.98681 0.17064800000000002
vt 0.97344 0.42957
vt 0.979487 0.4263
vt 0.980174 0.43317800000000006
vt 0.974128 0.43644799999999995
vt 0.967617 0.16344800000000004
vt 0.967617 0.15335999999999994
vt 0.972612 0.15347
vt 0.972612 0.16355799999999998
vt 0.972612 0.16355799999999998
vt 0.972612 0.15347
vt 0.978989 0.15354999999999996
vt 0.978989 0.16363799999999995
vt 0.978989 0.16363799999999995
vt 0.978989 0.15354999999999996
vt 0.98681 0.15358300000000003
vt 0.98681 0.163671
vt 0.153225 0.974253
vt 0.14343 0.971941
vt 0.143863 0.966995
vt 0.153848 0.967365
vt 0.153848 0.967365
vt 0.143863 0.966995
vt 0.143195 0.962455
vt 0.152945 0.961229
vt 0.152945 0.961229
vt 0.143195 0.962455
vt 0.141461 0.958554
vt 0.150512 0.955811
vt 0.978989 0.15354999999999996
vt 0.981538 0.14627
vt 0.98681 0.146293
vt 0.98681 0.15358300000000003
vt 0.14343 0.971941
vt 0.13562 0.971875
vt 0.135785 0.969677
vt 0.143863 0.966995
vt 0.143863 0.966995
vt 0.135785 0.969677
vt 0.13545 0.967395
vt 0.143195 0.962455
vt 0.143195 0.962455
vt 0.13545 0.967395
vt 0.134703 0.965638
vt 0.141461 0.958554
vt 0.141461 0.958554
vt 0.134703 0.965638
vt 0.133799 0.964725
vt 0.138528 0.955811
vt 0.79934 0.97747
vt 0.794292 0.98618
vt 0.794042 0.986129
vt 0.797286 0.976675
vt 0.797286 0.976675
vt 0.794042 0.986129
vt 0.793357 0.986026
vt 0.795008 0.976333
vt 0.795008 0.976333
vt 0.793357 0.986026
vt 0.793113 0.986003
vt 0.793113 0.976537
vt 0.634422 0.57533
vt 0.634422 0.582801
vt 0.633563 0.582996
vt 0.632795 0.575695
vt 0.634372 0.662981
vt 0.634372 0.673069
vt 0.634181 0.673065
vt 0.634181 0.662976
vt 0.634181 0.662976
vt 0.634181 0.673065
vt 0.633623 0.673052
vt 0.633623 0.662964
vt 0.633623 0.662964
vt 0.633623 0.673052
vt 0.633411 0.673048
vt 0.633411 0.66296
vt 0.267169 0.975341
vt 0.265114 0.985194
vt 0.263054 0.984414
vt 0.266948 0.975212
vt 0.266948 0.975212
vt 0.263054 0.984414
vt 0.261129 0.983146
vt 0.26637 0.97483
vt 0.26637 0.97483
vt 0.261129 0.983146
vt 0.259853 0.981726
vt 0.266172 0.974685
vt 0.259853 0.981726
vt 0.25941 0.980523
vt 0.266172 0.974685
vt 0.266293 0.975326
vt 0.265114 0.985194
vt 0.261865 0.992288
vt 0.257202 0.990588
vt 0.263054 0.984414
vt 0.263054 0.984414
vt 0.257202 0.990588
vt 0.253373 0.988064
vt 0.261129 0.983146
vt 0.261129 0.983146
vt 0.253373 0.988064
vt 0.250574 0.984844
vt 0.259853 0.981726
vt 0.259853 0.981726
vt 0.250574 0.984844
vt 0.249332 0.98103
vt 0.25941 0.980523
vt 0.431368 0.951178
vt 0.438502 0.958313
vt 0.438502 0.968404
vt 0.431368 0.975539
vt 0.980166 0.556422
vt 0.971298 0.561223
vt 0.968554 0.553817
vt 0.978331 0.551421
vt 0.971298 0.561223
vt 0.96526 0.564491
vt 0.962516 0.557086
vt 0.968554 0.553817
vt 0.706815 0.960167
vt 0.715722 0.964893
vt 0.713931 0.96991
vt 0.704135 0.967596
vt 0.715722 0.964893
vt 0.722267 0.968365
vt 0.721733 0.969971
vt 0.713931 0.96991
vt 0.785554 0.987008
vt 0.785554 0.97695
vt 0.786434 0.976963
vt 0.787241 0.986875
vt 0.214032 0.982094
vt 0.215713 0.982291
vt 0.214539 0.992164
vt 0.213659 0.992144
vt 0.214032 0.982094
vt 0.213659 0.974685
vt 0.218963 0.975189
vt 0.215713 0.982291
vt 0.978331 0.551421
vt 0.968554 0.553817
vt 0.967866 0.546938
vt 0.977851 0.546482
vt 0.977851 0.546482
vt 0.967866 0.546938
vt 0.968706 0.540801
vt 0.978473 0.541942
vt 0.978473 0.541942
vt 0.968706 0.540801
vt 0.971081 0.53537
vt 0.980166 0.538031
vt 0.972889 0.121892
vt 0.975437 0.12917100000000004
vt 0.967617 0.12920500000000001
vt 0.967617 0.121915
vt 0.968554 0.553817
vt 0.962516 0.557086
vt 0.961828 0.550206
vt 0.967866 0.546938
vt 0.98681 0.12898200000000004
vt 0.98681 0.13907000000000003
vt 0.981814 0.13917999999999997
vt 0.981814 0.12909100000000007
vt 0.981814 0.12909100000000007
vt 0.981814 0.13917999999999997
vt 0.975437 0.13925999999999994
vt 0.975437 0.12917100000000004
vt 0.975437 0.12917100000000004
vt 0.975437 0.13925999999999994
vt 0.967617 0.139293
vt 0.967617 0.12920500000000001
vt 0.704135 0.967596
vt 0.713931 0.96991
vt 0.713495 0.974854
vt 0.703509 0.974483
vt 0.703509 0.974483
vt 0.713495 0.974854
vt 0.71416 0.979392
vt 0.704408 0.980617
vt 0.704408 0.980617
vt 0.71416 0.979392
vt 0.715891 0.983291
vt 0.706836 0.986031
vt 0.975437 0.13925999999999994
vt 0.972889 0.14624700000000002
vt 0.967617 0.14627
vt 0.967617 0.139293
vt 0.713931 0.96991
vt 0.721733 0.969971
vt 0.721567 0.972168
vt 0.713495 0.974854
vt 0.713495 0.974854
vt 0.721567 0.972168
vt 0.721901 0.974449
vt 0.71416 0.979392
vt 0.71416 0.979392
vt 0.721901 0.974449
vt 0.722646 0.976206
vt 0.715891 0.983291
vt 0.715891 0.983291
vt 0.722646 0.976206
vt 0.723549 0.977117
vt 0.71882 0.986031
vt 0.787241 0.986875
vt 0.785554 0.97695
vt 0.785779 0.976829
vt 0.789329 0.986175
vt 0.789329 0.986175
vt 0.785779 0.976829
vt 0.78637 0.976471
vt 0.791299 0.984982
vt 0.791299 0.984982
vt 0.78637 0.976471
vt 0.786574 0.976333
vt 0.792625 0.983616
vt 0.792625 0.983616
vt 0.78643 0.976968
vt 0.786574 0.976333
vt 0.793113 0.982433
vt 0.633411 0.66296
vt 0.633411 0.652872
vt 0.633602 0.652867
vt 0.633602 0.662955
vt 0.633602 0.662955
vt 0.633602 0.652867
vt 0.63416 0.652855
vt 0.63416 0.662943
vt 0.63416 0.662943
vt 0.63416 0.652855
vt 0.634372 0.652851
vt 0.634372 0.662939
vt 0.213659 0.992144
vt 0.215713 0.982291
vt 0.217774 0.983072
vt 0.21388 0.992273
vt 0.21388 0.992273
vt 0.217774 0.983072
vt 0.219699 0.984343
vt 0.214458 0.992655
vt 0.214458 0.992655
vt 0.219699 0.984343
vt 0.220974 0.985764
vt 0.214656 0.992801
vt 0.632795 0.54467
vt 0.634422 0.545034
vt 0.633654 0.552335
vt 0.632795 0.55214
vt 0.215713 0.982291
vt 0.218963 0.975189
vt 0.223626 0.976891
vt 0.217774 0.983072
vt 0.217774 0.983072
vt 0.223626 0.976891
vt 0.227455 0.979419
vt 0.219699 0.984343
vt 0.219699 0.984343
vt 0.227455 0.979419
vt 0.230254 0.982643
vt 0.220974 0.985764
vt 0.220974 0.985764
vt 0.230254 0.982643
vt 0.231496 0.986462
vt 0.221418 0.98697
vt 0.666097 0.968096
vt 0.658963 0.960961
vt 0.658963 0.95087
vt 0.666097 0.943735
vt 0.973824 0.646664
vt 0.982725 0.641925
vt 0.985488 0.649312
vt 0.975672 0.651652
vt 0.963386 0.258166
vt 0.97002 0.26148799999999994
vt 0.967439 0.26893999999999996
vt 0.960805 0.265618
vt 0.97002 0.26148799999999994
vt 0.979035 0.26600200000000007
vt 0.97731 0.2710330000000001
vt 0.967439 0.26893999999999996
vt 0.336605 0.974684
vt 0.343469 0.975041
vt 0.343643 0.976722
vt 0.337044 0.979986
vt 0.343469 0.975041
vt 0.353526 0.974684
vt 0.35354 0.975564
vt 0.343643 0.976722
vt 0.404998 0.978815
vt 0.406384 0.977849
vt 0.411967 0.986103
vt 0.411291 0.986667
vt 0.967764 0.64989
vt 0.973824 0.646664
vt 0.975672 0.651652
vt 0.968318 0.651486
vt 0.975672 0.651652
vt 0.985488 0.649312
vt 0.986297 0.656106
vt 0.97624 0.656529
vt 0.97624 0.656529
vt 0.986297 0.656106
vt 0.985645 0.662114
vt 0.975758 0.660974
vt 0.975758 0.660974
vt 0.985645 0.662114
vt 0.983528 0.667371
vt 0.97425 0.66476
vt 0.972285 0.667371
vt 0.974686 0.674506
vt 0.966834 0.674506
vt 0.966991 0.667371
vt 0.960805 0.265618
vt 0.967439 0.26893999999999996
vt 0.966792 0.275748
vt 0.960158 0.27242600000000006
vt 0.986246 0.674506
vt 0.986246 0.684597
vt 0.981142 0.684597
vt 0.981142 0.674506
vt 0.981142 0.674506
vt 0.981142 0.684597
vt 0.974686 0.684597
vt 0.974686 0.674506
vt 0.974686 0.674506
vt 0.974686 0.684597
vt 0.966834 0.684597
vt 0.966834 0.674506
vt 0.967439 0.26893999999999996
vt 0.97731 0.2710330000000001
vt 0.976859 0.27591999999999994
vt 0.966792 0.275748
vt 0.966792 0.275748
vt 0.976859 0.27591999999999994
vt 0.977443 0.280347
vt 0.967583 0.281732
vt 0.967583 0.281732
vt 0.977443 0.280347
vt 0.979035 0.28408900000000004
vt 0.969816 0.28692699999999993
vt 0.974686 0.684597
vt 0.972285 0.691732
vt 0.966991 0.691732
vt 0.966834 0.684597
vt 0.337044 0.979986
vt 0.343643 0.976722
vt 0.344356 0.97878
vt 0.338597 0.984644
vt 0.338597 0.984644
vt 0.344356 0.97878
vt 0.345523 0.980702
vt 0.340919 0.988467
vt 0.340919 0.988467
vt 0.345523 0.980702
vt 0.346834 0.981974
vt 0.343892 0.991259
vt 0.343892 0.991259
vt 0.346834 0.981974
vt 0.347948 0.982415
vt 0.347425 0.992492
vt 0.343643 0.976722
vt 0.353526 0.974684
vt 0.353645 0.974904
vt 0.344356 0.97878
vt 0.344356 0.97878
vt 0.353645 0.974904
vt 0.353995 0.975482
vt 0.345523 0.980702
vt 0.345523 0.980702
vt 0.353995 0.975482
vt 0.35413 0.975679
vt 0.346834 0.981974
vt 0.634402 0.605734
vt 0.634402 0.613096
vt 0.633551 0.613313
vt 0.632795 0.606143
vt 0.754726 0.514683
vt 0.754726 0.504592
vt 0.754912 0.504592
vt 0.754912 0.514683
vt 0.754912 0.514683
vt 0.754912 0.504592
vt 0.755458 0.504592
vt 0.755458 0.514683
vt 0.755458 0.514683
vt 0.755458 0.504592
vt 0.755665 0.504592
vt 0.755665 0.514683
vt 0.411291 0.986667
vt 0.406384 0.977849
vt 0.408407 0.977044
vt 0.411535 0.986613
vt 0.411535 0.986613
vt 0.408407 0.977044
vt 0.410622 0.976671
vt 0.412201 0.986501
vt 0.412201 0.986501
vt 0.410622 0.976671
vt 0.412438 0.97683
vt 0.412438 0.986473
vt 0.632795 0.598154
vt 0.634402 0.598563
vt 0.633646 0.605734
vt 0.632795 0.605517
vt 0.968318 0.651486
vt 0.975672 0.651652
vt 0.97624 0.656529
vt 0.968545 0.653652
vt 0.968545 0.653652
vt 0.97624 0.656529
vt 0.975758 0.660974
vt 0.968303 0.655886
vt 0.968303 0.655886
vt 0.975758 0.660974
vt 0.97425 0.66476
vt 0.967656 0.657593
vt 0.967656 0.657593
vt 0.97425 0.66476
vt 0.971576 0.667371
vt 0.966834 0.658463
vt 0.810691 0.959096
vt 0.817825 0.95196
vt 0.827913 0.95196
vt 0.835046 0.959096
vt 0.986089 0.691732
vt 0.986246 0.698867
vt 0.978396 0.698867
vt 0.980796 0.691732
vt 0.986246 0.698867
vt 0.986246 0.708958
vt 0.978396 0.708958
vt 0.978396 0.698867
vt 0.986246 0.708958
vt 0.986089 0.716093
vt 0.980796 0.716093
vt 0.978396 0.708958
vt 0.376252 0.99249
vt 0.375727 0.982413
vt 0.376843 0.981972
vt 0.379784 0.991257
vt 0.634404 0.583405
vt 0.633644 0.590575
vt 0.632795 0.590359
vt 0.632795 0.582996
vt 0.632795 0.590985
vt 0.634404 0.590575
vt 0.634404 0.597938
vt 0.633555 0.598154
vt 0.179124 0.976947
vt 0.174381 0.985853
vt 0.171708 0.983243
vt 0.178302 0.976075
vt 0.171708 0.983243
vt 0.16243 0.985853
vt 0.160313 0.980598
vt 0.1702 0.979458
vt 0.1702 0.979458
vt 0.160313 0.980598
vt 0.15966 0.974591
vt 0.169717 0.975013
vt 0.169717 0.975013
vt 0.15966 0.974591
vt 0.160468 0.967796
vt 0.170284 0.970136
vt 0.170284 0.970136
vt 0.160468 0.967796
vt 0.163232 0.960408
vt 0.172133 0.965148
vt 0.978396 0.698867
vt 0.978396 0.708958
vt 0.97194 0.708958
vt 0.97194 0.698867
vt 0.97194 0.698867
vt 0.97194 0.708958
vt 0.966834 0.708958
vt 0.966834 0.698867
vt 0.702196 0.957997
vt 0.695562 0.96132
vt 0.694915 0.954511
vt 0.701549 0.951189
vt 0.701549 0.951189
vt 0.694915 0.954511
vt 0.692333 0.947058
vt 0.698967 0.943735
vt 0.692538 0.972497
vt 0.683319 0.96966
vt 0.684911 0.965919
vt 0.694771 0.967304
vt 0.694771 0.967304
vt 0.684911 0.965919
vt 0.685496 0.961492
vt 0.695562 0.96132
vt 0.695562 0.96132
vt 0.685496 0.961492
vt 0.685045 0.956605
vt 0.694915 0.954511
vt 0.694915 0.954511
vt 0.685045 0.956605
vt 0.683319 0.951573
vt 0.692333 0.947058
vt 0.379784 0.991257
vt 0.376843 0.981972
vt 0.378153 0.9807
vt 0.382757 0.988467
vt 0.382757 0.988467
vt 0.378153 0.9807
vt 0.379321 0.978779
vt 0.38508 0.984645
vt 0.38508 0.984645
vt 0.379321 0.978779
vt 0.380034 0.976721
vt 0.386633 0.979986
vt 0.386633 0.979986
vt 0.380034 0.976721
vt 0.380208 0.975042
vt 0.387072 0.974684
vt 0.376843 0.981972
vt 0.369546 0.975678
vt 0.369682 0.97548
vt 0.378153 0.9807
vt 0.378153 0.9807
vt 0.369682 0.97548
vt 0.370033 0.974903
vt 0.379321 0.978779
vt 0.379321 0.978779
vt 0.370033 0.974903
vt 0.370151 0.974684
vt 0.380034 0.976721
vt 0.380034 0.976721
vt 0.370137 0.975567
vt 0.370151 0.974684
vt 0.380208 0.975042
vt 0.754187 0.41728
vt 0.754187 0.40718999999999994
vt 0.754396 0.40718999999999994
vt 0.754396 0.41728
vt 0.754396 0.41728
vt 0.754396 0.40718999999999994
vt 0.754942 0.40718999999999994
vt 0.754942 0.41728
vt 0.754942 0.41728
vt 0.754942 0.40718999999999994
vt 0.755128 0.40718999999999994
vt 0.755128 0.41728
vt 0.107002 0.986685
vt 0.107002 0.977042
vt 0.108818 0.976882
vt 0.10724 0.986712
vt 0.10724 0.986712
vt 0.108818 0.976882
vt 0.111032 0.977255
vt 0.107905 0.986824
vt 0.107905 0.986824
vt 0.111032 0.977255
vt 0.113055 0.97806
vt 0.108148 0.986877
vt 0.113055 0.97806
vt 0.114439 0.979025
vt 0.108148 0.986877
vt 0.10747 0.986311
vt 0.178302 0.976075
vt 0.171708 0.983243
vt 0.1702 0.979458
vt 0.177655 0.974369
vt 0.177655 0.974369
vt 0.1702 0.979458
vt 0.169717 0.975013
vt 0.177412 0.972134
vt 0.177412 0.972134
vt 0.169717 0.975013
vt 0.170284 0.970136
vt 0.177638 0.969969
vt 0.177638 0.969969
vt 0.170284 0.970136
vt 0.172133 0.965148
vt 0.178192 0.968375
vt 0.97971 0.24361199999999994
vt 0.97447 0.23647700000000005
vt 0.97447 0.226387
vt 0.97971 0.21925099999999997
vn 0 0 1
vn 0 0 -1
vn 1 0 0
vn -1 0 0
vn -1 0 0
vn 0 -1 0
vn 1 0 0
vn 0 -1 0
vn 0.707106781186547 0.707106781186548 0
vn 0 1 0
vn -0.7071067811865466 0.7071067811865485 0
vn -1 0 0
vn -0.7071067811865466 -0.7071067811865485 0
vn 0 -1 0
vn 0.707106781186547 -0.707106781186548 0
vn 0 0 1
vn 1 0 0
vn 0 0 -1
vn 0.7071164380150399 0 0.7070971242261719
vn 1 0 0
vn 0.7071067811865476 0 -0.7071067811865476
vn 0 0 -1
vn -0.7070971242261722 0 -0.7071164380150397
vn -1 0 0
vn 0 -1 0
vn -0.7071067811865478 0 0.7071067811865472
vn 0 1 0
vn 0 0 1
vn -0.7071067811865486 0.7071067811865465 0
vn -1 0 0
vn -0.7071067811865486 -0.7071067811865465 0
vn 0 -1 0
vn 0.7071067811865486 -0.7071067811865465 0
vn 1 0 0
vn 0.7071067811865486 0.7071067811865465 0
vn 0 1 0
vn 0 -0.7071067811865476 0.7071067811865476
vn 0 -1 0
vn 0 -0.7071067811865476 -0.7071067811865476
vn 0 0 -1
vn 0 0.7071067811865476 -0.7071067811865476
vn 0 1 0
vn 0 0.7071067811865476 0.7071067811865476
vn -1 0 0
vn 0 0 1
vn 1 0 0
vn 0.707106781186547 0.707106781186548 0
vn 0 1 0
vn -0.7071067811865467 0.7071067811865485 0
vn -1 0 0
vn -0.7071067811865467 -0.7071067811865485 0
vn 0 -1 0
vn 0.707106781186547 -0.707106781186548 0
vn 0 0 1
vn 1 0 0
vn 0 0 -1
vn 0.7071067811865477 0 0.7071067811865474
vn 1 0 0
vn 0.7071067811865478 0 -0.7071067811865472
vn 0 0 -1
vn -0.7071067811865478 0 -0.7071067811865472
vn -1 0 0
vn -0.7071067811865477 0 0.7071067811865474
vn 0 0 1
vn 0 1 0
vn 0 -0.7071067811865465 0.7071067811865486
vn 0 -1 0
vn 0 -0.7071067811865465 -0.7071067811865486
vn 0 0 -1
vn 0 0.7071067811865465 -0.7071067811865486
vn 0 1 0
vn 0 0.7071067811865465 0.7071067811865486
vn -1 0 0
vn 0 0 1
vn 0 -0.7071067811865465 0.7071067811865486
vn 0 -1 0
vn 0 -0.7071067811865465 -0.7071067811865486
vn 0 0 -1
vn 0 0.7071067811865465 -0.7071067811865486
vn 0 1 0
vn 0 0.7071067811865465 0.7071067811865486
vn 0 0 1
vn 1 0 0
vn 0 -0.7071067811865476 0.7071067811865476
vn 0 -1 0
vn 0 -0.7071067811865476 -0.7071067811865476
vn 0 0 -1
vn 0 0.7071067811865476 -0.7071067811865476
vn 0 1 0
vn 1 0 0
vn 0 0.7071067811865476 0.7071067811865476
vn 0 0 1
vn 0.7071067811865472 0 0.7071067811865478
vn 1 0 0
vn 0.7071067811865472 0 -0.7071067811865478
vn 0 0 -1
vn -0.7071067811865472 0 -0.7071067811865478
vn -1 0 0
vn -0.7071067811865472 0 0.7071067811865478
vn 0 0 1
vn -0.7071067811865465 0 0.7071067811865487
vn -1 0 0
vn -0.7071067811865465 0 -0.7071067811865487
vn 0 0 -1
vn 0.7071067811865465 0 -0.7071067811865487
vn 1 0 0
vn 0.7071067811865465 0 0.7071067811865487
vn 0 1 0
vn 0 0 1
vn 0 -1 0
vn 0 -0.7071067811865465 0.7071067811865487
vn 0 -1 0
vn 0 -0.7071067811865465 -0.7071067811865487
vn 0 0 -1
vn 0 0.7070971242261713 -0.7071164380150404
vn 0 1 0
vn 0 0.7071067811865465 0.7071067811865487
vn -1 0 0
vn 0 0 1
vn -0.7071067811865465 0 0.7071067811865487
vn -1 0 0
vn -0.7071067811865465 0 -0.7071067811865487
vn 0 0 -1
vn 0.7071067811865465 0 -0.7071067811865487
vn 1 0 0
vn 0.7071067811865465 0 0.7071067811865487
vn 0 1 0
vn 0 0 1
vn -0.700539555735051 0.7005395557350488 -0.1359730182833275
vn 0 0.981679136629583 -0.19054152488682544
vn 0.7002306072318978 0.7002306072318946 -0.13911934944967258
vn 1 0 0
vn 0.7053572809871176 -0.7053572809871143 0.07030086995852632
vn -0.6980001545965244 -0.6980001545965224 0.15997364897525798
vn -1 0 0
vn -0.7028814363528875 0.6176339060667154 -0.3528257990953517
vn -0.7041452002994717 0.502173539846299 -0.5019972836315495
vn -0.7037623179715491 0.35257823659266746 -0.616771584044302
vn -0.701735063308369 0.135833989232219 -0.6993690215421763
vn 0 0.8683084557894226 -0.4960246219741398
vn 0 0.7072308845979229 -0.7069826559901166
vn 0 0.4962846543320235 -0.8681598596310154
vn 0 0.1906607867954741 -0.9816559806666136
vn 0.7026943003849953 0.6166075998430887 -0.3549870251462544
vn 0.7041456154344691 0.5021777676646519 -0.501992471983156
vn 0.703929989656489 0.3545687405029915 -0.615437712461901
vn 0.7020065111867005 0.13886362494095536 -0.6985010751027766
vn 1 0 0
vn 1 0 0
vn 1 0 0
vn 1 0 0
vn 0.6826940690130686 -0.5447070019199619 0.48705553091382325
vn 0.7041532025325606 -0.5022550846595032 0.5019044702897296
vn 0.706096623949727 -0.4731154023911661 0.5268675105442002
vn 0.6943705323454111 -0.07160463256007063 0.7160463256007167
vn -0.000014397688905782268 -0.7454547406815851 0.6665562462298716
vn -0.00001365942128226644 -0.7072301962117726 0.7069833444853407
vn 0 -0.6684731638756417 0.7437362631861442
vn -0.7018260254595415 -0.612065814854709 0.36443884023784295
vn -0.7041374454983582 -0.5021698416680296 0.5020118603839484
vn -0.704587692520146 -0.36324016774023726 0.6096004954797697
vn -0.7036293151564845 -0.1589560588718138 0.6925595701456714
vn -1 0 0
vn -1 0 0
vn -1 0 0
vn -1 0 0
vn 0 0 1
vn -0.13597634494385116 0.70053923288268 0.7005392328826823
vn -0.1905461019709564 0.9816782482176499 0
vn -0.13914978052349347 0.7002275839254909 -0.700227583925493
vn 0 0 -1
vn 0.07028630055833238 -0.705367639901781 -0.7053483738786214
vn 0.15999397967893061 -0.6980073570913938 0.6979882921029444
vn 0 0 1
vn -0.35283647009062097 0.617619544098602 0.7028886996683226
vn -0.5020069787218477 0.5021832383406395 0.7041313715808086
vn -0.6167624922678796 0.35259188840081157 0.7037634463123696
vn -0.6993587318706728 0.13583537570275192 0.7017450497609063
vn -0.4960331998295571 0.8683035555995672 0
vn -0.7069964465361573 0.7072170984915381 0.00001365490664664834
vn -0.868148428039082 0.4963046512911912 0
vn -0.9816550913848529 0.1906653653871 0
vn -0.35495031385497205 0.6166157740464906 -0.702705672306197
vn -0.5019973203533628 0.5021826178244914 -0.704138699911448
vn -0.6154618536629429 0.3545564087270808 -0.703915094110312
vn -0.6984865532898339 0.13888655811570322 -0.7020164234888393
vn 0 0 -1
vn 0 0 -1
vn 0 0 -1
vn 0 0 -1
vn 0.48677439371887976 -0.5448892958261441 -0.6827491083214287
vn 0.5020074991282852 -0.5021827810763089 -0.7041313266780769
vn 0.5266554522237206 -0.4733600522746537 -0.7060908550275704
vn 0.716046325600717 -0.07160463256007057 -0.6943705323454108
vn 0.6662183864403978 -0.7457567040052357 0
vn 0.7069833445512952 -0.70723019627775 0
vn 0.7437362631861423 -0.6684731638756439 0
vn 0.3643929950883594 -0.6120880551516608 0.7018304338450938
vn 0.501983834019303 -0.5021944639716865 0.7041398658927582
vn 0.6095962341093991 -0.36323762853480807 0.7045926884207979
vn 0.6925804498394064 -0.15887991387574632 0.703625961336761
vn 0 0 1
vn 0 0 1
vn 0 0 1
vn 0 0 1
vn 1 0 0
vn -0.13597301828332792 0.7005395557350508 0.7005395557350488
vn -0.19054152488682546 0.981679136629583 0
vn -0.13914287225826316 0.7002187072955667 -0.700237833206009
vn 0 0 -1
vn 0.07030086995856051 -0.7053572809871126 -0.7053572809871158
vn 0.15989636633963342 -0.698018541130962 0.697999475837042
vn 0 0 1
vn -0.35282161552024593 0.617626582572117 0.7028899715616748
vn -0.5019972836315495 0.502173539846299 0.7041452002994718
vn -0.6167715840443029 0.35257823659266796 0.7037623179715479
vn -0.6993578260085981 0.13583181479506168 0.7017466418088565
vn -0.49602462197413977 0.8683084557894226 0
vn -0.7069826559901166 0.7072308845979228 0
vn -0.8681598596310154 0.4962846543320235 0
vn -0.9816559806666134 0.1906607867954748 0
vn -0.3549574037708272 0.6166018052174231 -0.702714348302985
vn -0.5019856735680246 0.502170966740087 -0.7041553121973755
vn -0.6154420456400799 0.3545449976844492 -0.7039381599794742
vn -0.6984752907530162 0.1388843186810768 -0.7020280722535124
vn 0 0 -1
vn 0 0 -1
vn 0 0 -1
vn 0 0 -1
vn 0.487049330555539 -0.5447000676417152 -0.6827040251210714
vn 0.501902521306655 -0.5022531343148922 -0.7041559828453422
vn 0.5268603356556446 -0.47310895949961207 -0.7061062945152209
vn 0.7160368956495233 -0.07160368956495237 -0.6943803537754216
vn 0.6661780226748798 -0.7457927608290306 0
vn 0.7069833444853433 -0.7072301962117751 0.000013659157466705166
vn 0.7437362631861083 -0.6684731638756818 0
vn 0.3644345643498111 -0.6120586336089046 0.7018345085075001
vn 0.5020118603839474 -0.5021698416680286 0.7041374454983595
vn 0.6096004954797688 -0.3632401677402367 0.7045876925201471
vn 0.692559570145671 -0.15895605887181427 0.7036293151564846
vn 0 0 1
vn 0 0 1
vn 0 0 1
vn 0 0 1
vn 1 0 0
vn -0.7005392328826816 -0.13597634494385247 0.7005392328826806
vn -0.9816782482176497 -0.19054610197095762 0
vn -0.7002369616395023 -0.1391516440702581 -0.7002178357528624
vn 0 0 -1
vn 0.705358054543342 0.07028534542608883 -0.7053580545433413
vn 0.6979887801104384 0.15998972155030272 0.6980078451122157
vn 0 0 1
vn -0.617625571542265 -0.3528210379654659 0.7028911498561223
vn -0.5021667389870115 -0.5019904851592695 0.704154897067905
vn -0.35257346687088964 -0.6167632402824058 0.7037720198295675
vn -0.13583216222447528 -0.6993596148198702 0.7017447918327765
vn -0.8683084557894221 -0.4960246219741409 0
vn -0.7072308845979252 -0.7069826559901143 0
vn -0.49628465433202296 -0.8681598596310157 0
vn -0.1906607867954709 -0.9816559806666142 0
vn -0.6166075998430893 -0.35498702514625824 -0.7026943003849929
vn -0.5021777676646539 -0.5019924719831564 -0.7041456154344673
vn -0.35456874050298975 -0.6154377124619033 -0.7039299896564879
vn -0.13888804838240787 -0.6984940481206322 -0.7020086714254875
vn 0 0 -1
vn 0 0 -1
vn 0 0 -1
vn 0 0 -1
vn 0.544904865154633 0.4867352764474422 -0.6827645703992288
vn 0.5022598791334004 0.5019093837536772 -0.7041462804793518
vn 0.4728429174989642 0.5271035801627307 -0.7061029607293114
vn 0.07160356291487996 0.7160356291486112 -0.6943816728339304
vn 0.7454547406815746 0.6665562462298895 0.000014397410832653895
vn 0.7073535467480878 0.7068599294788895 0
vn 0.668094437715112 0.7440764895453481 0
vn 0.61205758025226 0.3644339371557033 0.7018357527975768
vn 0.5021630410086141 0.5020050618640024 0.7041471423700447
vn 0.36330639638119033 0.6095539408975817 0.704593823053212
vn 0.15885829576192223 0.6925671396487904 0.7036439433025135
vn 0 0 1
vn 0 0 1
vn 0 0 1
vn 0 0 1
vn 0 1 0
vn -0.13596102822620518 -0.7005502864601754 -0.700531152015554
vn -0.19052252047959709 -0.9816828251477672 0
vn -0.13914978052349664 -0.7002275839254922 0.7002275839254911
vn 0 0 1
vn 0.0704401498301112 0.7053407002987572 0.7053599661123181
vn 0.15999185063026886 0.6979980686692127 -0.6979980686692127
vn 0 0 -1
vn -0.35283647009062097 -0.6176195440986019 -0.7028886996683227
vn -0.5020021303028271 -0.5021783882192931 -0.7041382872539288
vn -0.6167624922678786 -0.352591888400811 -0.7037634463123708
vn -0.6993596467923936 -0.13583216843429693 -0.701744758766929
vn -0.49604462920337844 -0.8682970262752734 0
vn -0.7069826559901151 -0.7072308845979244 0
vn -0.868148428039082 -0.4963046512911912 0
vn -0.9816559806666137 -0.1906607867954738 0
vn -0.3549661585412934 -0.6165976388907967 0.702713581770505
vn -0.501990515016806 -0.5021758197473385 0.7041483997668748
vn -0.6154408733814842 -0.35455544517411414 0.70393392280016
vn -0.6984752907530166 -0.13888431868107573 0.7020280722535122
vn 0 0 1
vn 0 0 1
vn 0 0 1
vn 0 0 1
vn 0.4867681959403888 0.5448823581087303 0.6827590638305789
vn 0.5020007007855551 0.5021759803598558 0.7041410236312251
vn 0.5266530883270893 0.47335792759483186 0.7060940425599589
vn 0.7160332691978972 0.07161917186931872 0.6943824966274169
vn 0.6662183864404397 0.7457567040051983 0
vn 0.7069833445512951 0.70723019627775 0
vn 0.743736263186113 0.6684731638756765 0
vn 0.36443884023784756 0.6120658148547058 -0.701826025459542
vn 0.5019886824276868 0.5021993144144388 -0.7041329500287447
vn 0.6095835288416942 0.3632651458099343 -0.7045894941060323
vn 0.6925857240329589 0.15886255857404677 -0.7036246885585025
vn 0 0 -1
vn 0 0 -1
vn 0 0 -1
vn 0 0 -1
vn 1 0 0
vn 0.1359610282262064 0.7005502864601738 -0.7005311520155555
vn 0.19052252047959925 0.9816828251477668 0
vn 0.13914978052349347 0.7002275839254903 0.7002275839254934
vn 0 0 1
vn -0.07028439028058767 -0.7053484690520576 0.7053677350778136
vn -0.1599918506302687 -0.6979980686692142 -0.6979980686692111
vn 0 0 -1
vn 0.35283647009062097 0.6176195440986019 -0.7028886996683228
vn 0.5020021303028297 0.5021783882192924 -0.7041382872539275
vn 0.6167715840443033 0.3525782365926677 -0.7037623179715476
vn 0.6993690215421773 0.13583398923222118 -0.7017350633083674
vn 0.4960446292033784 0.8682970262752734 0
vn 0.7069826559901174 0.707230884597922 0
vn 0.8681598596310157 0.49628465433202296 0
vn 0.9816559806666132 0.1906607867954768 0
vn 0.35496615854128943 0.6165976388907979 0.7027135817705058
vn 0.5019905150168075 0.502175819747338 0.7041483997668742
vn 0.6154408733814851 0.3545554451741142 0.7039339228001592
vn 0.6984846458394729 0.13888617883966276 0.7020183963784877
vn 0 0 1
vn 0 0 1
vn 0 0 1
vn 0 0 1
vn -0.48672907888629474 -0.5448979269247547 0.6827745257400895
vn -0.5019025864509576 -0.5022530770839636 0.7041559772334033
vn -0.5268838884820065 -0.4730806579194518 0.7061076824115279
vn -0.7160235450658989 -0.07161819924091967 0.6943926241318745
vn -0.666556246229879 -0.7454547406815839 -0.00001439741083145525
vn -0.706859929478887 -0.7073535467480904 0
vn -0.7440764895453749 -0.6680944377150821 0
vn -0.36443884023784223 -0.6120658148547082 -0.7018260254595425
vn -0.5019838360528112 -0.502194466006043 -0.7041398629921543
vn -0.6095835288416965 -0.36326514580993363 -0.7045894941060306
vn -0.6925765054991362 -0.15886044406342437 -0.703634239745748
vn 0 0 -1
vn 0 0 -1
vn 0 0 -1
vn 0 0 -1
vn -1 0 0
vn 0.13597301828333033 -0.7005395557350496 0.7005395557350496
vn 0.19054152488682904 -0.9816791366295823 0
vn 0.13914287225826372 -0.7002187072955656 -0.7002378332060099
vn 0 0 -1
vn -0.0703018252996845 0.7053668663140148 -0.7053476003119876
vn -0.1598963663396347 0.6980185411309618 0.6979994758370418
vn 0 0 1
vn 0.3528364700906179 -0.617619544098604 0.7028886996683225
vn 0.5019917056241531 -0.5021875513270352 0.7041391842361212
vn 0.6167726012721956 -0.35256804311461504 0.7037665332297781
vn 0.6993587318706722 -0.13583537570275248 0.7017450497609066
vn 0.4960446292033741 -0.868297026275276 0
vn 0.706968860267275 -0.7072446752096407 0
vn 0.8681663942432538 -0.49627322304015886 0
vn 0.9816550913848527 -0.190665365387101 0
vn 0.3549574037708276 -0.6166018052174235 -0.7027143483029845
vn 0.5019905220061031 -0.5021758169678247 -0.7041483967664331
vn 0.6154420456400801 -0.3545449976844486 -0.7039381599794744
vn 0.6984771509019111 -0.13888468855172945 -0.7020261483405288
vn 0 0 -1
vn 0 0 -1
vn 0 0 -1
vn 0 0 -1
vn -0.4870555309137651 0.5447070019199988 -0.6826940690130808
vn -0.5020026524012602 0.5021779326569722 -0.7041382399319535
vn -0.5266554522237206 0.4733600522746537 -0.7060908550275704
vn -0.7160463256007217 0.07160463256005849 -0.6943705323454074
vn -0.6665562462988877 0.7454547407589119 0
vn -0.706983344551308 0.7072301962777371 0
vn -0.7437362631861423 0.6684731638756439 0
vn -0.36443456434981036 0.6120586336089041 0.7018345085075008
vn -0.5020070120053016 0.5021649917636151 0.7041443608696711
vn -0.6095962341094029 0.3632376285348023 0.7045926884207976
vn -0.6925574544458835 0.15895557327705326 0.7036315072647056
vn 0 0 1
vn 0 0 1
vn 0 0 1
vn 0 0 1
vn -1 0 0
vn 0.13595920577901024 0.7005408961523728 -0.7005408961523739
vn 0.19052252047959667 0.9816828251477674 0
vn 0.1391516440702551 0.7002369616395016 0.7002178357528638
vn 0 0 1
vn -0.0704411070712313 -0.705350285473317 0.705350285473317
vn -0.15998972155029714 -0.6979887801104386 -0.6980078451122166
vn 0 0 -1
vn 0.35283170871833486 0.6176112095957093 -0.7028984130759046
vn 0.5019953318983998 0.5021715874278754 -0.704147984114407
vn 0.6167632402824054 0.3525734668708895 -0.7037720198295678
vn 0.699358699882013 0.13583536948964506 -0.7017450828434441
vn 0.4960446292033784 0.8682970262752734 0
vn 0.7069826559901174 0.707230884597922 0
vn 0.8681598596310157 0.49628465433202296 0
vn 0.9816550913848524 0.190665365387102 0
vn 0.35497094619849345 0.6166059553402817 0.7027038659306243
vn 0.5019973133640282 0.5021826206041 0.7041387029119309
vn 0.6154419080420078 0.35457115767945924 0.7039251039474733
vn 0.698495908267222 0.13888841825259682 0.7020067474100521
vn 0 0 1
vn 0 0 1
vn 0 0 1
vn 0 0 1
vn -0.4867743937189079 -0.5448892958261278 0.6827491083214217
vn -0.5020074991282748 -0.5021827810763192 0.7041313266780772
vn -0.5266554522236983 -0.47336005227468264 0.7060908550275677
vn -0.716010062573581 -0.07175941556324379 0.6943919473693502
vn -0.6662183864404305 -0.7457567040052064 0
vn -0.7069833445512805 -0.7072301962777645 0
vn -0.7437362631861083 -0.6684731638756818 0
vn -0.3644339371557066 -0.6120575802522581 -0.7018357527975766
vn -0.501953847514663 -0.5022171468471783 -0.7041450648679619
vn -0.6095879679448574 -0.36323270300896937 -0.704602379219413
vn -0.6925710841561005 -0.15887776536150444 -0.7036356650032588
vn 0 0 -1
vn 0 0 -1
vn 0 0 -1
vn 0 0 -1
vn -1 0 0
vn 0.13597634494385116 -0.7005392328826813 0.7005392328826813
vn 0.190546101970956 -0.9816782482176502 0
vn 0.13914978052349658 -0.7002275839254916 -0.7002275839254916
vn 0 0 -1
vn -0.07030182529967062 0.7053668663140165 -0.7053476003119873
vn -0.1598963663396306 0.6980185411309638 0.6979994758370407
vn 0 0 1
vn 0.35282798421741635 -0.6176235649474274 0.7028894262789173
vn 0.5020021283449707 -0.5021783931372275 0.7041382851423659
vn 0.6167583121158235 -0.3525894986839805 0.7037683069404446
vn 0.6993578260085974 -0.1358318147950626 0.7017466418088569
vn 0.49603319982955696 -0.8683035555995673 0
vn 0.7069826511479539 -0.7072308894383861 0
vn 0.8681484280390832 -0.496304651291189 0
vn 0.9816559806666132 -0.19066078679547624 0
vn 0.35495031385497033 -0.6166157740464908 -0.7027056723061977
vn 0.5020114081686612 -0.5021702390297116 -0.7041374845165965
vn 0.6154377124619027 -0.3545687405029896 -0.7039299896564886
vn 0.6984846931674338 -0.1388861882503197 -0.7020183474269692
vn 0 0 -1
vn 0 0 -1
vn 0 0 -1
vn 0 0 -1
vn -0.4870555309138492 0.544707001919948 -0.6826940690130611
vn -0.5019141635889326 0.5022647847300864 -0.7041393742781767
vn -0.5268675105441523 0.47311540239122246 -0.7060966239497252
vn -0.7160463256007197 0.07160463256005482 -0.6943705323454099
vn -0.6665562462989837 0.745454740758826 0
vn -0.7068598432726347 0.7073536328941744 0
vn -0.7440417735306889 0.6681330999443952 0
vn -0.3644618620525892 0.6120453902627672 0.7018318825525501
vn -0.5019838340193055 0.5021944639716839 0.7041398658927582
vn -0.609600495479765 0.36324016774024204 0.7045876925201474
vn -0.6925804498394069 0.15887991387574094 0.7036259613367617
vn 0 0 1
vn 0 0 1
vn 0 0 1
vn 0 0 1
vn -1 0 0
vn -0.13597301828332775 -0.7005395557350496 0.7005395557350501
vn -0.19054152488682546 0 0.981679136629583
vn -0.13914791694980613 0.7002373319727245 0.7002182060759706
vn 0 1 0
vn 0.07030086995853484 0.7053572809871155 -0.7053572809871155
vn 0.15997577779441716 -0.6979903780565558 -0.6980094431019809
vn 0 -1 0
vn -0.3528340800316904 -0.7028935755261717 0.6176153604406426
vn -0.501991705624154 -0.7041391842361205 0.5021875513270351
vn -0.6167726012721964 -0.7037665332297774 0.3525680431146147
vn -0.699358731870673 -0.701745049760906 0.13583537570275178
vn -0.49604462920337733 0 0.868297026275274
vn -0.7069688602672758 0 0.70724467520964
vn -0.8681663942432544 0 0.4962732230401582
vn -0.9816550913848529 0 0.19066536538709974
vn -0.3549431082646494 0.702720295620741 0.6166032565743778
vn -0.5019905220061043 0.7041483967664328 0.502175816967824
vn -0.61544204564008 0.7039381599794742 0.3545449976844492
vn -0.6984771509019116 0.7020261483405282 0.13888468855172909
vn 0 1 0
vn 0 1 0
vn 0 1 0
vn 0 1 0
vn 0.4870542776834161 0.6826960813860127 -0.5447056003479942
vn 0.5019958539906636 0.704147936793064 -0.5021711318726471
vn 0.5266482803402047 0.7061005256711765 -0.4733536061567435
vn 0.7160368956495227 0.6943803537754222 -0.07160368956495408
vn 0.666556246298958 0 -0.745454740758849
vn 0.7069833445512951 0 -0.70723019627775
vn 0.7437362631861253 0 -0.6684731638756628
vn 0.36439299508835976 -0.701830433845093 -0.6120880551516613
vn 0.5020070120052997 -0.704144360869671 -0.502164991763617
vn 0.6095962341093984 -0.7045926884207976 -0.3632376285348096
vn 0.6925804498394071 -0.7036259613367606 -0.15887991387574446
vn 0 -1 0
vn 0 -1 0
vn 0 -1 0
vn 0 -1 0
vn 1 0 0
vn 0.7005502864601738 -0.7005311520155556 0.13596102822620584
vn 0.981682825147767 0 0.19052252047959845
vn 0.7002369616395029 0.700217835752862 0.13915164407025668
vn 0 1 0
vn -0.7053580545433419 0.7053580545433408 -0.07028534542609507
vn -0.6979980686692101 -0.6979980686692133 -0.1599918506302768
vn 0 -1 0
vn 0.6176195440986024 -0.7028886996683231 0.3528364700906192
vn 0.502178388219291 -0.7041382872539304 0.5020021303028271
vn 0.35257823659266757 -0.7037623179715494 0.6167715840443015
vn 0.13583398923221915 -0.7017350633083701 0.6993690215421751
vn 0.8682970262752746 0 0.4960446292033763
vn 0.7072308845979229 0 0.7069826559901166
vn 0.49628465433202407 0 0.868159859631015
vn 0.1906607867954747 0 0.9816559806666135
vn 0.6166059553402827 0.7027038659306216 0.35497094619849706
vn 0.5021702374957325 0.7041374867038845 0.5020114066351644
vn 0.35456874050299236 0.7039299896564871 0.6154377124619027
vn 0.13888804838240804 0.7020086714254858 0.6984940481206338
vn 0 1 0
vn 0 1 0
vn 0 1 0
vn 0 1 0
vn -0.5449048651546439 0.6827645703992309 -0.486735276447427
vn -0.5022598791333943 0.704146280479349 -0.5019093837536872
vn -0.47308710045096125 0.706098011864826 -0.5268910637194771
vn -0.07161914246046919 0.6943828028515084 -0.7160329751745448
vn -0.7454547406815977 -0.000014397688903384812 -0.6665562462298577
vn -0.7073535467480767 0 -0.7068599294789008
vn -0.6680944377150675 0 -0.744076489545388
vn -0.6120658148547073 -0.7018260254595439 -0.36443884023784157
vn -0.5021944660060433 -0.7041398629921557 -0.5019838360528088
vn -0.3632651458099324 -0.7045894941060334 -0.609583528841694
vn -0.1588604440634252 -0.7036342397457501 -0.6925765054991337
vn 0 -1 0
vn 0 -1 0
vn 0 -1 0
vn 0 -1 0
vn 0 0 -1

f 811/2459/619 812/2460/619 813/2461/619 814/2462/619
f 815/2463/620 816/2464/620 817/2465/620 818/2466/620
f 819/2467/621 820/2468/621 821/2469/621 822/2470/621
f 823/2471/622 824/2472/622 825/2473/622 826/2474/622
f 827/2475/623 828/2476/623 829/2477/623 830/2478/623
f 831/2479/624 832/2480/624 833/2481/624 834/2482/624
f 835/2483/625 836/2484/625 837/2485/625 838/2486/625
f 839/2487/626 840/2488/626 841/2489/626 842/2490/626
usemtl texture0
f 843/2491/627 844/2492/627 845/2493/627 846/2494/627
f 844/2495/628 847/2496/628 848/2497/628 845/2498/628
f 847/2499/629 849/2500/629 850/2501/629 848/2502/629
f 849/2503/630 851/2504/630 852/2505/630 850/2506/630
f 851/2507/631 853/2508/631 854/2509/631 852/2510/631
f 853/2511/632 855/2512/632 856/2513/632 854/2514/632
f 855/2515/633 857/2516/633 858/2517/633 856/2518/633
f 846/2519/634 845/2520/634 848/2521/634 850/2522/634
f 857/2523/635 843/2524/635 846/2525/635 858/2526/635
f 843/2527/636 857/2528/636 855/2529/636 853/2530/636
f 859/2531/637 860/2532/637 861/2533/637 862/2534/637
f 860/2535/638 863/2536/638 864/2537/638 861/2538/638
f 863/2539/639 865/2540/639 866/2541/639 864/2542/639
f 865/2543/640 867/2544/640 868/2545/640 866/2546/640
f 867/2547/641 869/2548/641 870/2549/641 868/2550/641
f 869/2551/642 871/2552/642 872/2553/642 870/2554/642
f 859/2555/643 873/2556/643 871/2557/643 869/2558/643
f 871/2559/644 873/2560/644 874/2561/644 872/2562/644
f 862/2563/645 861/2564/645 864/2565/645 866/2566/645
f 873/2567/646 859/2568/646 862/2569/646 874/2570/646
f 875/2571/647 812/2572/647 811/2573/647 815/2574/647
f 876/2575/648 813/2576/648 812/2577/648 875/2578/648
f 877/2579/649 814/2580/649 813/2581/649 876/2582/649
f 878/2583/650 879/2584/650 814/2585/650 877/2586/650
f 818/2587/651 880/2588/651 879/2589/651 878/2590/651
f 817/2591/652 881/2592/652 880/2593/652 818/2594/652
f 816/2595/653 882/2596/653 881/2597/653 817/2598/653
f 815/2599/654 811/2600/654 882/2601/654 816/2602/654
f 883/2603/655 884/2604/655 885/2605/655 886/2606/655
f 887/2607/656 888/2608/656 884/2609/656 883/2610/656
f 889/2611/657 890/2612/657 888/2613/657 887/2614/657
f 891/2615/658 892/2616/658 890/2617/658 889/2618/658
f 893/2619/659 894/2620/659 892/2621/659 891/2622/659
f 895/2623/660 896/2624/660 894/2625/660 893/2626/660
f 897/2627/661 898/2628/661 896/2629/661 895/2630/661
f 886/2631/662 897/2632/662 895/2633/662 893/2634/662
f 886/2635/663 885/2636/663 898/2637/663 897/2638/663
f 885/2639/664 884/2640/664 888/2641/664 890/2642/664
f 899/2643/665 900/2644/665 901/2645/665 902/2646/665
f 900/2647/666 903/2648/666 904/2649/666 901/2650/666
f 903/2651/667 905/2652/667 906/2653/667 904/2654/667
f 905/2655/668 907/2656/668 908/2657/668 906/2658/668
f 907/2659/669 909/2660/669 910/2661/669 908/2662/669
f 909/2663/670 911/2664/670 912/2665/670 910/2666/670
f 911/2667/671 913/2668/671 914/2669/671 912/2670/671
f 902/2671/672 901/2672/672 904/2673/672 906/2674/672
f 913/2675/673 899/2676/673 902/2677/673 914/2678/673
f 899/2679/674 913/2680/674 911/2681/674 909/2682/674
f 915/2683/675 916/2684/675 917/2685/675 918/2686/675
f 916/2687/676 919/2688/676 920/2689/676 917/2690/676
f 919/2691/677 921/2692/677 922/2693/677 920/2694/677
f 921/2695/678 923/2696/678 924/2697/678 922/2698/678
f 923/2699/679 925/2700/679 926/2701/679 924/2702/679
f 925/2703/680 927/2704/680 928/2705/680 926/2706/680
f 927/2707/681 929/2708/681 930/2709/681 928/2710/681
f 929/2711/682 915/2712/682 918/2713/682 930/2714/682
f 918/2715/683 917/2716/683 920/2717/683 922/2718/683
f 931/2719/684 820/2720/684 819/2721/684 932/2722/684
f 933/2723/685 821/2724/685 820/2725/685 931/2726/685
f 934/2727/686 822/2728/686 821/2729/686 933/2730/686
f 935/2731/687 936/2732/687 822/2733/687 934/2734/687
f 937/2735/688 938/2736/688 936/2737/688 935/2738/688
f 939/2739/689 940/2740/689 938/2741/689 937/2742/689
f 941/2743/690 942/2744/690 940/2745/690 939/2746/690
f 932/2747/691 941/2748/691 939/2749/691 937/2750/691
f 932/2751/692 819/2752/692 942/2753/692 941/2754/692
f 943/2755/693 944/2756/693 945/2757/693 823/2758/693
f 946/2759/694 947/2760/694 944/2761/694 943/2762/694
f 948/2763/695 949/2764/695 947/2765/695 946/2766/695
f 950/2767/696 951/2768/696 949/2769/696 948/2770/696
f 826/2771/697 952/2772/697 951/2773/697 950/2774/697
f 825/2775/698 953/2776/698 952/2777/698 826/2778/698
f 824/2779/699 954/2780/699 953/2781/699 825/2782/699
f 823/2783/700 945/2784/700 954/2785/700 824/2786/700
f 945/2787/701 944/2788/701 947/2789/701 949/2790/701
f 955/2791/702 956/2792/702 957/2793/702 827/2794/702
f 958/2795/703 959/2796/703 956/2797/703 955/2798/703
f 960/2799/704 961/2800/704 959/2801/704 958/2802/704
f 962/2803/705 963/2804/705 961/2805/705 960/2806/705
f 830/2807/706 964/2808/706 963/2809/706 962/2810/706
f 829/2811/707 965/2812/707 964/2813/707 830/2814/707
f 957/2815/708 956/2816/708 959/2817/708 961/2818/708
f 828/2819/709 966/2820/709 965/2821/709 829/2822/709
f 827/2823/710 957/2824/710 966/2825/710 828/2826/710
f 831/2827/711 967/2828/711 968/2829/711 969/2830/711
f 967/2831/712 970/2832/712 971/2833/712 968/2834/712
f 970/2835/713 972/2836/713 973/2837/713 971/2838/713
f 972/2839/714 974/2840/714 975/2841/714 973/2842/714
f 974/2843/715 834/2844/715 976/2845/715 975/2846/715
f 834/2847/716 833/2848/716 977/2849/716 976/2850/716
f 833/2851/717 832/2852/717 978/2853/717 977/2854/717
f 832/2855/718 831/2856/718 969/2857/718 978/2858/718
f 979/2859/719 980/2860/719 981/2861/719 982/2862/719
f 983/2863/720 984/2864/720 980/2865/720 979/2866/720
f 985/2867/721 986/2868/721 984/2869/721 983/2870/721
f 987/2871/722 988/2872/722 986/2873/722 985/2874/722
f 989/2875/723 990/2876/723 988/2877/723 987/2878/723
f 991/2879/724 992/2880/724 990/2881/724 989/2882/724
f 993/2883/725 994/2884/725 992/2885/725 991/2886/725
f 982/2887/726 993/2888/726 991/2889/726 989/2890/726
f 982/2891/727 981/2892/727 994/2893/727 993/2894/727
f 981/2895/728 980/2896/728 984/2897/728 986/2898/728
f 995/2899/729 836/2900/729 835/2901/729 996/2902/729
f 997/2903/730 837/2904/730 836/2905/730 995/2906/730
f 998/2907/731 838/2908/731 837/2909/731 997/2910/731
f 999/2911/732 1000/2912/732 838/2913/732 998/2914/732
f 1001/2915/733 1002/2916/733 1000/2917/733 999/2918/733
f 1003/2919/734 1004/2920/734 1002/2921/734 1001/2922/734
f 1005/2923/735 1006/2924/735 1004/2925/735 1003/2926/735
f 996/2927/736 1005/2928/736 1003/2929/736 1001/2930/736
f 996/2931/737 835/2932/737 1006/2933/737 1005/2934/737
f 1007/2935/738 840/2936/738 839/2937/738 1008/2938/738
f 1009/2939/739 841/2940/739 840/2941/739 1007/2942/739
f 1010/2943/740 842/2944/740 841/2945/740 1009/2946/740
f 1011/2947/741 1012/2948/741 842/2949/741 1010/2950/741
f 1013/2951/742 1014/2952/742 1012/2953/742 1011/2954/742
f 1015/2955/743 1016/2956/743 1014/2957/743 1013/2958/743
f 1017/2959/744 1018/2960/744 1016/2961/744 1015/2962/744
f 1008/2963/745 1017/2964/745 1015/2965/745 1013/2966/745
f 1008/2967/746 839/2968/746 1018/2969/746 1017/2970/746
f 1019/2971/747 1020/2972/747 1021/2973/747 1022/2974/747
f 1020/2975/748 1023/2976/748 1024/2977/748 1021/2978/748
f 1023/2979/749 1025/2980/749 1026/2981/749 1024/2982/749
f 1025/2983/750 1027/2984/750 1028/2985/750 1026/2986/750
f 1027/2987/751 1030/2988/751 1029/2989/751 1028/2990/751
f 1032/2991/752 1033/2992/752 1031/2993/752 1034/2994/752
f 1032/2995/753 1019/2996/753 1022/2997/753 1033/2998/753
f 1022/2999/754 1021/3000/754 1035/3001/754 1036/3002/754
f 1036/3003/755 1035/3004/755 1037/3005/755 1038/3006/755
f 1038/3007/756 1037/3008/756 1039/3009/756 1040/3010/756
f 1040/3011/757 1039/3012/757 1041/3013/757 1042/3014/757
f 1021/3015/758 1024/3016/758 1043/3017/758 1035/3018/758
f 1035/3019/759 1043/3020/759 1044/3021/759 1037/3022/759
f 1037/3023/760 1044/3024/760 1045/3025/760 1039/3026/760
f 1039/3027/761 1045/3028/761 1046/3029/761 1041/3030/761
f 1024/3031/762 1026/3032/762 1047/3033/762 1043/3034/762
f 1043/3035/763 1047/3036/763 1048/3037/763 1044/3038/763
f 1044/3039/764 1048/3040/764 1049/3041/764 1045/3042/764
f 1045/3043/765 1049/3044/765 1050/3045/765 1046/3046/765
f 1026/3047/766 1028/3048/766 1051/3049/766 1047/3050/766
f 1047/3051/767 1051/3052/767 1052/3053/767 1048/3054/767
f 1048/3055/768 1052/3056/768 1053/3057/768 1049/3058/768
f 1049/3059/769 1053/3060/769 1054/3061/769 1050/3062/769
f 1028/3063/770 1030/3064/770 1055/3065/770 1051/3066/770
f 1051/3067/771 1055/3068/771 1056/3069/771 1052/3070/771
f 1052/3071/772 1056/3072/772 1057/3073/772 1053/3074/772
f 1053/3075/773 1058/3076/773 1057/3077/773 1054/3078/773
f 1030/3079/774 1034/3080/774 1059/3081/774 1055/3082/774
f 1055/3083/775 1059/3084/775 1060/3085/775 1056/3086/775
f 1056/3087/776 1060/3088/776 1061/3089/776 1057/3090/776
f 1034/3091/777 1033/3092/777 1062/3093/777 1059/3094/777
f 1059/3095/778 1062/3096/778 1063/3097/778 1060/3098/778
f 1060/3099/779 1063/3100/779 1064/3101/779 1061/3102/779
f 1064/3103/780 1065/3104/780 1061/3105/780 1066/3106/780
f 1033/3107/781 1022/3108/781 1036/3109/781 1062/3110/781
f 1062/3111/782 1036/3112/782 1038/3113/782 1063/3114/782
f 1063/3115/783 1038/3116/783 1040/3117/783 1064/3118/783
f 1064/3119/784 1040/3120/784 1042/3121/784 1065/3122/784
f 1020/3123/785 1019/3124/785 1032/3125/785 1031/3126/785
f 1067/3127/786 1068/3128/786 1069/3129/786 1070/3130/786
f 1068/3131/787 1071/3132/787 1072/3133/787 1069/3134/787
f 1071/3135/788 1073/3136/788 1074/3137/788 1072/3138/788
f 1073/3139/789 1075/3140/789 1076/3141/789 1074/3142/789
f 1075/3143/790 1078/3144/790 1077/3145/790 1076/3146/790
f 1080/3147/791 1081/3148/791 1079/3149/791 1082/3150/791
f 1080/3151/792 1067/3152/792 1070/3153/792 1081/3154/792
f 1070/3155/793 1069/3156/793 1083/3157/793 1084/3158/793
f 1084/3159/794 1083/3160/794 1085/3161/794 1086/3162/794
f 1086/3163/795 1085/3164/795 1087/3165/795 1088/3166/795
f 1088/3167/796 1087/3168/796 1089/3169/796 1090/3170/796
f 1069/3171/797 1072/3172/797 1091/3173/797 1083/3174/797
f 1083/3175/798 1091/3176/798 1092/3177/798 1085/3178/798
f 1085/3179/799 1092/3180/799 1093/3181/799 1087/3182/799
f 1087/3183/800 1093/3184/800 1094/3185/800 1089/3186/800
f 1072/3187/801 1074/3188/801 1095/3189/801 1091/3190/801
f 1091/3191/802 1095/3192/802 1096/3193/802 1092/3194/802
f 1092/3195/803 1096/3196/803 1097/3197/803 1093/3198/803
f 1093/3199/804 1097/3200/804 1098/3201/804 1094/3202/804
f 1074/3203/805 1076/3204/805 1099/3205/805 1095/3206/805
f 1095/3207/806 1099/3208/806 1100/3209/806 1096/3210/806
f 1096/3211/807 1100/3212/807 1101/3213/807 1097/3214/807
f 1097/3215/808 1101/3216/808 1102/3217/808 1098/3218/808
f 1076/3219/809 1078/3220/809 1103/3221/809 1099/3222/809
f 1099/3223/810 1103/3224/810 1104/3225/810 1100/3226/810
f 1100/3227/811 1104/3228/811 1105/3229/811 1101/3230/811
f 1101/3231/812 1106/3232/812 1105/3233/812 1102/3234/812
f 1078/3235/813 1082/3236/813 1107/3237/813 1103/3238/813
f 1103/3239/814 1107/3240/814 1108/3241/814 1104/3242/814
f 1104/3243/815 1108/3244/815 1109/3245/815 1105/3246/815
f 1082/3247/816 1081/3248/816 1110/3249/816 1107/3250/816
f 1107/3251/817 1110/3252/817 1111/3253/817 1108/3254/817
f 1108/3255/818 1111/3256/818 1112/3257/818 1109/3258/818
f 1112/3259/819 1113/3260/819 1109/3261/819 1114/3262/819
f 1081/3263/820 1070/3264/820 1084/3265/820 1110/3266/820
f 1110/3267/821 1084/3268/821 1086/3269/821 1111/3270/821
f 1111/3271/822 1086/3272/822 1088/3273/822 1112/3274/822
f 1112/3275/823 1088/3276/823 1090/3277/823 1113/3278/823
f 1068/3279/824 1067/3280/824 1080/3281/824 1079/3282/824
f 1115/3283/825 1116/3284/825 1117/3285/825 1118/3286/825
f 1116/3287/826 1119/3288/826 1120/3289/826 1117/3290/826
f 1119/3291/827 1121/3292/827 1122/3293/827 1120/3294/827
f 1121/3295/828 1123/3296/828 1124/3297/828 1122/3298/828
f 1123/3299/829 1126/3300/829 1125/3301/829 1124/3302/829
f 1128/3303/830 1129/3304/830 1127/3305/830 1130/3306/830
f 1128/3307/831 1115/3308/831 1118/3309/831 1129/3310/831
f 1118/3311/832 1117/3312/832 1131/3313/832 1132/3314/832
f 1132/3315/833 1131/3316/833 1133/3317/833 1134/3318/833
f 1134/3319/834 1133/3320/834 1135/3321/834 1136/3322/834
f 1136/3323/835 1135/3324/835 1137/3325/835 1138/3326/835
f 1117/3327/836 1120/3328/836 1139/3329/836 1131/3330/836
f 1131/3331/837 1139/3332/837 1140/3333/837 1133/3334/837
f 1133/3335/838 1140/3336/838 1141/3337/838 1135/3338/838
f 1135/3339/839 1141/3340/839 1142/3341/839 1137/3342/839
f 1120/3343/840 1122/3344/840 1143/3345/840 1139/3346/840
f 1139/3347/841 1143/3348/841 1144/3349/841 1140/3350/841
f 1140/3351/842 1144/3352/842 1145/3353/842 1141/3354/842
f 1141/3355/843 1145/3356/843 1146/3357/843 1142/3358/843
f 1122/3359/844 1124/3360/844 1147/3361/844 1143/3362/844
f 1143/3363/845 1147/3364/845 1148/3365/845 1144/3366/845
f 1144/3367/846 1148/3368/846 1149/3369/846 1145/3370/846
f 1145/3371/847 1149/3372/847 1150/3373/847 1146/3374/847
f 1124/3375/848 1126/3376/848 1151/3377/848 1147/3378/848
f 1147/3379/849 1151/3380/849 1152/3381/849 1148/3382/849
f 1148/3383/850 1152/3384/850 1153/3385/850 1149/3386/850
f 1149/3387/851 1154/3388/851 1153/3389/851 1150/3390/851
f 1126/3391/852 1130/3392/852 1155/3393/852 1151/3394/852
f 1151/3395/853 1155/3396/853 1156/3397/853 1152/3398/853
f 1152/3399/854 1156/3400/854 1157/3401/854 1153/3402/854
f 1130/3403/855 1129/3404/855 1158/3405/855 1155/3406/855
f 1155/3407/856 1158/3408/856 1159/3409/856 1156/3410/856
f 1156/3411/857 1159/3412/857 1160/3413/857 1157/3414/857
f 1160/3415/858 1161/3416/858 1157/3417/858 1162/3418/858
f 1129/3419/859 1118/3420/859 1132/3421/859 1158/3422/859
f 1158/3423/860 1132/3424/860 1134/3425/860 1159/3426/860
f 1159/3427/861 1134/3428/861 1136/3429/861 1160/3430/861
f 1160/3431/862 1136/3432/862 1138/3433/862 1161/3434/862
f 1116/3435/863 1115/3436/863 1128/3437/863 1127/3438/863
f 1163/3439/864 1164/3440/864 1165/3441/864 1166/3442/864
f 1164/3443/865 1167/3444/865 1168/3445/865 1165/3446/865
f 1167/3447/866 1169/3448/866 1170/3449/866 1168/3450/866
f 1169/3451/867 1171/3452/867 1172/3453/867 1170/3454/867
f 1171/3455/868 1174/3456/868 1173/3457/868 1172/3458/868
f 1176/3459/869 1177/3460/869 1175/3461/869 1178/3462/869
f 1176/3463/870 1163/3464/870 1166/3465/870 1177/3466/870
f 1166/3467/871 1165/3468/871 1179/3469/871 1180/3470/871
f 1180/3471/872 1179/3472/872 1181/3473/872 1182/3474/872
f 1182/3475/873 1181/3476/873 1183/3477/873 1184/3478/873
f 1184/3479/874 1183/3480/874 1185/3481/874 1186/3482/874
f 1165/3483/875 1168/3484/875 1187/3485/875 1179/3486/875
f 1179/3487/876 1187/3488/876 1188/3489/876 1181/3490/876
f 1181/3491/877 1188/3492/877 1189/3493/877 1183/3494/877
f 1183/3495/878 1189/3496/878 1190/3497/878 1185/3498/878
f 1168/3499/879 1170/3500/879 1191/3501/879 1187/3502/879
f 1187/3503/880 1191/3504/880 1192/3505/880 1188/3506/880
f 1188/3507/881 1192/3508/881 1193/3509/881 1189/3510/881
f 1189/3511/882 1193/3512/882 1194/3513/882 1190/3514/882
f 1170/3515/883 1172/3516/883 1195/3517/883 1191/3518/883
f 1191/3519/884 1195/3520/884 1196/3521/884 1192/3522/884
f 1192/3523/885 1196/3524/885 1197/3525/885 1193/3526/885
f 1193/3527/886 1197/3528/886 1198/3529/886 1194/3530/886
f 1172/3531/887 1174/3532/887 1199/3533/887 1195/3534/887
f 1195/3535/888 1199/3536/888 1200/3537/888 1196/3538/888
f 1196/3539/889 1200/3540/889 1201/3541/889 1197/3542/889
f 1197/3543/890 1202/3544/890 1201/3545/890 1198/3546/890
f 1174/3547/891 1178/3548/891 1203/3549/891 1199/3550/891
f 1199/3551/892 1203/3552/892 1204/3553/892 1200/3554/892
f 1200/3555/893 1204/3556/893 1205/3557/893 1201/3558/893
f 1178/3559/894 1177/3560/894 1206/3561/894 1203/3562/894
f 1203/3563/895 1206/3564/895 1207/3565/895 1204/3566/895
f 1204/3567/896 1207/3568/896 1208/3569/896 1205/3570/896
f 1208/3571/897 1209/3572/897 1205/3573/897 1210/3574/897
f 1177/3575/898 1166/3576/898 1180/3577/898 1206/3578/898
f 1206/3579/899 1180/3580/899 1182/3581/899 1207/3582/899
f 1207/3583/900 1182/3584/900 1184/3585/900 1208/3586/900
f 1208/3587/901 1184/3588/901 1186/3589/901 1209/3590/901
f 1164/3591/902 1163/3592/902 1176/3593/902 1175/3594/902
f 1211/3595/903 1212/3596/903 1213/3597/903 1214/3598/903
f 1212/3599/904 1215/3600/904 1216/3601/904 1213/3602/904
f 1215/3603/905 1217/3604/905 1218/3605/905 1216/3606/905
f 1217/3607/906 1219/3608/906 1220/3609/906 1218/3610/906
f 1219/3611/907 1222/3612/907 1221/3613/907 1220/3614/907
f 1224/3615/908 1225/3616/908 1223/3617/908 1226/3618/908
f 1224/3619/909 1211/3620/909 1214/3621/909 1225/3622/909
f 1214/3623/910 1213/3624/910 1227/3625/910 1228/3626/910
f 1228/3627/911 1227/3628/911 1229/3629/911 1230/3630/911
f 1230/3631/912 1229/3632/912 1231/3633/912 1232/3634/912
f 1232/3635/913 1231/3636/913 1233/3637/913 1234/3638/913
f 1213/3639/914 1216/3640/914 1235/3641/914 1227/3642/914
f 1227/3643/915 1235/3644/915 1236/3645/915 1229/3646/915
f 1229/3647/916 1236/3648/916 1237/3649/916 1231/3650/916
f 1231/3651/917 1237/3652/917 1238/3653/917 1233/3654/917
f 1216/3655/918 1218/3656/918 1239/3657/918 1235/3658/918
f 1235/3659/919 1239/3660/919 1240/3661/919 1236/3662/919
f 1236/3663/920 1240/3664/920 1241/3665/920 1237/3666/920
f 1237/3667/921 1241/3668/921 1242/3669/921 1238/3670/921
f 1218/3671/922 1220/3672/922 1243/3673/922 1239/3674/922
f 1239/3675/923 1243/3676/923 1244/3677/923 1240/3678/923
f 1240/3679/924 1244/3680/924 1245/3681/924 1241/3682/924
f 1241/3683/925 1245/3684/925 1246/3685/925 1242/3686/925
f 1220/3687/926 1222/3688/926 1247/3689/926 1243/3690/926
f 1243/3691/927 1247/3692/927 1248/3693/927 1244/3694/927
f 1244/3695/928 1248/3696/928 1249/3697/928 1245/3698/928
f 1245/3699/929 1250/3700/929 1249/3701/929 1246/3702/929
f 1222/3703/930 1226/3704/930 1251/3705/930 1247/3706/930
f 1247/3707/931 1251/3708/931 1252/3709/931 1248/3710/931
f 1248/3711/932 1252/3712/932 1253/3713/932 1249/3714/932
f 1226/3715/933 1225/3716/933 1254/3717/933 1251/3718/933
f 1251/3719/934 1254/3720/934 1255/3721/934 1252/3722/934
f 1252/3723/935 1255/3724/935 1256/3725/935 1253/3726/935
f 1256/3727/936 1257/3728/936 1253/3729/936 1258/3730/936
f 1225/3731/937 1214/3732/937 1228/3733/937 1254/3734/937
f 1254/3735/938 1228/3736/938 1230/3737/938 1255/3738/938
f 1255/3739/939 1230/3740/939 1232/3741/939 1256/3742/939
f 1256/3743/940 1232/3744/940 1234/3745/940 1257/3746/940
f 1212/3747/941 1211/3748/941 1224/3749/941 1223/3750/941
f 1259/3751/942 1260/3752/942 1261/3753/942 1262/3754/942
f 1260/3755/943 1263/3756/943 1264/3757/943 1261/3758/943
f 1263/3759/944 1265/3760/944 1266/3761/944 1264/3762/944
f 1265/3763/945 1267/3764/945 1268/3765/945 1266/3766/945
f 1267/3767/946 1270/3768/946 1269/3769/946 1268/3770/946
f 1272/3771/947 1273/3772/947 1271/3773/947 1274/3774/947
f 1272/3775/948 1259/3776/948 1262/3777/948 1273/3778/948
f 1262/3779/949 1261/3780/949 1275/3781/949 1276/3782/949
f 1276/3783/950 1275/3784/950 1277/3785/950 1278/3786/950
f 1278/3787/951 1277/3788/951 1279/3789/951 1280/3790/951
f 1280/3791/952 1279/3792/952 1281/3793/952 1282/3794/952
f 1261/3795/953 1264/3796/953 1283/3797/953 1275/3798/953
f 1275/3799/954 1283/3800/954 1284/3801/954 1277/3802/954
f 1277/3803/955 1284/3804/955 1285/3805/955 1279/3806/955
f 1279/3807/956 1285/3808/956 1286/3809/956 1281/3810/956
f 1264/3811/957 1266/3812/957 1287/3813/957 1283/3814/957
f 1283/3815/958 1287/3816/958 1288/3817/958 1284/3818/958
f 1284/3819/959 1288/3820/959 1289/3821/959 1285/3822/959
f 1285/3823/960 1289/3824/960 1290/3825/960 1286/3826/960
f 1266/3827/961 1268/3828/961 1291/3829/961 1287/3830/961
f 1287/3831/962 1291/3832/962 1292/3833/962 1288/3834/962
f 1288/3835/963 1292/3836/963 1293/3837/963 1289/3838/963
f 1289/3839/964 1293/3840/964 1294/3841/964 1290/3842/964
f 1268/3843/965 1270/3844/965 1295/3845/965 1291/3846/965
f 1291/3847/966 1295/3848/966 1296/3849/966 1292/3850/966
f 1292/3851/967 1296/3852/967 1297/3853/967 1293/3854/967
f 1293/3855/968 1298/3856/968 1297/3857/968 1294/3858/968
f 1270/3859/969 1274/3860/969 1299/3861/969 1295/3862/969
f 1295/3863/970 1299/3864/970 1300/3865/970 1296/3866/970
f 1296/3867/971 1300/3868/971 1301/3869/971 1297/3870/971
f 1274/3871/972 1273/3872/972 1302/3873/972 1299/3874/972
f 1299/3875/973 1302/3876/973 1303/3877/973 1300/3878/973
f 1300/3879/974 1303/3880/974 1304/3881/974 1301/3882/974
f 1304/3883/975 1305/3884/975 1301/3885/975 1306/3886/975
f 1273/3887/976 1262/3888/976 1276/3889/976 1302/3890/976
f 1302/3891/977 1276/3892/977 1278/3893/977 1303/3894/977
f 1303/3895/978 1278/3896/978 1280/3897/978 1304/3898/978
f 1304/3899/979 1280/3900/979 1282/3901/979 1305/3902/979
f 1260/3903/980 1259/3904/980 1272/3905/980 1271/3906/980
f 1307/3907/981 1308/3908/981 1309/3909/981 1310/3910/981
f 1308/3911/982 1311/3912/982 1312/3913/982 1309/3914/982
f 1311/3915/983 1313/3916/983 1314/3917/983 1312/3918/983
f 1313/3919/984 1315/3920/984 1316/3921/984 1314/3922/984
f 1315/3923/985 1318/3924/985 1317/3925/985 1316/3926/985
f 1320/3927/986 1321/3928/986 1319/3929/986 1322/3930/986
f 1320/3931/987 1307/3932/987 1310/3933/987 1321/3934/987
f 1310/3935/988 1309/3936/988 1323/3937/988 1324/3938/988
f 1324/3939/989 1323/3940/989 1325/3941/989 1326/3942/989
f 1326/3943/990 1325/3944/990 1327/3945/990 1328/3946/990
f 1328/3947/991 1327/3948/991 1329/3949/991 1330/3950/991
f 1309/3951/992 1312/3952/992 1331/3953/992 1323/3954/992
f 1323/3955/993 1331/3956/993 1332/3957/993 1325/3958/993
f 1325/3959/994 1332/3960/994 1333/3961/994 1327/3962/994
f 1327/3963/995 1333/3964/995 1334/3965/995 1329/3966/995
f 1312/3967/996 1314/3968/996 1335/3969/996 1331/3970/996
f 1331/3971/997 1335/3972/997 1336/3973/997 1332/3974/997
f 1332/3975/998 1336/3976/998 1337/3977/998 1333/3978/998
f 1333/3979/999 1337/3980/999 1338/3981/999 1334/3982/999
f 1314/3983/1000 1316/3984/1000 1339/3985/1000 1335/3986/1000
f 1335/3987/1001 1339/3988/1001 1340/3989/1001 1336/3990/1001
f 1336/3991/1002 1340/3992/1002 1341/3993/1002 1337/3994/1002
f 1337/3995/1003 1341/3996/1003 1342/3997/1003 1338/3998/1003
f 1316/3999/1004 1318/4000/1004 1343/4001/1004 1339/4002/1004
f 1339/4003/1005 1343/4004/1005 1344/4005/1005 1340/4006/1005
f 1340/4007/1006 1344/4008/1006 1345/4009/1006 1341/4010/1006
f 1341/4011/1007 1346/4012/1007 1345/4013/1007 1342/4014/1007
f 1318/4015/1008 1322/4016/1008 1347/4017/1008 1343/4018/1008
f 1343/4019/1009 1347/4020/1009 1348/4021/1009 1344/4022/1009
f 1344/4023/1010 1348/4024/1010 1349/4025/1010 1345/4026/1010
f 1322/4027/1011 1321/4028/1011 1350/4029/1011 1347/4030/1011
f 1347/4031/1012 1350/4032/1012 1351/4033/1012 1348/4034/1012
f 1348/4035/1013 1351/4036/1013 1352/4037/1013 1349/4038/1013
f 1352/4039/1014 1353/4040/1014 1349/4041/1014 1354/4042/1014
f 1321/4043/1015 1310/4044/1015 1324/4045/1015 1350/4046/1015
f 1350/4047/1016 1324/4048/1016 1326/4049/1016 1351/4050/1016
f 1351/4051/1017 1326/4052/1017 1328/4053/1017 1352/4054/1017
f 1352/4055/1018 1328/4056/1018 1330/4057/1018 1353/4058/1018
f 1308/4059/1019 1307/4060/1019 1320/4061/1019 1319/4062/1019
f 1355/4063/1020 1356/4064/1020 1357/4065/1020 1358/4066/1020
f 1356/4067/1021 1359/4068/1021 1360/4069/1021 1357/4070/1021
f 1359/4071/1022 1361/4072/1022 1362/4073/1022 1360/4074/1022
f 1361/4075/1023 1363/4076/1023 1364/4077/1023 1362/4078/1023
f 1363/4079/1024 1366/4080/1024 1365/4081/1024 1364/4082/1024
f 1368/4083/1025 1369/4084/1025 1367/4085/1025 1370/4086/1025
f 1368/4087/1026 1355/4088/1026 1358/4089/1026 1369/4090/1026
f 1358/4091/1027 1357/4092/1027 1371/4093/1027 1372/4094/1027
f 1372/4095/1028 1371/4096/1028 1373/4097/1028 1374/4098/1028
f 1374/4099/1029 1373/4100/1029 1375/4101/1029 1376/4102/1029
f 1376/4103/1030 1375/4104/1030 1377/4105/1030 1378/4106/1030
f 1357/4107/1031 1360/4108/1031 1379/4109/1031 1371/4110/1031
f 1371/4111/1032 1379/4112/1032 1380/4113/1032 1373/4114/1032
f 1373/4115/1033 1380/4116/1033 1381/4117/1033 1375/4118/1033
f 1375/4119/1034 1381/4120/1034 1382/4121/1034 1377/4122/1034
f 1360/4123/1035 1362/4124/1035 1383/4125/1035 1379/4126/1035
f 1379/4127/1036 1383/4128/1036 1384/4129/1036 1380/4130/1036
f 1380/4131/1037 1384/4132/1037 1385/4133/1037 1381/4134/1037
f 1381/4135/1038 1385/4136/1038 1386/4137/1038 1382/4138/1038
f 1362/4139/1039 1364/4140/1039 1387/4141/1039 1383/4142/1039
f 1383/4143/1040 1387/4144/1040 1388/4145/1040 1384/4146/1040
f 1384/4147/1041 1388/4148/1041 1389/4149/1041 1385/4150/1041
f 1385/4151/1042 1389/4152/1042 1390/4153/1042 1386/4154/1042
f 1364/4155/1043 1366/4156/1043 1391/4157/1043 1387/4158/1043
f 1387/4159/1044 1391/4160/1044 1392/4161/1044 1388/4162/1044
f 1388/4163/1045 1392/4164/1045 1393/4165/1045 1389/4166/1045
f 1389/4167/1046 1394/4168/1046 1393/4169/1046 1390/4170/1046
f 1366/4171/1047 1370/4172/1047 1395/4173/1047 1391/4174/1047
f 1391/4175/1048 1395/4176/1048 1396/4177/1048 1392/4178/1048
f 1392/4179/1049 1396/4180/1049 1397/4181/1049 1393/4182/1049
f 1370/4183/1050 1369/4184/1050 1398/4185/1050 1395/4186/1050
f 1395/4187/1051 1398/4188/1051 1399/4189/1051 1396/4190/1051
f 1396/4191/1052 1399/4192/1052 1400/4193/1052 1397/4194/1052
f 1400/4195/1053 1401/4196/1053 1397/4197/1053 1402/4198/1053
f 1369/4199/1054 1358/4200/1054 1372/4201/1054 1398/4202/1054
f 1398/4203/1055 1372/4204/1055 1374/4205/1055 1399/4206/1055
f 1399/4207/1056 1374/4208/1056 1376/4209/1056 1400/4210/1056
f 1400/4211/1057 1376/4212/1057 1378/4213/1057 1401/4214/1057
f 1356/4215/1058 1355/4216/1058 1368/4217/1058 1367/4218/1058
f 1403/4219/1059 1404/4220/1059 1405/4221/1059 1406/4222/1059
f 1404/4223/1060 1407/4224/1060 1408/4225/1060 1405/4226/1060
f 1407/4227/1061 1409/4228/1061 1410/4229/1061 1408/4230/1061
f 1409/4231/1062 1411/4232/1062 1412/4233/1062 1410/4234/1062
f 1411/4235/1063 1414/4236/1063 1413/4237/1063 1412/4238/1063
f 1416/4239/1064 1417/4240/1064 1415/4241/1064 1418/4242/1064
f 1416/4243/1065 1403/4244/1065 1406/4245/1065 1417/4246/1065
f 1406/4247/1066 1405/4248/1066 1419/4249/1066 1420/4250/1066
f 1420/4251/1067 1419/4252/1067 1421/4253/1067 1422/4254/1067
f 1422/4255/1068 1421/4256/1068 1423/4257/1068 1424/4258/1068
f 1424/4259/1069 1423/4260/1069 1425/4261/1069 1426/4262/1069
f 1405/4263/1070 1408/4264/1070 1427/4265/1070 1419/4266/1070
f 1419/4267/1071 1427/4268/1071 1428/4269/1071 1421/4270/1071
f 1421/4271/1072 1428/4272/1072 1429/4273/1072 1423/4274/1072
f 1423/4275/1073 1429/4276/1073 1430/4277/1073 1425/4278/1073
f 1408/4279/1074 1410/4280/1074 1431/4281/1074 1427/4282/1074
f 1427/4283/1075 1431/4284/1075 1432/4285/1075 1428/4286/1075
f 1428/4287/1076 1432/4288/1076 1433/4289/1076 1429/4290/1076
f 1429/4291/1077 1433/4292/1077 1434/4293/1077 1430/4294/1077
f 1410/4295/1078 1412/4296/1078 1435/4297/1078 1431/4298/1078
f 1431/4299/1079 1435/4300/1079 1436/4301/1079 1432/4302/1079
f 1432/4303/1080 1436/4304/1080 1437/4305/1080 1433/4306/1080
f 1433/4307/1081 1437/4308/1081 1438/4309/1081 1434/4310/1081
f 1412/4311/1082 1414/4312/1082 1439/4313/1082 1435/4314/1082
f 1435/4315/1083 1439/4316/1083 1440/4317/1083 1436/4318/1083
f 1436/4319/1084 1440/4320/1084 1441/4321/1084 1437/4322/1084
f 1437/4323/1085 1442/4324/1085 1441/4325/1085 1438/4326/1085
f 1414/4327/1086 1418/4328/1086 1443/4329/1086 1439/4330/1086
f 1439/4331/1087 1443/4332/1087 1444/4333/1087 1440/4334/1087
f 1440/4335/1088 1444/4336/1088 1445/4337/1088 1441/4338/1088
f 1418/4339/1089 1417/4340/1089 1446/4341/1089 1443/4342/1089
f 1443/4343/1090 1446/4344/1090 1447/4345/1090 1444/4346/1090
f 1444/4347/1091 1447/4348/1091 1448/4349/1091 1445/4350/1091
f 1448/4351/1092 1449/4352/1092 1445/4353/1092 1450/4354/1092
f 1417/4355/1093 1406/4356/1093 1420/4357/1093 1446/4358/1093
f 1446/4359/1094 1420/4360/1094 1422/4361/1094 1447/4362/1094
f 1447/4363/1095 1422/4364/1095 1424/4365/1095 1448/4366/1095
f 1448/4367/1096 1424/4368/1096 1426/4369/1096 1449/4370/1096
f 1404/4371/1097 1403/4372/1097 1416/4373/1097 1415/4374/1097
f 1451/4375/1098 1452/4376/1098 1453/4377/1098 1454/4378/1098
f 1452/4379/1099 1455/4380/1099 1456/4381/1099 1453/4382/1099
f 1455/4383/1100 1457/4384/1100 1458/4385/1100 1456/4386/1100
f 1457/4387/1101 1459/4388/1101 1460/4389/1101 1458/4390/1101
f 1459/4391/1102 1462/4392/1102 1461/4393/1102 1460/4394/1102
f 1464/4395/1103 1465/4396/1103 1463/4397/1103 1466/4398/1103
f 1464/4399/1104 1451/4400/1104 1454/4401/1104 1465/4402/1104
f 1454/4403/1105 1453/4404/1105 1467/4405/1105 1468/4406/1105
f 1468/4407/1106 1467/4408/1106 1469/4409/1106 1470/4410/1106
f 1470/4411/1107 1469/4412/1107 1471/4413/1107 1472/4414/1107
f 1472/4415/1108 1471/4416/1108 1473/4417/1108 1474/4418/1108
f 1453/4419/1109 1456/4420/1109 1475/4421/1109 1467/4422/1109
f 1467/4423/1110 1475/4424/1110 1476/4425/1110 1469/4426/1110
f 1469/4427/1111 1476/4428/1111 1477/4429/1111 1471/4430/1111
f 1471/4431/1112 1477/4432/1112 1478/4433/1112 1473/4434/1112
f 1456/4435/1113 1458/4436/1113 1479/4437/1113 1475/4438/1113
f 1475/4439/1114 1479/4440/1114 1480/4441/1114 1476/4442/1114
f 1476/4443/1115 1480/4444/1115 1481/4445/1115 1477/4446/1115
f 1477/4447/1116 1481/4448/1116 1482/4449/1116 1478/4450/1116
f 1458/4451/1117 1460/4452/1117 1483/4453/1117 1479/4454/1117
f 1479/4455/1118 1483/4456/1118 1484/4457/1118 1480/4458/1118
f 1480/4459/1119 1484/4460/1119 1485/4461/1119 1481/4462/1119
f 1481/4463/1120 1485/4464/1120 1486/4465/1120 1482/4466/1120
f 1460/4467/1121 1462/4468/1121 1487/4469/1121 1483/4470/1121
f 1483/4471/1122 1487/4472/1122 1488/4473/1122 1484/4474/1122
f 1484/4475/1123 1488/4476/1123 1489/4477/1123 1485/4478/1123
f 1485/4479/1124 1490/4480/1124 1489/4481/1124 1486/4482/1124
f 1462/4483/1125 1466/4484/1125 1491/4485/1125 1487/4486/1125
f 1487/4487/1126 1491/4488/1126 1492/4489/1126 1488/4490/1126
f 1488/4491/1127 1492/4492/1127 1493/4493/1127 1489/4494/1127
f 1466/4495/1128 1465/4496/1128 1494/4497/1128 1491/4498/1128
f 1491/4499/1129 1494/4500/1129 1495/4501/1129 1492/4502/1129
f 1492/4503/1130 1495/4504/1130 1496/4505/1130 1493/4506/1130
f 1496/4507/1131 1497/4508/1131 1493/4509/1131 1498/4510/1131
f 1465/4511/1132 1454/4512/1132 1468/4513/1132 1494/4514/1132
f 1494/4515/1133 1468/4516/1133 1470/4517/1133 1495/4518/1133
f 1495/4519/1134 1470/4520/1134 1472/4521/1134 1496/4522/1134
f 1496/4523/1135 1472/4524/1135 1474/4525/1135 1497/4526/1135
f 1452/4527/1136 1451/4528/1136 1464/4529/1136 1463/4530/1136
f 1499/4531/1137 1500/4532/1137 1501/4533/1137 1502/4534/1137
f 1500/4535/1138 1503/4536/1138 1504/4537/1138 1501/4538/1138
f 1503/4539/1139 1505/4540/1139 1506/4541/1139 1504/4542/1139
f 1505/4543/1140 1507/4544/1140 1508/4545/1140 1506/4546/1140
f 1507/4547/1141 1510/4548/1141 1509/4549/1141 1508/4550/1141
f 1512/4551/1142 1513/4552/1142 1511/4553/1142 1514/4554/1142
f 1512/4555/1143 1499/4556/1143 1502/4557/1143 1513/4558/1143
f 1502/4559/1144 1501/4560/1144 1515/4561/1144 1516/4562/1144
f 1516/4563/1145 1515/4564/1145 1517/4565/1145 1518/4566/1145
f 1518/4567/1146 1517/4568/1146 1519/4569/1146 1520/4570/1146
f 1520/4571/1147 1519/4572/1147 1521/4573/1147 1522/4574/1147
f 1501/4575/1148 1504/4576/1148 1523/4577/1148 1515/4578/1148
f 1515/4579/1149 1523/4580/1149 1524/4581/1149 1517/4582/1149
f 1517/4583/1150 1524/4584/1150 1525/4585/1150 1519/4586/1150
f 1519/4587/1151 1525/4588/1151 1526/4589/1151 1521/4590/1151
f 1504/4591/1152 1506/4592/1152 1527/4593/1152 1523/4594/1152
f 1523/4595/1153 1527/4596/1153 1528/4597/1153 1524/4598/1153
f 1524/4599/1154 1528/4600/1154 1529/4601/1154 1525/4602/1154
f 1525/4603/1155 1529/4604/1155 1530/4605/1155 1526/4606/1155
f 1506/4607/1156 1508/4608/1156 1531/4609/1156 1527/4610/1156
f 1527/4611/1157 1531/4612/1157 1532/4613/1157 1528/4614/1157
f 1528/4615/1158 1532/4616/1158 1533/4617/1158 1529/4618/1158
f 1529/4619/1159 1533/4620/1159 1534/4621/1159 1530/4622/1159
f 1508/4623/1160 1510/4624/1160 1535/4625/1160 1531/4626/1160
f 1531/4627/1161 1535/4628/1161 1536/4629/1161 1532/4630/1161
f 1532/4631/1162 1536/4632/1162 1537/4633/1162 1533/4634/1162
f 1533/4635/1163 1538/4636/1163 1537/4637/1163 1534/4638/1163
f 1510/4639/1164 1514/4640/1164 1539/4641/1164 1535/4642/1164
f 1535/4643/1165 1539/4644/1165 1540/4645/1165 1536/4646/1165
f 1536/4647/1166 1540/4648/1166 1541/4649/1166 1537/4650/1166
f 1514/4651/1167 1513/4652/1167 1542/4653/1167 1539/4654/1167
f 1539/4655/1168 1542/4656/1168 1543/4657/1168 1540/4658/1168
f 1540/4659/1169 1543/4660/1169 1544/4661/1169 1541/4662/1169
f 1544/4663/1170 1545/4664/1170 1541/4665/1170 1546/4666/1170
f 1513/4667/1171 1502/4668/1171 1516/4669/1171 1542/4670/1171
f 1542/4671/1172 1516/4672/1172 1518/4673/1172 1543/4674/1172
f 1543/4675/1173 1518/4676/1173 1520/4677/1173 1544/4678/1173
f 1544/4679/1174 1520/4680/1174 1522/4681/1174 1545/4682/1174
f 1500/4683/1175 1499/4684/1175 1512/4685/1175 1511/4686/1175
o firebox_cylinder.060
v 1.100481 0.125 0.3125
v 1.274519 0.125 0.212019
v 1.274519 2 0.212019
v 1.100481 2 0.3125
v 1.375 0.125 0.037981
v 1.375 2 0.037981
v 1.375 0.125 -0.162981
v 1.375 2 -0.162981
v 1.274519 0.125 -0.337019
v 1.274519 2 -0.337019
v 1.100481 0.125 -0.4375
v 1.100481 2 -0.4375
v 0.899519 0.125 -0.4375
v 0.899519 2 -0.4375
v 0.725481 0.125 -0.337019
v 0.725481 2 -0.337019
v 0.625 0.125 -0.162981
v 0.625 2 -0.162981
v 0.625 0.125 0.037981
v 0.625 2 0.037981
v 0.725481 0.125 0.212019
v 0.725481 2 0.212019
v 0.899519 0.125 0.3125
v 0.899519 2 0.3125
v 1.4375 2 -0.25
v 1.25 2 -0.25
v 1.25 2.0625 -0.25
v 1.4375 2.0625 -0.25
v 1.4375 2 -0.1875
v 1.4375 2.0625 -0.1875
v 1.25 2 -0.1875
v 1.25 2.0625 -0.1875
v 1.4375 2 0.0625
v 1.25 2 0.0625
v 1.25 2.0625 0.0625
v 1.4375 2.0625 0.0625
v 1.4375 2 0.125
v 1.4375 2.0625 0.125
v 1.25 2 0.125
v 1.25 2.0625 0.125
v 1.4375 1.9375 -0.125
v 1.375 1.9375 -0.125
v 1.375 2.0625 -0.125
v 1.4375 2.0625 -0.125
v 1.4375 1.9375 0
v 1.4375 2.0625 0
v 1.375 1.9375 0
v 1.375 2.0625 0
v 1.410355 2.05625 0.15625
v 1.425 2.041605 0.15625
v 1.425 2.041605 -0.28125
v 1.410355 2.05625 -0.28125
v 1.425 2.020895 0.15625
v 1.425 2.020895 -0.28125
v 1.410355 2.00625 0.15625
v 1.410355 2.00625 -0.28125
v 1.389645 2.00625 0.15625
v 1.389645 2.00625 -0.28125
v 1.375 2.020895 0.15625
v 1.375 2.020895 -0.28125
v 1.375 2.041605 0.15625
v 1.375 2.041605 -0.28125
v 1.389645 2.05625 0.15625
v 1.389645 2.05625 -0.28125
v 1.012944 2.145117 -0.03125
v 1.03125 2.145117 -0.049556
v 1.03125 2.207617 -0.049556
v 1.012944 2.207617 -0.03125
v 1.03125 2.145117 -0.075444
v 1.03125 2.207617 -0.075444
v 1.012944 2.145117 -0.09375
v 1.012944 2.207617 -0.09375
v 0.987056 2.145117 -0.09375
v 0.987056 2.207617 -0.09375
v 0.96875 2.145117 -0.075444
v 0.96875 2.207617 -0.075444
v 0.96875 2.145117 -0.049556
v 0.96875 2.207617 -0.049556
v 0.987056 2.145117 -0.03125
v 0.987056 2.207617 -0.03125
v 1.09375 0.273667 -0.475
v 1.09375 0.273667 -0.35
v 1.038833 0.21875 -0.35
v 1.038833 0.21875 -0.475
v 1.09375 0.351332 -0.475
v 1.09375 0.351332 -0.35
v 1.038833 0.40625 -0.475
v 1.038833 0.40625 -0.35
v 0.961167 0.40625 -0.475
v 0.961167 0.40625 -0.35
v 0.90625 0.351332 -0.475
v 0.90625 0.351332 -0.35
v 0.90625 0.273667 -0.475
v 0.90625 0.273667 -0.35
v 0.961167 0.21875 -0.475
v 0.961167 0.21875 -0.35
v 1.1125 0.265901 -0.4875
v 1.1125 0.265901 -0.475
v 1.046599 0.2 -0.475
v 1.046599 0.2 -0.4875
v 1.1125 0.359099 -0.4875
v 1.1125 0.359099 -0.475
v 1.046599 0.425 -0.4875
v 1.046599 0.425 -0.475
v 0.953401 0.425 -0.4875
v 0.953401 0.425 -0.475
v 0.8875 0.359099 -0.4875
v 0.8875 0.359099 -0.475
v 0.8875 0.265901 -0.4875
v 0.8875 0.265901 -0.475
v 0.953401 0.2 -0.4875
v 0.953401 0.2 -0.475
v 0.902776 1.999292 -0.43685
v 0.916385 2.077218 -0.386341
v 1.090416 2.076088 -0.385103
v 1.103729 1.997988 -0.43542
v 0.952554 2.133034 -0.248703
v 1.05303 2.132381 -0.247987
v 1.001591 2.154068 -0.060797
v 1.240509 2.07492 -0.297014
v 1.277043 1.996639 -0.333704
v 1.139688 2.132543 -0.197123
v 1.32645 2.074026 -0.145678
v 1.376278 1.995606 -0.158956
v 1.189305 2.132027 -0.109749
v 1.32521 2.073646 0.028356
v 1.374846 1.995167 0.042
v 1.188589 2.131807 -0.00927
v 1.23712 2.073882 0.178454
v 1.273129 1.99544 0.215319
v 1.137731 2.131943 0.077388
v 1.085785 2.07467 0.264398
v 1.098382 1.99635 0.314559
v 1.050357 2.132399 0.127008
v 0.911755 2.0758 0.26316
v 0.897429 1.997655 0.313129
v 0.94988 2.133051 0.126294
v 0.76166 2.076969 0.175071
v 0.724116 1.999004 0.211413
v 0.863224 2.133725 0.075435
v 0.724116 1.999004 0.211413
v 0.675719 2.077863 0.023735
v 0.62488 2.000036 0.036664
v 0.813606 2.134242 -0.011939
v 0.62488 2.000036 0.036664
v 0.676961 2.078242 -0.150299
v 0.626312 2.000475 -0.164292
v 0.814322 2.134461 -0.112416
v 0.76505 2.078007 -0.300397
v 0.728029 2.000203 -0.33761
v 0.865181 2.134325 -0.199077
vt 0.073089 0.389779
vt 0.107002 0.39088
vt 0.107002 0.75572
vt 0.073089 0.754619
vt 0.634608 0.36693299999999995
vt 0.66854 0.36594400000000005
vt 0.66854 0.730894
vt 0.634608 0.731883
vt 0.66854 0.36594400000000005
vt 0.707705 0.36594499999999996
vt 0.707705 0.730895
vt 0.66854 0.730894
vt 0.707705 0.36594499999999996
vt 0.74161 0.36693700000000007
vt 0.74161 0.731887
vt 0.707705 0.730895
vt 0.74161 0.3648370000000001
vt 0.707672 0.36594400000000005
vt 0.707672 0.0011130000000000306
vt 0.74161 0.000005999999999950489
vt 0.707672 0.36594400000000005
vt 0.668507 0.365942
vt 0.668507 0.0011100000000000554
vt 0.707672 0.0011130000000000306
vt 0.668507 0.365942
vt 0.634608 0.364831
vt 0.634608 0
vt 0.668507 0.0011100000000000554
vt 0.214003 0.755196
vt 0.180085 0.755196
vt 0.180085 0.38977799999999996
vt 0.214003 0.38977799999999996
vt 0.180085 0.755196
vt 0.14092 0.755196
vt 0.14092 0.38977799999999996
vt 0.180085 0.38977799999999996
vt 0.14092 0.755196
vt 0.107002 0.755196
vt 0.107002 0.38977799999999996
vt 0.14092 0.38977799999999996
vt 0 0.390879
vt 0.033923 0.38977799999999996
vt 0.033923 0.754618
vt 0 0.755718
vt 0.033923 0.38977799999999996
vt 0.073089 0.389779
vt 0.073089 0.754619
vt 0.033923 0.754618
vt 0.986119 0.805006
vt 0.986119 0.841547
vt 0.973958 0.841548
vt 0.973958 0.805006
vt 0.974461 0.24361199999999994
vt 0.974461 0.25579299999999994
vt 0.962296 0.25579299999999994
vt 0.962296 0.24361199999999994
vt 0.890226 0.98037
vt 0.890226 0.943828
vt 0.902388 0.943828
vt 0.902388 0.98037
vt 0.974009 0.605792
vt 0.961828 0.605792
vt 0.961828 0.593612
vt 0.974009 0.593612
vt 0.51001 0.925724
vt 0.51001 0.962265
vt 0.49783 0.962265
vt 0.49783 0.925724
vt 0.865871 0.585886
vt 0.865871 0.622427
vt 0.85369 0.622427
vt 0.85369 0.585886
vt 0.986119 0.768463
vt 0.986119 0.805005
vt 0.973958 0.805006
vt 0.973958 0.768464
vt 0.822856 0.976322
vt 0.822856 0.988502
vt 0.810691 0.988503
vt 0.810691 0.976322
vt 0.973958 0.768463
vt 0.973957 0.731921
vt 0.986119 0.731921
vt 0.986119 0.768463
vt 0.968637 0.731921
vt 0.956456 0.731921
vt 0.956456 0.719741
vt 0.968637 0.719741
vt 0.477498 0.925724
vt 0.477498 0.962265
vt 0.465317 0.962265
vt 0.465317 0.925724
vt 0.475025 0.87724
vt 0.475025 0.913781
vt 0.462844 0.913781
vt 0.462844 0.87724
vt 0.914593 0.999856
vt 0.902413 0.999855
vt 0.902413 0.975533
vt 0.914593 0.975533
vt 0.414109 0.952309
vt 0.414109 0.97667
vt 0.389779 0.976671
vt 0.389779 0.95231
vt 0.934952 0.975504
vt 0.947132 0.975504
vt 0.947132 0.999827
vt 0.934952 0.999827
vt 0.951135 0.38977799999999996
vt 0.926774 0.38977799999999996
vt 0.926774 0.365417
vt 0.951135 0.365417
vt 0.98725 0.609029
vt 0.999431 0.609029
vt 0.999431 0.63339
vt 0.98725 0.63339
vt 0.992346 0.53537
vt 0.980166 0.53537
vt 0.980166 0.511009
vt 0.992346 0.511009
vt 0.74161 0.504592
vt 0.744604 0.504594
vt 0.744604 0.589858
vt 0.74161 0.589856
vt 0.744604 0.504594
vt 0.748635 0.504594
vt 0.748635 0.589858
vt 0.744604 0.589858
vt 0.74161 0.4193279999999999
vt 0.744464 0.4193279999999999
vt 0.744464 0.504592
vt 0.74161 0.504592
vt 0.744464 0.4193279999999999
vt 0.7485 0.4193279999999999
vt 0.7485 0.504592
vt 0.744464 0.504592
vt 0.623665 0.622522
vt 0.626519 0.622522
vt 0.626519 0.707786
vt 0.623665 0.707786
vt 0.626519 0.622522
vt 0.630555 0.622522
vt 0.630555 0.707786
vt 0.626519 0.707786
vt 0.630555 0.622522
vt 0.63341 0.622522
vt 0.63341 0.707786
vt 0.630555 0.707786
vt 0.973958 0.942582
vt 0.976808 0.939728
vt 0.980837 0.939728
vt 0.983687 0.942582
vt 0.7485 0.4193279999999999
vt 0.752536 0.4193279999999999
vt 0.752536 0.504592
vt 0.7485 0.504592
vt 0.472574 0.916635
vt 0.472574 0.920672
vt 0.469724 0.923526
vt 0.465694 0.923526
vt 0.947132 0.975684
vt 0.950702 0.975504
vt 0.950702 0.987669
vt 0.947132 0.987849
vt 0.950702 0.975504
vt 0.955748 0.975504
vt 0.955748 0.987669
vt 0.950702 0.987669
vt 0.987652 0.257965
vt 0.984081 0.258166
vt 0.984081 0.24600500000000003
vt 0.987652 0.24580400000000002
vt 0.984081 0.258166
vt 0.979035 0.258166
vt 0.979035 0.24600500000000003
vt 0.984081 0.24600500000000003
vt 0.980817 0.731921
vt 0.97725 0.731921
vt 0.97725 0.719741
vt 0.980817 0.719741
vt 0.97725 0.731921
vt 0.972204 0.731921
vt 0.972204 0.719741
vt 0.97725 0.719741
vt 0.972204 0.731921
vt 0.968637 0.731921
vt 0.968637 0.719741
vt 0.972204 0.719741
vt 0.460474 0.979107
vt 0.460474 0.984152
vt 0.456907 0.987719
vt 0.451861 0.987719
vt 0.822459 0.610613
vt 0.827504 0.610613
vt 0.827504 0.622774
vt 0.822459 0.622774
vt 0.860156 0.952615
vt 0.835795 0.952615
vt 0.835795 0.941912
vt 0.860156 0.941912
vt 0.389779 0.937192
vt 0.41414 0.937192
vt 0.41414 0.952309
vt 0.389779 0.952309
vt 0.389785 0.925962
vt 0.414147 0.925962
vt 0.41414 0.937192
vt 0.389779 0.937192
vt 0.980165 0.501488
vt 0.980165 0.4771270000000001
vt 0.995302 0.4771270000000001
vt 0.995302 0.501488
vt 0.790332 0.600561
vt 0.765971 0.600561
vt 0.765971 0.589858
vt 0.790332 0.589858
vt 0.790332 0.615697
vt 0.765971 0.615697
vt 0.765971 0.600561
vt 0.790332 0.600561
vt 0.790332 0.6264
vt 0.765971 0.6264
vt 0.765971 0.615697
vt 0.790332 0.615697
vt 0.860156 0.941912
vt 0.835795 0.941912
vt 0.835795 0.926776
vt 0.860156 0.926776
vt 0.754136 0.409513
vt 0.7517 0.409513
vt 0.7517 0.3966700000000001
vt 0.754136 0.3966700000000001
vt 0.752536 0.432805
vt 0.754972 0.43280399999999997
vt 0.754977 0.450944
vt 0.752541 0.45094499999999993
vt 0.752541 0.41932900000000006
vt 0.754977 0.4193279999999999
vt 0.754972 0.43280399999999997
vt 0.752536 0.432805
vt 0.790332 0.589858
vt 0.792768 0.589858
vt 0.792768 0.608021
vt 0.790332 0.608021
vt 0.754972 0.463788
vt 0.752536 0.463788
vt 0.752536 0.45094499999999993
vt 0.754972 0.45094499999999993
vt 0.754972 0.48195199999999994
vt 0.752536 0.48195199999999994
vt 0.752536 0.463788
vt 0.754972 0.463788
vt 0.565059 0.865483
vt 0.565059 0.883646
vt 0.552236 0.896491
vt 0.534102 0.896492
vt 0.754136 0.3785069999999999
vt 0.7517 0.3785069999999999
vt 0.7517 0.36566300000000007
vt 0.754136 0.36566300000000007
vt 0.477498 0.865484
vt 0.490321 0.852641
vt 0.508456 0.85264
vt 0.521279 0.865484
vt 0.754136 0.3966700000000001
vt 0.7517 0.3966700000000001
vt 0.7517 0.3785069999999999
vt 0.754136 0.3785069999999999
vt 0.960158 0.331122
vt 0.944422 0.32855600000000007
vt 0.944422 0.294639
vt 0.960158 0.291957
vt 0.634608 0.812138
vt 0.661375 0.804981
vt 0.671166 0.82194
vt 0.651567 0.841512
vt 0.671166 0.82194
vt 0.661375 0.804981
vt 0.697923 0.795192
vt 0.960158 0.291957
vt 0.944422 0.294639
vt 0.9435 0.265375
vt 0.959093 0.258166
vt 0.651567 0.841512
vt 0.671166 0.82194
vt 0.688126 0.83173
vt 0.680941 0.858471
vt 0.688126 0.83173
vt 0.671166 0.82194
vt 0.697923 0.795192
vt 0.942383 0.365166
vt 0.926774 0.358039
vt 0.927741 0.32855499999999993
vt 0.9435 0.3311200000000001
vt 0.680941 0.858471
vt 0.688126 0.83173
vt 0.707708 0.83173
vt 0.714859 0.858471
vt 0.707708 0.83173
vt 0.688126 0.83173
vt 0.697923 0.795192
vt 0.9435 0.3311200000000001
vt 0.927741 0.32855499999999993
vt 0.927741 0.29463799999999996
vt 0.9435 0.291956
vt 0.714859 0.858471
vt 0.707708 0.83173
vt 0.724667 0.821939
vt 0.744233 0.841512
vt 0.724667 0.821939
vt 0.707708 0.83173
vt 0.697923 0.795192
vt 0.9435 0.291956
vt 0.927741 0.29463799999999996
vt 0.926774 0.265375
vt 0.942383 0.258166
vt 0.744233 0.841512
vt 0.724667 0.821939
vt 0.734458 0.80498
vt 0.761192 0.812138
vt 0.734458 0.80498
vt 0.724667 0.821939
vt 0.697923 0.795192
vt 0.848241 0.624887
vt 0.863859 0.632014
vt 0.862868 0.661497
vt 0.847097 0.658931
vt 0.761192 0.812138
vt 0.734458 0.80498
vt 0.734458 0.785397
vt 0.761192 0.77822
vt 0.734458 0.785397
vt 0.734458 0.80498
vt 0.697923 0.795192
vt 0.847097 0.658931
vt 0.862868 0.661497
vt 0.862869 0.695415
vt 0.847097 0.698096
vt 0.761192 0.77822
vt 0.734458 0.785397
vt 0.724667 0.768438
vt 0.744233 0.748846
vt 0.724667 0.768438
vt 0.734458 0.785397
vt 0.697923 0.795192
vt 0.847097 0.698096
vt 0.862869 0.695415
vt 0.86386 0.724678
vt 0.848241 0.731887
vt 0.744233 0.748846
vt 0.724667 0.768438
vt 0.707708 0.758647
vt 0.714859 0.731887
vt 0.707708 0.758647
vt 0.724667 0.768438
vt 0.697923 0.795192
vt 0.617835 0.901363
vt 0.632988 0.908535
vt 0.632988 0.938029
vt 0.617835 0.93542
vt 0.714859 0.731887
vt 0.707708 0.758647
vt 0.688126 0.758647
vt 0.680941 0.731887
vt 0.688126 0.758647
vt 0.707708 0.758647
vt 0.697923 0.795192
vt 0.927254 0.641925
vt 0.94242 0.644452
vt 0.942479 0.678369
vt 0.927322 0.681089
vt 0.680941 0.731887
vt 0.688126 0.758647
vt 0.671166 0.768438
vt 0.651567 0.748846
vt 0.671166 0.768438
vt 0.688126 0.758647
vt 0.697923 0.795192
vt 0.927322 0.681089
vt 0.942479 0.678369
vt 0.94242 0.707621
vt 0.927254 0.714867
vt 0.651567 0.748846
vt 0.671166 0.768438
vt 0.661375 0.785397
vt 0.634608 0.77822
vt 0.661375 0.785397
vt 0.671166 0.768438
vt 0.697923 0.795192
vt 0.959093 0.365166
vt 0.9435 0.358039
vt 0.944422 0.32855600000000007
vt 0.960158 0.331122
vt 0.634608 0.77822
vt 0.661375 0.785397
vt 0.661375 0.804981
vt 0.634608 0.812138
vt 0.661375 0.804981
vt 0.661375 0.785397
vt 0.697923 0.795192
vn 0.5000004248969578 0 0.8660251584699268
vn 0.8660251584699268 0 0.5000004248969577
vn 1 0 0
vn 0.8660251584699268 0 -0.5000004248969577
vn 0.5000004248969578 0 -0.8660251584699268
vn 0 0 -1
vn -0.5000004248969578 0 -0.8660251584699268
vn -0.8660251584699268 0 -0.5000004248969577
vn -1 0 0
vn -0.8660251584699268 0 0.5000004248969577
vn -0.5000004248969578 0 0.8660251584699268
vn 0 0 1
vn 0 0 -1
vn 1 0 0
vn 0 0 1
vn -1 0 0
vn 0 1 0
vn 0 -1 0
vn 0 0 -1
vn 1 0 0
vn 0 0 1
vn -1 0 0
vn 0 1 0
vn 0 -1 0
vn 0 0 -1
vn 1 0 0
vn 0 0 1
vn -1 0 0
vn 0 1 0
vn 0 -1 0
vn 0.7071067811865421 0.7071067811865529 0
vn 1 0 0
vn 0.7071067811865421 -0.7071067811865529 0
vn 0 -1 0
vn -0.7071067811865421 -0.7071067811865529 0
vn -1 0 0
vn -0.7071067811865421 0.7071067811865529 0
vn 0 0 -1
vn 0 1 0
vn 0 0 1
vn 0.7071067811865489 0 0.7071067811865462
vn 1 0 0
vn 0.7071067811865489 0 -0.7071067811865462
vn 0 0 -1
vn -0.7071067811865468 0 -0.7071067811865483
vn -1 0 0
vn -0.7071067811865468 0 0.7071067811865483
vn 0 1 0
vn 0 0 1
vn 0.7071067811865468 -0.7071067811865482 0
vn 1 0 0
vn 0.7071132190575554 0.7071003432569254 0
vn 0 1 0
vn -0.7071132190575562 0.7071003432569247 0
vn -1 0 0
vn -0.7071067811865476 -0.7071067811865476 0
vn 0 -1 0
vn 0.7071067811865476 -0.7071067811865476 0
vn 1 0 0
vn 0.7071067811865476 0.7071067811865476 0
vn 0 1 0
vn -0.707106781186547 0.7071067811865481 0
vn -1 0 0
vn 0 0 -1
vn -0.707106781186547 -0.7071067811865481 0
vn 0 0 1
vn 0 -1 0
vn 0.00949841085199053 0.542712990622471 -0.8398645069300766
vn 0.008709155562877761 0.9258655980425753 -0.37775262404203913
vn 0.007263234169421617 0.9935555797063675 -0.11311302075245006
vn 0.4292246422394377 0.5397356348684829 -0.7241903416557988
vn 0.19071428416152475 0.925272338871701 -0.32787064634646595
vn 0.05657250956160717 0.9934232748922969 -0.09954771752363768
vn 0.7348695312220419 0.5370748865716902 -0.4141465179082187
vn 0.3404227685082572 0.9213118119411179 -0.18787464932488407
vn 0.10291968121294817 0.9932990510757557 -0.05257883938457184
vn 0.8445585693750083 0.5354149567174673 0.007186586009500909
vn 0.39057701687634777 0.920557747059773 0.004798772364740691
vn 0.11739077451959186 0.993081235696247 0.003010874574879619
vn 0.7288821574287935 0.5352232988747132 0.4269271845685363
vn 0.33767505061036246 0.9204741020782413 0.19673074899096202
vn 0.10213087410534599 0.9930564083324278 0.05838025714551576
vn 0.41883427285860597 0.5365573521874079 0.7325872369162877
vn 0.19590401923966744 0.921082203997152 0.3364954512701372
vn 0.06123506146972324 0.9932314922717759 0.098698885537684
vn -0.002491613986227052 0.5390439022636718 0.8422739835066121
vn 0.003236615049853722 0.9222146848857984 0.3866647117387449
vn 0.005643042541390993 0.9935593971041939 0.11317190683569373
vn -0.4222126723246549 0.5420204499040681 0.7266018794458663
vn -0.18870590542851803 0.9235748784922594 0.33376567390073525
vn -0.04973334933731728 0.993951799575678 0.09791023482743735
vn -0.7278725245523967 0.5446802112959896 0.4165633870424488
vn -0.32845011682488795 0.9248023386090161 0.19199259168262894
vn -0.09004578121660596 0.9943040942276368 0.05701864157668318
vn -0.8375598380826121 0.5463246262311595 -0.004787525917676955
vn -0.37861503206928365 0.9255539931169138 -0.0006806735717528407
vn -0.10451830597125625 0.9945219450430992 0.001422864923206256
vn -0.7218713065593244 0.5465320604287659 -0.424505033762642
vn -0.32572372204368616 0.9256376319470758 -0.19261108800226798
vn -0.08925932159832474 0.9945465032810197 -0.05394465978485512
vn -0.41182918640247124 0.545195668687678 -0.7301769676395403
vn -0.17814167570378572 0.9242478569188393 -0.33768541922680123
vn -0.04225098890186675 0.994064930704314 -0.10024852857095527
usemtl texture0
f 1547/4687/1176 1548/4688/1176 1549/4689/1176 1550/4690/1176
f 1548/4691/1177 1551/4692/1177 1552/4693/1177 1549/4694/1177
f 1551/4695/1178 1553/4696/1178 1554/4697/1178 1552/4698/1178
f 1553/4699/1179 1555/4700/1179 1556/4701/1179 1554/4702/1179
f 1555/4703/1180 1557/4704/1180 1558/4705/1180 1556/4706/1180
f 1557/4707/1181 1559/4708/1181 1560/4709/1181 1558/4710/1181
f 1559/4711/1182 1561/4712/1182 1562/4713/1182 1560/4714/1182
f 1561/4715/1183 1563/4716/1183 1564/4717/1183 1562/4718/1183
f 1563/4719/1184 1565/4720/1184 1566/4721/1184 1564/4722/1184
f 1565/4723/1185 1567/4724/1185 1568/4725/1185 1566/4726/1185
f 1567/4727/1186 1569/4728/1186 1570/4729/1186 1568/4730/1186
f 1569/4731/1187 1547/4732/1187 1550/4733/1187 1570/4734/1187
f 1571/4735/1188 1572/4736/1188 1573/4737/1188 1574/4738/1188
f 1575/4739/1189 1571/4740/1189 1574/4741/1189 1576/4742/1189
f 1577/4743/1190 1575/4744/1190 1576/4745/1190 1578/4746/1190
f 1572/4747/1191 1577/4748/1191 1578/4749/1191 1573/4750/1191
f 1578/4751/1192 1576/4752/1192 1574/4753/1192 1573/4754/1192
f 1572/4755/1193 1571/4756/1193 1575/4757/1193 1577/4758/1193
f 1579/4759/1194 1580/4760/1194 1581/4761/1194 1582/4762/1194
f 1583/4763/1195 1579/4764/1195 1582/4765/1195 1584/4766/1195
f 1585/4767/1196 1583/4768/1196 1584/4769/1196 1586/4770/1196
f 1580/4771/1197 1585/4772/1197 1586/4773/1197 1581/4774/1197
f 1586/4775/1198 1584/4776/1198 1582/4777/1198 1581/4778/1198
f 1580/4779/1199 1579/4780/1199 1583/4781/1199 1585/4782/1199
f 1587/4783/1200 1588/4784/1200 1589/4785/1200 1590/4786/1200
f 1591/4787/1201 1587/4788/1201 1590/4789/1201 1592/4790/1201
f 1593/4791/1202 1591/4792/1202 1592/4793/1202 1594/4794/1202
f 1588/4795/1203 1593/4796/1203 1594/4797/1203 1589/4798/1203
f 1594/4799/1204 1592/4800/1204 1590/4801/1204 1589/4802/1204
f 1588/4803/1205 1587/4804/1205 1591/4805/1205 1593/4806/1205
f 1595/4807/1206 1596/4808/1206 1597/4809/1206 1598/4810/1206
f 1596/4811/1207 1599/4812/1207 1600/4813/1207 1597/4814/1207
f 1599/4815/1208 1601/4816/1208 1602/4817/1208 1600/4818/1208
f 1601/4819/1209 1603/4820/1209 1604/4821/1209 1602/4822/1209
f 1603/4823/1210 1605/4824/1210 1606/4825/1210 1604/4826/1210
f 1605/4827/1211 1607/4828/1211 1608/4829/1211 1606/4830/1211
f 1607/4831/1212 1609/4832/1212 1610/4833/1212 1608/4834/1212
f 1598/4835/1213 1597/4836/1213 1600/4837/1213 1602/4838/1213
f 1609/4839/1214 1595/4840/1214 1598/4841/1214 1610/4842/1214
f 1595/4843/1215 1609/4844/1215 1607/4845/1215 1605/4846/1215
f 1611/4847/1216 1612/4848/1216 1613/4849/1216 1614/4850/1216
f 1612/4851/1217 1615/4852/1217 1616/4853/1217 1613/4854/1217
f 1615/4855/1218 1617/4856/1218 1618/4857/1218 1616/4858/1218
f 1617/4859/1219 1619/4860/1219 1620/4861/1219 1618/4862/1219
f 1619/4863/1220 1621/4864/1220 1622/4865/1220 1620/4866/1220
f 1621/4867/1221 1623/4868/1221 1624/4869/1221 1622/4870/1221
f 1623/4871/1222 1625/4872/1222 1626/4873/1222 1624/4874/1222
f 1614/4875/1223 1613/4876/1223 1616/4877/1223 1618/4878/1223
f 1625/4879/1224 1611/4880/1224 1614/4881/1224 1626/4882/1224
f 1627/4883/1225 1628/4884/1225 1629/4885/1225 1630/4886/1225
f 1631/4887/1226 1632/4888/1226 1628/4889/1226 1627/4890/1226
f 1633/4891/1227 1634/4892/1227 1632/4893/1227 1631/4894/1227
f 1635/4895/1228 1636/4896/1228 1634/4897/1228 1633/4898/1228
f 1637/4899/1229 1638/4900/1229 1636/4901/1229 1635/4902/1229
f 1639/4903/1230 1640/4904/1230 1638/4905/1230 1637/4906/1230
f 1641/4907/1231 1642/4908/1231 1640/4909/1231 1639/4910/1231
f 1630/4911/1232 1629/4912/1232 1642/4913/1232 1641/4914/1232
f 1643/4915/1233 1644/4916/1233 1645/4917/1233 1646/4918/1233
f 1647/4919/1234 1648/4920/1234 1644/4921/1234 1643/4922/1234
f 1649/4923/1235 1650/4924/1235 1648/4925/1235 1647/4926/1235
f 1651/4927/1236 1652/4928/1236 1650/4929/1236 1649/4930/1236
f 1653/4931/1237 1654/4932/1237 1652/4933/1237 1651/4934/1237
f 1655/4935/1238 1656/4936/1238 1654/4937/1238 1653/4938/1238
f 1646/4939/1239 1657/4940/1239 1655/4941/1239 1653/4942/1239
f 1657/4943/1240 1658/4944/1240 1656/4945/1240 1655/4946/1240
f 1645/4947/1241 1644/4948/1241 1648/4949/1241 1650/4950/1241
f 1646/4951/1242 1645/4952/1242 1658/4953/1242 1657/4954/1242
f 1659/4955/1243 1660/4956/1243 1661/4957/1243 1662/4958/1243
f 1660/4959/1244 1663/4960/1244 1664/4961/1244 1661/4962/1244
f 1664/4963/1245 1663/4964/1245 1665/4965/1245
f 1662/4966/1246 1661/4967/1246 1666/4968/1246 1667/4969/1246
f 1661/4970/1247 1664/4971/1247 1668/4972/1247 1666/4973/1247
f 1668/4974/1248 1664/4975/1248 1665/4976/1248
f 1667/4977/1249 1666/4978/1249 1669/4979/1249 1670/4980/1249
f 1666/4981/1250 1668/4982/1250 1671/4983/1250 1669/4984/1250
f 1671/4985/1251 1668/4986/1251 1665/4987/1251
f 1670/4988/1252 1669/4989/1252 1672/4990/1252 1673/4991/1252
f 1669/4992/1253 1671/4993/1253 1674/4994/1253 1672/4995/1253
f 1674/4996/1254 1671/4997/1254 1665/4998/1254
f 1673/4999/1255 1672/5000/1255 1675/5001/1255 1676/5002/1255
f 1672/5003/1256 1674/5004/1256 1677/5005/1256 1675/5006/1256
f 1677/5007/1257 1674/5008/1257 1665/5009/1257
f 1676/5010/1258 1675/5011/1258 1678/5012/1258 1679/5013/1258
f 1675/5014/1259 1677/5015/1259 1680/5016/1259 1678/5017/1259
f 1680/5018/1260 1677/5019/1260 1665/5020/1260
f 1679/5021/1261 1678/5022/1261 1681/5023/1261 1682/5024/1261
f 1678/5025/1262 1680/5026/1262 1683/5027/1262 1681/5028/1262
f 1683/5029/1263 1680/5030/1263 1665/5031/1263
f 1682/5032/1264 1681/5033/1264 1684/5034/1264 1685/5035/1264
f 1681/5036/1265 1683/5037/1265 1686/5038/1265 1684/5039/1265
f 1686/5040/1266 1683/5041/1266 1665/5042/1266
f 1687/5043/1267 1684/5044/1267 1688/5045/1267 1689/5046/1267
f 1684/5047/1268 1686/5048/1268 1690/5049/1268 1688/5050/1268
f 1690/5051/1269 1686/5052/1269 1665/5053/1269
f 1691/5054/1270 1688/5055/1270 1692/5056/1270 1693/5057/1270
f 1688/5058/1271 1690/5059/1271 1694/5060/1271 1692/5061/1271
f 1694/5062/1272 1690/5063/1272 1665/5064/1272
f 1693/5065/1273 1692/5066/1273 1695/5067/1273 1696/5068/1273
f 1692/5069/1274 1694/5070/1274 1697/5071/1274 1695/5072/1274
f 1697/5073/1275 1694/5074/1275 1665/5075/1275
f 1696/5076/1276 1695/5077/1276 1660/5078/1276 1659/5079/1276
f 1695/5080/1277 1697/5081/1277 1663/5082/1277 1660/5083/1277
f 1663/5084/1278 1697/5085/1278 1665/5086/1278
o pipe-cover_pipe_cover_2
v -0.0625 1.371875 0.5
v 1.0625 1.371875 0.5
v 1.0625 1.371875 0.3125
v -0.0625 1.371875 0.3125
v 0.0625 1.3125 0.25
v -0.0625 1.3125 0.25
v -0.0625 1.375 0.25
v 0.0625 1.375 0.25
v 0.0625 1.3125 0.3125
v 0.0625 1.375 0.3125
v -0.0625 1.3125 0.3125
v -0.0625 1.375 0.3125
v 0.0625 0.9375 0.25
v -0.0625 0.9375 0.25
v -0.0625 1 0.25
v 0.0625 1 0.25
v 0.0625 0.9375 0.3125
v 0.0625 1 0.3125
v -0.0625 0.9375 0.3125
v -0.0625 1 0.3125
v 0.0625 0.5625 0.25
v -0.0625 0.5625 0.25
v -0.0625 0.625 0.25
v 0.0625 0.625 0.25
v 0.0625 0.5625 0.3125
v 0.0625 0.625 0.3125
v -0.0625 0.5625 0.3125
v -0.0625 0.625 0.3125
v -0.0625 1.5625 0.5
v 1.19375 1.5625 0.5
v 1.19375 1.5625 0.3125
v -0.0625 1.5625 0.3125
v 1.192188 1.5625 0.5
v 1.192188 0.30625 0.5
v 1.192188 0.30625 0.3125
v 1.192188 1.5625 0.3125
v -0.0625 0.996875 0.5
v 1.0625 0.996875 0.5
v 1.0625 0.996875 0.3125
v -0.0625 0.996875 0.3125
v -0.0625 0.621875 0.5
v 1.0625 0.621875 0.5
v 1.0625 0.621875 0.3125
v -0.0625 0.621875 0.3125
v 1.19375 0.25 0.501562
v -0.0625 0.25 0.501562
v -0.0625 1.5625 0.501562
v 1.19375 1.5625 0.501562
v 1.19375 0.25 0.501562
v 1.19375 1.5625 0.501562
v -0.0625 0.25 0.501562
v -0.0625 1.5625 0.501562
vt 0.756246 0.584906
vt 0.756246 0.365656
vt 0.792787 0.365656
vt 0.792787 0.584906
vt 0.986246 0.727056
vt 0.986246 0.702695
vt 0.998427 0.702695
vt 0.998427 0.727056
vt 0.423933 0.975539
vt 0.436113 0.975539
vt 0.436113 0.987719
vt 0.423933 0.987719
vt 0.986297 0.666286
vt 0.986297 0.641925
vt 0.998477 0.641925
vt 0.998477 0.666286
vt 0.95466 0.727189
vt 0.942479 0.727189
vt 0.942479 0.715009
vt 0.95466 0.715009
vt 0.197922 0.998807
vt 0.197922 0.974446
vt 0.210102 0.974446
vt 0.210102 0.998807
vt 0.99899 0.04875700000000005
vt 0.99899 0.07311800000000002
vt 0.98681 0.07311800000000002
vt 0.98681 0.04875700000000005
vt 0.98681 0.09749600000000003
vt 0.98681 0.07313499999999995
vt 0.99899 0.07313499999999995
vt 0.99899 0.09749600000000003
vt 0.810278 0.610593
vt 0.822458 0.610593
vt 0.822458 0.622774
vt 0.810278 0.622774
vt 0.98681 0.121857
vt 0.98681 0.09749600000000003
vt 0.99899 0.09749600000000003
vt 0.99899 0.121857
vt 0.436113 0.987719
vt 0.436113 0.975539
vt 0.448294 0.975539
vt 0.448294 0.987719
vt 0.98681 0.14625299999999997
vt 0.98681 0.121892
vt 0.99899 0.121892
vt 0.99899 0.14625299999999997
vt 0.99899 0.14627
vt 0.99899 0.17063099999999998
vt 0.98681 0.17063099999999998
vt 0.98681 0.14627
vt 0.986809 0.19502600000000003
vt 0.986809 0.17066500000000007
vt 0.99899 0.17066500000000007
vt 0.99899 0.19502600000000003
vt 0.927254 0.714867
vt 0.939434 0.714867
vt 0.939434 0.727048
vt 0.927254 0.727048
vt 0.288751 0.999045
vt 0.288751 0.974684
vt 0.300931 0.974684
vt 0.300931 0.999045
vt 0.962296 0.25579299999999994
vt 0.950115 0.25579299999999994
vt 0.950115 0.24361199999999994
vt 0.962296 0.24361199999999994
vt 0.357366 0.999045
vt 0.357366 0.974684
vt 0.369546 0.974684
vt 0.369546 0.999045
vt 0.028324 0.97497
vt 0.028324 0.999331
vt 0.016143 0.999331
vt 0.016143 0.97497
vt 0.829329 0.585886
vt 0.829329 0.341056
vt 0.865871 0.341056
vt 0.865871 0.585886
vt 0.792787 0.610485
vt 0.792787 0.36565500000000006
vt 0.829329 0.36565500000000006
vt 0.829329 0.610485
vt 0.865871 0.902493
vt 0.865871 0.683243
vt 0.902413 0.683243
vt 0.902413 0.902493
vt 0.902413 0.951172
vt 0.902413 0.731921
vt 0.938954 0.731921
vt 0.938954 0.951172
vt 0.389779 0
vt 0.634608 0
vt 0.634608 0.255792
vt 0.389779 0.255792
vt 0.194889 0.38977799999999996
vt 0.194889 0.38977799999999996
vt 0.194889 0.38977799999999996
vt 0.194889 0.38977799999999996
vt 0.389779 0.255792
vt 0.634608 0.255792
vt 0.634608 0.511584
vt 0.389779 0.511584
vt 0.194889 0.38977799999999996
vt 0.194889 0.38977799999999996
vt 0.194889 0.38977799999999996
vt 0.194889 0.38977799999999996
vt 0.194889 0.38977799999999996
vt 0.194889 0.38977799999999996
vt 0.194889 0.38977799999999996
vt 0.194889 0.38977799999999996
vt 0.194889 0.38977799999999996
vt 0.194889 0.38977799999999996
vt 0.194889 0.38977799999999996
vt 0.194889 0.38977799999999996
vn 0 1 0
vn 0 0 -1
vn 1 0 0
vn 0 0 1
vn -1 0 0
vn 0 1 0
vn 0 -1 0
vn 0 0 -1
vn 1 0 0
vn 0 0 1
vn -1 0 0
vn 0 1 0
vn 0 -1 0
vn 0 0 -1
vn 1 0 0
vn 0 0 1
vn -1 0 0
vn 0 1 0
vn 0 -1 0
vn 0 1 0
vn 1 0 0
vn 0 1 0
vn 0 1 0
vn 0 0 -1
vn 0 0 0
vn 0 0 1
vn 0 0 0
vn 0 0 0
vn 0 0 0
usemtl texture0
f 1698/5087/1279 1699/5088/1279 1700/5089/1279 1701/5090/1279
f 1702/5091/1280 1703/5092/1280 1704/5093/1280 1705/5094/1280
f 1706/5095/1281 1702/5096/1281 1705/5097/1281 1707/5098/1281
f 1708/5099/1282 1706/5100/1282 1707/5101/1282 1709/5102/1282
f 1703/5103/1283 1708/5104/1283 1709/5105/1283 1704/5106/1283
f 1709/5107/1284 1707/5108/1284 1705/5109/1284 1704/5110/1284
f 1703/5111/1285 1702/5112/1285 1706/5113/1285 1708/5114/1285
f 1710/5115/1286 1711/5116/1286 1712/5117/1286 1713/5118/1286
f 1714/5119/1287 1710/5120/1287 1713/5121/1287 1715/5122/1287
f 1716/5123/1288 1714/5124/1288 1715/5125/1288 1717/5126/1288
f 1711/5127/1289 1716/5128/1289 1717/5129/1289 1712/5130/1289
f 1717/5131/1290 1715/5132/1290 1713/5133/1290 1712/5134/1290
f 1711/5135/1291 1710/5136/1291 1714/5137/1291 1716/5138/1291
f 1718/5139/1292 1719/5140/1292 1720/5141/1292 1721/5142/1292
f 1722/5143/1293 1718/5144/1293 1721/5145/1293 1723/5146/1293
f 1724/5147/1294 1722/5148/1294 1723/5149/1294 1725/5150/1294
f 1719/5151/1295 1724/5152/1295 1725/5153/1295 1720/5154/1295
f 1725/5155/1296 1723/5156/1296 1721/5157/1296 1720/5158/1296
f 1719/5159/1297 1718/5160/1297 1722/5161/1297 1724/5162/1297
f 1726/5163/1298 1727/5164/1298 1728/5165/1298 1729/5166/1298
f 1730/5167/1299 1731/5168/1299 1732/5169/1299 1733/5170/1299
f 1734/5171/1300 1735/5172/1300 1736/5173/1300 1737/5174/1300
f 1738/5175/1301 1739/5176/1301 1740/5177/1301 1741/5178/1301
f 1742/5179/1302 1743/5180/1302 1744/5181/1302 1745/5182/1302
f 1746/5183/1303 1742/5184/1303 1745/5185/1303 1747/5186/1303
f 1748/5187/1304 1746/5188/1304 1747/5189/1304 1749/5190/1304
f 1743/5191/1305 1748/5192/1305 1749/5193/1305 1744/5194/1305
f 1749/5195/1306 1747/5196/1306 1745/5197/1306 1744/5198/1306
f 1743/5199/1307 1742/5200/1307 1746/5201/1307 1748/5202/1307