# Blender 4.2.0
# www.blender.org
mtllib tinyboi.mtl
g gasifier-base_base
v 0.015000 0.001250 0.005000
v 0.015000 0.001250 -0.005000
v 0.015000 0.000000 0.005000
v 0.015000 -0.000000 -0.005000
v -0.005000 0.001250 -0.005000
v -0.005000 0.001250 0.005000
v -0.005000 -0.000000 -0.005000
v -0.005000 0.000000 0.005000
vn -0.0000 -0.0000 -1.0000
vn 1.0000 -0.0000 -0.0000
vn -0.0000 -0.0000 1.0000
vn -1.0000 -0.0000 -0.0000
vn -0.0000 1.0000 -0.0000
vn -0.0000 -1.0000 -0.0000
vt 0.599304 0.901363
vt 0.599304 0.511584
vt 0.623665 0.511584
vt 0.623665 0.901363
vt 0.858637 0.731887
vt 0.858637 0.926776
vt 0.834276 0.926776
vt 0.834276 0.731887
vt 0.902413 0.389778
vt 0.902413 -0.000000
vt 0.926774 0.000000
vt 0.926774 0.389778
vt 0.180085 0.950085
vt 0.180085 0.755196
vt 0.204446 0.755196
vt 0.204446 0.950085
vt 0.000000 0.389778
vt 0.000000 0.000000
vt 0.194889 0.000000
vt 0.194889 0.389778
vt 0.389779 0.000000
vt 0.389778 0.389778
vt 0.194889 0.389778
vt 0.194889 -0.000000
s 0
g gasifier-base_blue
usemtl blue
f 4/1/1 7/2/1 5/3/1 2/4/1
f 3/5/2 4/6/2 2/7/2 1/8/2
f 8/9/3 3/10/3 1/11/3 6/12/3
f 7/13/4 8/14/4 6/15/4 5/16/4
f 6/17/5 1/18/5 2/19/5 5/20/5
f 7/21/6 4/22/6 3/23/6 8/24/6
g piping2_cylinder.002
v -0.005000 0.005259 0.000625
v -0.005000 0.005625 0.000259
v -0.005000 0.005625 -0.000259
v -0.005000 0.005259 -0.000625
v -0.005000 0.004741 -0.000625
v -0.005000 0.004375 -0.000259
v -0.005000 0.004375 0.000259
v -0.005000 0.004741 0.000625
v -0.004838 0.004741 0.000625
v -0.004838 0.004375 0.000259
v -0.004838 0.004375 -0.000259
v -0.004838 0.004741 -0.000625
v -0.004838 0.005259 -0.000625
v -0.004838 0.005625 -0.000259
v -0.004838 0.005625 0.000259
v -0.004838 0.005259 0.000625
v -0.005000 0.005311 0.000750
v -0.005250 0.005311 0.000750
v -0.005000 0.005750 0.000311
v -0.005250 0.005750 0.000311
v -0.005000 0.005750 -0.000311
v -0.005250 0.005750 -0.000311
v -0.005000 0.005311 -0.000750
v -0.005250 0.005311 -0.000750
v -0.005000 0.004689 -0.000750
v -0.005250 0.004689 -0.000750
v -0.005000 0.004250 -0.000311
v -0.005250 0.004250 -0.000311
v -0.005000 0.004250 0.000311
v -0.005250 0.004250 0.000311
v -0.005000 0.004689 0.000750
v -0.005250 0.004689 0.000750
v -0.001378 0.023125 -0.000641
v -0.001378 0.022281 -0.000641
v -0.001333 0.023125 -0.000125
v -0.001333 0.022281 -0.000125
v -0.000936 0.023125 0.000208
v -0.000936 0.022281 0.000208
v -0.000421 0.023125 0.000163
v -0.000421 0.022281 0.000163
v -0.000088 0.023125 -0.000234
v -0.000088 0.022281 -0.000234
v -0.000133 0.023125 -0.000750
v -0.000133 0.022281 -0.000750
v -0.000529 0.023125 -0.001083
v -0.000529 0.022281 -0.001083
v -0.001045 0.023125 -0.001038
v -0.001045 0.022281 -0.001038
v -0.001378 0.023125 -0.000635
v -0.001333 0.023125 -0.000119
v -0.000937 0.023125 0.000214
v -0.000421 0.023125 0.000169
v -0.000088 0.023125 -0.000228
v -0.000133 0.023125 -0.000744
v -0.000530 0.023125 -0.001077
v -0.001045 0.023125 -0.001032
v -0.001333 0.023124 -0.000119
v -0.001613 0.023490 -0.000355
v -0.000936 0.023124 0.000214
v -0.000656 0.023490 0.000449
v -0.000656 0.024008 0.000449
v -0.000936 0.024374 0.000214
v -0.001333 0.024374 -0.000119
v -0.001613 0.024008 -0.000355
v -0.001440 0.023954 -0.000562
v -0.001289 0.023819 -0.000742
v -0.001167 0.023630 -0.000887
v -0.001080 0.023395 -0.000990
v -0.000580 0.023526 -0.001017
v -0.000700 0.023853 -0.000874
v -0.000865 0.024109 -0.000677
v -0.001075 0.024296 -0.000427
v -0.000183 0.023526 -0.000684
v -0.000303 0.023853 -0.000541
v -0.000468 0.024109 -0.000344
v -0.000679 0.024296 -0.000094
v -0.000123 0.023395 -0.000187
v -0.000209 0.023630 -0.000083
v -0.000331 0.023819 0.000062
v -0.000482 0.023954 0.000242
v -0.000433 0.023210 0.000184
v -0.000473 0.023314 0.000231
v -0.000534 0.023409 0.000304
v -0.000601 0.023471 0.000383
v -0.000934 0.023079 0.000210
v -0.000940 0.023090 0.000218
v -0.000958 0.023119 0.000240
v -0.000965 0.023129 0.000248
v -0.001330 0.023079 -0.000123
v -0.001337 0.023090 -0.000115
v -0.001355 0.023119 -0.000093
v -0.001362 0.023129 -0.000085
v -0.001391 0.023210 -0.000620
v -0.001431 0.023314 -0.000573
v -0.001492 0.023409 -0.000500
v -0.001558 0.023471 -0.000420
v -0.004481 0.004384 0.000691
v -0.004843 0.004741 0.000628
v -0.004843 0.005259 0.000628
v -0.004481 0.005634 0.000691
v -0.003963 0.005634 0.000691
v -0.003597 0.005267 0.000691
v -0.003597 0.004750 0.000691
v -0.003963 0.004384 0.000691
v -0.004843 0.004741 0.000628
v -0.004843 0.004375 0.000262
v -0.004843 0.005259 0.000628
v -0.004843 0.005625 0.000262
v -0.004843 0.005625 -0.000256
v -0.004843 0.005259 -0.000622
v -0.004843 0.004741 -0.000622
v -0.004843 0.004375 -0.000256
v -0.004573 0.004375 -0.000202
v -0.004338 0.004375 -0.000067
v -0.004148 0.004375 0.000123
v -0.004013 0.004375 0.000357
v -0.003671 0.004741 0.000226
v -0.003858 0.004741 -0.000101
v -0.004115 0.004741 -0.000357
v -0.004442 0.004741 -0.000544
v -0.003671 0.005259 0.000226
v -0.003858 0.005259 -0.000101
v -0.004115 0.005259 -0.000357
v -0.004442 0.005259 -0.000544
v -0.004013 0.005625 0.000357
v -0.004148 0.005625 0.000123
v -0.004338 0.005625 -0.000067
v -0.004573 0.005625 -0.000202
v -0.004497 0.005625 0.000542
v -0.004559 0.005625 0.000439
v -0.004654 0.005625 0.000343
v -0.004758 0.005625 0.000282
v -0.004842 0.005267 0.000736
v -0.004849 0.005259 0.000662
v -0.004877 0.005259 0.000633
v -0.004888 0.005259 0.000624
v -0.004842 0.004750 0.000736
v -0.004849 0.004741 0.000662
v -0.004877 0.004741 0.000633
v -0.004888 0.004741 0.000624
v -0.004497 0.004375 0.000542
v -0.004559 0.004375 0.000439
v -0.004654 0.004375 0.000343
v -0.004758 0.004375 0.000282
v -0.002499 0.023125 0.002638
v -0.002544 0.023125 0.002123
v -0.003789 0.023125 0.002231
v -0.003744 0.023125 0.002747
v -0.003347 0.023125 0.003080
v -0.002831 0.023125 0.003035
v -0.000656 0.023491 0.000444
v -0.002179 0.023491 0.002257
v -0.000937 0.023125 0.000208
v -0.002459 0.023125 0.002022
v -0.001333 0.023125 -0.000125
v -0.002856 0.023125 0.001689
v -0.001614 0.023491 -0.000360
v -0.003136 0.023491 0.001454
v -0.001614 0.024009 -0.000360
v -0.003136 0.024009 0.001454
v -0.001333 0.024375 -0.000125
v -0.002856 0.024375 0.001689
v -0.000937 0.024375 0.000208
v -0.002459 0.024375 0.002022
v -0.000656 0.024009 0.000444
v -0.002179 0.024009 0.002257
v -0.002459 0.023125 0.002022
v -0.002179 0.023491 0.002257
v -0.002856 0.023125 0.001689
v -0.003136 0.023491 0.001454
v -0.003136 0.024009 0.001454
v -0.002856 0.024375 0.001689
v -0.002459 0.024375 0.002022
v -0.002179 0.024009 0.002257
v -0.002459 0.023125 0.002022
v -0.002179 0.023491 0.002257
v -0.002856 0.023125 0.001689
v -0.003136 0.023491 0.001454
v -0.003136 0.024009 0.001454
v -0.002856 0.024375 0.001689
v -0.002459 0.024375 0.002022
v -0.002179 0.024009 0.002257
v -0.002459 0.023125 0.002022
v -0.002179 0.023491 0.002257
v -0.002856 0.023125 0.001689
v -0.003136 0.023491 0.001454
v -0.003136 0.024009 0.001454
v -0.002856 0.024375 0.001689
v -0.002459 0.024375 0.002022
v -0.002179 0.024009 0.002257
v -0.002543 0.023125 0.002122
v -0.002263 0.023491 0.002358
v -0.002940 0.023125 0.001790
v -0.003220 0.023491 0.001554
v -0.003220 0.024009 0.001554
v -0.002940 0.024375 0.001790
v -0.002543 0.024375 0.002122
v -0.002263 0.024009 0.002358
v -0.002459 0.023125 0.002022
v -0.002179 0.023491 0.002257
v -0.002856 0.023125 0.001689
v -0.003136 0.023491 0.001454
v -0.003136 0.024009 0.001454
v -0.002856 0.024375 0.001689
v -0.002459 0.024375 0.002022
v -0.002179 0.024009 0.002257
v -0.001418 0.024009 0.001350
v -0.001698 0.024375 0.001115
v -0.002095 0.024375 0.000782
v -0.002375 0.024009 0.000547
v -0.002375 0.023491 0.000547
v -0.002095 0.023125 0.000782
v -0.001418 0.023491 0.001350
v -0.001698 0.023125 0.001115
v -0.002544 0.023125 0.002123
v -0.002263 0.023491 0.002358
v -0.002940 0.023125 0.001790
v -0.003221 0.023491 0.001555
v -0.003221 0.024009 0.001555
v -0.002940 0.024375 0.001790
v -0.002544 0.024375 0.002123
v -0.002263 0.024009 0.002358
v -0.002499 0.023125 0.002638
v -0.002544 0.023125 0.002123
v -0.002940 0.023125 0.001790
v -0.003456 0.023125 0.001835
v -0.003789 0.023125 0.002231
v -0.003744 0.023125 0.002747
v -0.003347 0.023125 0.003080
v -0.002831 0.023125 0.003035
v -0.002544 0.023125 0.002123
v -0.002263 0.023491 0.002358
v -0.002940 0.023125 0.001790
v -0.003221 0.023491 0.001555
v -0.003221 0.024009 0.001555
v -0.002940 0.024375 0.001790
v -0.002544 0.024375 0.002123
v -0.002263 0.024009 0.002358
v -0.002437 0.023955 0.002565
v -0.002588 0.023820 0.002745
v -0.002710 0.023630 0.002890
v -0.002797 0.023396 0.002994
v -0.003297 0.023527 0.003020
v -0.003177 0.023854 0.002877
v -0.003012 0.024110 0.002681
v -0.002802 0.024297 0.002430
v -0.003694 0.023527 0.002688
v -0.003574 0.023854 0.002544
v -0.003409 0.024110 0.002348
v -0.003198 0.024297 0.002097
v -0.003754 0.023396 0.002190
v -0.003667 0.023630 0.002087
v -0.003546 0.023820 0.001941
v -0.003395 0.023955 0.001762
v -0.003443 0.023211 0.001820
v -0.003404 0.023314 0.001773
v -0.003342 0.023410 0.001700
v -0.003276 0.023471 0.001620
v -0.002943 0.023080 0.001793
v -0.002937 0.023091 0.001786
v -0.002918 0.023120 0.001764
v -0.002911 0.023129 0.001755
v -0.002547 0.023080 0.002126
v -0.002540 0.023091 0.002119
v -0.002522 0.023120 0.002097
v -0.002515 0.023129 0.002088
v -0.002486 0.023211 0.002623
v -0.002446 0.023314 0.002576
v -0.002385 0.023410 0.002503
v -0.002318 0.023471 0.002424
v -0.003964 0.004380 0.001770
v -0.003964 0.004380 0.000689
v -0.003599 0.004747 0.001770
v -0.003599 0.004747 0.000689
v -0.003599 0.005264 0.001770
v -0.003599 0.005264 0.000689
v -0.003964 0.005630 0.001770
v -0.003964 0.005630 0.000689
v -0.004479 0.005630 0.001770
v -0.004479 0.005630 0.000689
v -0.004844 0.005264 0.001770
v -0.004844 0.005264 0.000689
v -0.004844 0.004747 0.001770
v -0.004844 0.004747 0.000689
v -0.004479 0.004380 0.001770
v -0.004479 0.004380 0.000689
v -0.004862 0.005628 0.002089
v -0.004483 0.005628 0.001736
v -0.003966 0.005628 0.001754
v -0.003613 0.005628 0.002133
v -0.003631 0.005628 0.002650
v -0.004009 0.005628 0.003003
v -0.004527 0.005628 0.002985
v -0.004880 0.005628 0.002607
v -0.004483 0.005629 0.001736
v -0.004849 0.005263 0.001724
v -0.003966 0.005629 0.001754
v -0.003600 0.005263 0.001767
v -0.003600 0.004745 0.001767
v -0.003966 0.004379 0.001754
v -0.004483 0.004379 0.001736
v -0.004849 0.004745 0.001724
v -0.004859 0.004799 0.001994
v -0.004867 0.004934 0.002228
v -0.004873 0.005123 0.002418
v -0.004878 0.005358 0.002553
v -0.004524 0.005227 0.002908
v -0.004518 0.004900 0.002721
v -0.004509 0.004644 0.002464
v -0.004497 0.004457 0.002137
v -0.004007 0.005227 0.002926
v -0.004000 0.004900 0.002739
v -0.003991 0.004644 0.002482
v -0.003980 0.004457 0.002155
v -0.003629 0.005358 0.002597
v -0.003624 0.005123 0.002462
v -0.003618 0.004934 0.002272
v -0.003609 0.004799 0.002038
v -0.003612 0.005543 0.002113
v -0.003610 0.005439 0.002052
v -0.003606 0.005344 0.001956
v -0.003603 0.005282 0.001853
v -0.003966 0.005674 0.001759
v -0.003966 0.005663 0.001749
v -0.003965 0.005634 0.001720
v -0.003964 0.005624 0.001709
v -0.004483 0.005674 0.001741
v -0.004483 0.005663 0.001731
v -0.004482 0.005634 0.001702
v -0.004482 0.005624 0.001691
v -0.004861 0.005543 0.002070
v -0.004859 0.005439 0.002008
v -0.004856 0.005344 0.001913
v -0.004852 0.005282 0.001809
v -0.004862 0.005628 0.002089
v -0.004483 0.005628 0.001736
v -0.003966 0.005628 0.001754
v -0.003613 0.005628 0.002133
v -0.003631 0.005628 0.002650
v -0.004009 0.005628 0.003003
v -0.004527 0.005628 0.002985
v -0.004880 0.005628 0.002607
v -0.003964 0.005624 0.001709
v -0.004482 0.005624 0.001691
v -0.002500 0.023132 0.002642
v -0.002500 0.018757 0.002642
v -0.002545 0.023132 0.002126
v -0.002545 0.018757 0.002126
v -0.002941 0.023132 0.001793
v -0.002941 0.018757 0.001793
v -0.003457 0.023132 0.001838
v -0.003457 0.018757 0.001838
v -0.003790 0.023132 0.002235
v -0.003790 0.018757 0.002235
v -0.003745 0.023132 0.002750
v -0.003745 0.018757 0.002750
v -0.003348 0.023132 0.003083
v -0.003348 0.018757 0.003083
v -0.002832 0.023132 0.003038
v -0.002832 0.018757 0.003038
v -0.004862 0.005628 0.002089
v -0.003613 0.005628 0.002133
v -0.003631 0.005628 0.002650
v -0.004009 0.005628 0.003003
v -0.004527 0.005628 0.002985
v -0.004880 0.005628 0.002607
v -0.004483 0.005756 0.001736
v -0.004862 0.005756 0.002089
v -0.003966 0.005756 0.001754
v -0.003613 0.005756 0.002133
v -0.003631 0.005756 0.002650
v -0.004009 0.005756 0.003003
v -0.004527 0.005756 0.002985
v -0.004880 0.005756 0.002607
v -0.003950 0.005902 0.001760
v -0.003907 0.006315 0.001775
v -0.003840 0.006956 0.001798
v -0.003752 0.007788 0.001826
v -0.003648 0.008772 0.001859
v -0.003532 0.009870 0.001894
v -0.003407 0.011044 0.001929
v -0.003277 0.012257 0.001963
v -0.003145 0.013469 0.001996
v -0.003015 0.014644 0.002025
v -0.002892 0.015742 0.002053
v -0.002780 0.016726 0.002077
v -0.002685 0.017557 0.002097
v -0.002610 0.018199 0.002112
v -0.002562 0.018611 0.002122
v -0.002959 0.018611 0.001794
v -0.003009 0.018199 0.001796
v -0.003086 0.017557 0.001798
v -0.003186 0.016726 0.001800
v -0.003302 0.015742 0.001802
v -0.003432 0.014644 0.001802
v -0.003570 0.013469 0.001800
v -0.003711 0.012257 0.001797
v -0.003853 0.011044 0.001790
v -0.003991 0.009870 0.001781
v -0.004121 0.008772 0.001771
v -0.004238 0.007788 0.001761
v -0.004338 0.006956 0.001751
v -0.004415 0.006315 0.001744
v -0.004465 0.005902 0.001738
v -0.003472 0.018611 0.001842
v -0.003515 0.018199 0.001853
v -0.003581 0.017557 0.001870
v -0.003668 0.016726 0.001891
v -0.003770 0.015742 0.001914
v -0.003884 0.014644 0.001939
v -0.004008 0.013469 0.001963
v -0.004136 0.012257 0.001986
v -0.004267 0.011044 0.002007
v -0.004395 0.009870 0.002026
v -0.004517 0.008772 0.002043
v -0.004628 0.007788 0.002058
v -0.004723 0.006956 0.002071
v -0.004797 0.006315 0.002081
v -0.004845 0.005902 0.002087
v -0.003801 0.018611 0.002239
v -0.003832 0.018199 0.002252
v -0.003880 0.017557 0.002271
v -0.003944 0.016726 0.002296
v -0.004021 0.015742 0.002324
v -0.004108 0.014644 0.002355
v -0.004203 0.013469 0.002387
v -0.004303 0.012257 0.002420
v -0.004406 0.011044 0.002453
v -0.004508 0.009870 0.002485
v -0.004605 0.008772 0.002516
v -0.004694 0.007788 0.002544
v -0.004769 0.006956 0.002569
v -0.004828 0.006315 0.002589
v -0.004866 0.005902 0.002602
v -0.003752 0.018611 0.002752
v -0.003774 0.018199 0.002758
v -0.003808 0.017557 0.002767
v -0.003853 0.016726 0.002778
v -0.003908 0.015742 0.002792
v -0.003971 0.014644 0.002808
v -0.004040 0.013469 0.002825
v -0.004114 0.012257 0.002845
v -0.004189 0.011044 0.002866
v -0.004263 0.009870 0.002889
v -0.004333 0.008772 0.002912
v -0.004396 0.007788 0.002934
v -0.004450 0.006956 0.002954
v -0.004491 0.006315 0.002971
v -0.004517 0.005902 0.002981
v -0.003355 0.018611 0.003081
v -0.003375 0.018199 0.003075
v -0.003407 0.017557 0.003066
v -0.003448 0.016726 0.003055
v -0.003498 0.015742 0.003043
v -0.003555 0.014644 0.003031
v -0.003616 0.013469 0.003020
v -0.003680 0.012257 0.003011
v -0.003743 0.011044 0.003005
v -0.003804 0.009870 0.003002
v -0.003861 0.008772 0.003000
v -0.003910 0.007788 0.003000
v -0.003952 0.006956 0.003001
v -0.003983 0.006315 0.003002
v -0.004002 0.005902 0.003003
v -0.002842 0.018611 0.003033
v -0.002869 0.018199 0.003017
v -0.002912 0.017557 0.002993
v -0.002966 0.016726 0.002964
v -0.003031 0.015742 0.002930
v -0.003102 0.014644 0.002894
v -0.003178 0.013469 0.002858
v -0.003255 0.012257 0.002822
v -0.003330 0.011044 0.002788
v -0.003400 0.009870 0.002757
v -0.003464 0.008772 0.002728
v -0.003520 0.007788 0.002703
v -0.003566 0.006956 0.002681
v -0.003601 0.006315 0.002665
v -0.003623 0.005902 0.002654
v -0.002514 0.018611 0.002635
v -0.002552 0.018199 0.002618
v -0.002613 0.017557 0.002592
v -0.002690 0.016726 0.002559
v -0.002780 0.015742 0.002520
v -0.002879 0.014644 0.002478
v -0.002983 0.013469 0.002434
v -0.003088 0.012257 0.002388
v -0.003190 0.011044 0.002343
v -0.003287 0.009870 0.002298
v -0.003376 0.008772 0.002255
v -0.003455 0.007788 0.002217
v -0.003520 0.006956 0.002183
v -0.003570 0.006315 0.002156
v -0.003602 0.005902 0.002139
vn -0.0000 0.7071 0.7071
vn -0.0000 1.0000 -0.0000
vn -0.0000 0.7071 -0.7071
vn -0.0000 -0.0000 -1.0000
vn -0.0000 -0.7071 -0.7071
vn -0.0000 -1.0000 -0.0000
vn -0.0000 -0.7071 0.7071
vn -1.0000 -0.0000 -0.0000
vn -0.0000 -0.0000 1.0000
vn 1.0000 -0.0000 -0.0000
vn -0.9962 -0.0000 0.0870
vn -0.6429 -0.0000 0.7660
vn 0.0870 -0.0000 0.9962
vn 0.7660 -0.0000 0.6429
vn 0.9962 -0.0000 -0.0870
vn 0.6429 -0.0000 -0.7660
vn -0.0870 -0.0000 -0.9962
vn -0.7660 -0.0000 -0.6429
vn -0.4489 0.6997 -0.5558
vn 0.1225 0.9817 -0.1460
vn 0.6252 0.6997 0.3457
vn 0.3716 -0.6731 0.6395
vn -0.6942 -0.6731 -0.2550
vn -0.6942 -0.6731 -0.2551
vn -0.3115 0.6168 -0.7229
vn -0.2166 0.5022 -0.8372
vn -0.1423 0.3537 -0.9245
vn -0.0872 0.1372 -0.9867
vn 0.3189 0.8683 -0.3799
vn 0.4545 0.7072 -0.5415
vn 0.5581 0.4963 -0.6650
vn 0.6311 0.1907 -0.7519
vn 0.7660 0.6168 0.1814
vn 0.8621 0.5022 0.0682
vn 0.9352 0.3537 -0.0202
vn 0.9869 0.1372 -0.0852
vn 0.2963 -0.6033 0.7404
vn 0.2167 -0.5023 0.8371
vn 0.1506 -0.3768 0.9140
vn 0.1003 -0.2520 0.9625
vn -0.4286 -0.7453 0.5108
vn -0.4544 -0.7074 0.5414
vn -0.4783 -0.6682 0.5699
vn -0.7805 -0.6034 -0.1634
vn -0.8621 -0.5022 -0.0682
vn -0.9262 -0.3768 0.0102
vn -0.9653 -0.2519 0.0682
vn 0.1371 -0.7011 -0.6997
vn 0.1905 -0.0000 -0.9817
vn 0.1371 0.7011 -0.6997
vn -0.2508 0.6957 0.6731
vn -0.2508 -0.6957 0.6731
vn 0.3535 -0.7033 -0.6167
vn 0.5020 -0.7041 -0.5022
vn 0.6167 -0.7033 -0.3537
vn 0.7071 -0.7007 -0.0948
vn 0.4960 -0.0000 -0.8683
vn 0.7070 -0.0000 -0.7072
vn 0.8681 -0.0000 -0.4963
vn 0.9874 -0.0000 -0.1581
vn 0.3535 0.7033 -0.6168
vn 0.5020 0.7041 -0.5022
vn 0.6167 0.7033 -0.3537
vn 0.7019 0.7011 -0.1252
vn -0.0066 0.9993 -0.0359
vn -0.3766 0.7029 0.6034
vn -0.5020 0.7041 0.5022
vn -0.6667 0.7123 0.2192
vn -0.6728 0.6956 0.2520
vn -0.6666 -0.0000 0.7455
vn -0.7070 -0.0000 0.7072
vn -0.9965 -0.0000 0.0838
vn -0.3766 -0.7029 0.6034
vn -0.5020 -0.7041 0.5022
vn -0.6441 -0.7111 0.2819
vn -0.6729 -0.6956 0.2518
vn 0.0066 -0.9993 0.0359
vn 0.5416 -0.7071 0.4546
vn -0.5416 -0.7071 -0.4546
vn -0.5416 0.7071 -0.4546
vn 0.5416 0.7071 0.4546
vn 0.5912 -0.7719 -0.2338
vn 0.5912 -0.7719 0.2338
vn 0.9397 -0.0000 -0.3421
vn 0.9397 -0.0000 0.3421
vn -0.5912 -0.7719 -0.2338
vn -0.5913 -0.7718 0.2338
vn 0.7659 -0.0000 0.6429
vn -0.7659 -0.0000 -0.6429
vn 0.4489 0.6997 0.5558
vn -0.1225 0.9817 0.1459
vn -0.6252 0.6997 -0.3457
vn -0.3714 -0.6730 -0.6396
vn -0.0637 0.9951 0.0760
vn 0.6943 -0.6730 0.2550
vn 0.3115 0.6168 0.7229
vn 0.2166 0.5022 0.8372
vn 0.1423 0.3537 0.9245
vn 0.0872 0.1372 0.9867
vn -0.3189 0.8683 0.3800
vn -0.4545 0.7072 0.5415
vn -0.5581 0.4963 0.6650
vn -0.6311 0.1907 0.7519
vn -0.7660 0.6168 -0.1814
vn -0.8621 0.5022 -0.0682
vn -0.9352 0.3537 0.0202
vn -0.9869 0.1372 0.0852
vn -0.2964 -0.6035 -0.7402
vn -0.2166 -0.5022 -0.8372
vn -0.1506 -0.3768 -0.9140
vn -0.1002 -0.2517 -0.9626
vn 0.4286 -0.7453 -0.5107
vn 0.4544 -0.7073 -0.5415
vn 0.4783 -0.6682 -0.5698
vn -0.6397 0.0995 0.7622
vn 0.7805 -0.6034 0.1635
vn 0.8621 -0.5022 0.0682
vn 0.9262 -0.3768 -0.0101
vn 0.9653 -0.2520 -0.0682
vn -0.7055 -0.6997 0.1126
vn -0.0066 -0.9817 0.1904
vn 0.6959 -0.6997 0.1615
vn 0.9994 -0.0000 0.0349
vn 0.7040 0.6731 -0.2266
vn -0.6865 0.6731 -0.2751
vn -0.9994 -0.0000 -0.0349
vn -0.7152 -0.6168 0.3287
vn -0.7212 -0.5022 0.4771
vn -0.7244 -0.3537 0.5917
vn -0.7251 -0.1372 0.6748
vn -0.0173 -0.8683 0.4957
vn -0.0247 -0.7072 0.7066
vn -0.0303 -0.4963 0.8676
vn -0.0343 -0.1907 0.9811
vn 0.6906 -0.6167 0.3778
vn 0.6862 -0.5022 0.5263
vn 0.6814 -0.3537 0.6408
vn 0.6763 -0.1372 0.7237
vn 0.7157 0.6034 -0.3517
vn 0.7212 0.5022 -0.4771
vn 0.7236 0.3768 -0.5784
vn 0.7187 0.2516 -0.6482
vn 0.0233 0.7454 -0.6662
vn 0.0247 0.7073 -0.7065
vn 0.0260 0.6683 -0.7434
vn -0.6894 0.6034 -0.4008
vn -0.6862 0.5022 -0.5262
vn -0.6814 0.3768 -0.6274
vn -0.6790 0.1589 -0.7167
vn 0.6803 -0.0706 0.7295
vn 0.9304 -0.0000 0.3665
vn 0.9304 -0.0000 -0.3665
vn 0.9171 -0.0000 -0.3987
vn 0.9171 -0.0000 0.3987
vn 0.7193 -0.0000 0.6947
vn 0.7193 -0.0000 -0.6947
vn 0.9998 -0.0000 -0.0174
vn 0.9998 -0.0000 0.0174
vn 0.0349 -0.0000 -0.9994
vn -0.7314 -0.0000 0.6820
vn -0.0349 -0.0000 0.9994
vn 0.6820 -0.0000 0.7314
vn 0.7085 -0.7057 -0.0000
vn 0.7085 0.7057 -0.0000
vn -0.7085 0.7057 -0.0000
vn -0.7085 -0.7057 -0.0000
vn 0.0383 0.0213 -0.9990
vn -0.6773 0.0804 -0.7313
vn -0.9939 0.1036 -0.0382
vn -0.7315 0.0776 0.6774
vn -0.0384 0.0172 0.9991
vn 0.6789 -0.0421 0.7331
vn 0.9971 -0.0654 0.0383
vn 0.7331 -0.0393 -0.6789
vn 0.0516 0.0191 -0.9985
vn 0.0770 0.0152 -0.9969
vn 0.1130 0.0101 -0.9935
vn 0.1581 0.0037 -0.9874
vn 0.2106 -0.0037 -0.9776
vn 0.2681 -0.0120 -0.9633
vn 0.3282 -0.0208 -0.9444
vn 0.3881 -0.0300 -0.9211
vn 0.4452 -0.0387 -0.8946
vn 0.4972 -0.0466 -0.8664
vn 0.5425 -0.0534 -0.8383
vn 0.5800 -0.0593 -0.8125
vn 0.6088 -0.0639 -0.7908
vn 0.6285 -0.0673 -0.7749
vn 0.6387 -0.0693 -0.7663
vn -0.6676 0.0786 -0.7404
vn -0.6487 0.0754 -0.7573
vn -0.6211 0.0711 -0.7805
vn -0.5851 0.0657 -0.8083
vn -0.5414 0.0592 -0.8387
vn -0.4910 0.0519 -0.8696
vn -0.4354 0.0436 -0.8992
vn -0.3769 0.0348 -0.9256
vn -0.3179 0.0262 -0.9477
vn -0.2613 0.0182 -0.9651
vn -0.2094 0.0110 -0.9778
vn -0.1647 0.0047 -0.9863
vn -0.1289 -0.0004 -0.9917
vn -0.1037 -0.0042 -0.9946
vn -0.0905 -0.0064 -0.9959
vn -0.9934 0.1025 -0.0514
vn -0.9919 0.1009 -0.0766
vn -0.9887 0.0987 -0.1125
vn -0.9829 0.0959 -0.1574
vn -0.9734 0.0925 -0.2097
vn -0.9596 0.0884 -0.2671
vn -0.9413 0.0835 -0.3271
vn -0.9188 0.0779 -0.3871
vn -0.8929 0.0723 -0.4443
vn -0.8654 0.0670 -0.4967
vn -0.8379 0.0620 -0.5423
vn -0.8126 0.0575 -0.5800
vn -0.7912 0.0537 -0.6091
vn -0.7756 0.0509 -0.6291
vn -0.7673 0.0491 -0.6395
vn -0.7405 0.0773 0.6676
vn -0.7572 0.0772 0.6486
vn -0.7801 0.0772 0.6208
vn -0.8076 0.0772 0.5847
vn -0.8376 0.0771 0.5407
vn -0.8682 0.0767 0.4902
vn -0.8974 0.0758 0.4346
vn -0.9236 0.0743 0.3761
vn -0.9456 0.0728 0.3172
vn -0.9628 0.0712 0.2607
vn -0.9754 0.0697 0.2090
vn -0.9841 0.0681 0.1643
vn -0.9894 0.0667 0.1287
vn -0.9925 0.0654 0.1035
vn -0.9938 0.0645 0.0903
vn -0.0516 0.0173 0.9985
vn -0.0770 0.0178 0.9969
vn -0.1130 0.0188 0.9934
vn -0.1581 0.0201 0.9872
vn -0.2105 0.0217 0.9774
vn -0.2680 0.0234 0.9631
vn -0.3281 0.0248 0.9443
vn -0.3881 0.0260 0.9212
vn -0.4453 0.0273 0.8949
vn -0.4976 0.0286 0.8670
vn -0.5431 0.0297 0.8392
vn -0.5807 0.0305 0.8135
vn -0.6097 0.0310 0.7920
vn -0.6297 0.0311 0.7763
vn -0.6399 0.0309 0.7678
vn 0.6690 -0.0424 0.7420
vn 0.6500 -0.0425 0.7588
vn 0.6221 -0.0424 0.7818
vn 0.5859 -0.0420 0.8093
vn 0.5419 -0.0413 0.8394
vn 0.4912 -0.0405 0.8701
vn 0.4355 -0.0396 0.8993
vn 0.3768 -0.0388 0.9255
vn 0.3178 -0.0376 0.9474
vn 0.2611 -0.0362 0.9646
vn 0.2093 -0.0348 0.9772
vn 0.1646 -0.0335 0.9858
vn 0.1289 -0.0326 0.9911
vn 0.1037 -0.0322 0.9941
vn 0.0904 -0.0321 0.9954
vn 0.9965 -0.0666 0.0515
vn 0.9947 -0.0682 0.0768
vn 0.9911 -0.0702 0.1127
vn 0.9848 -0.0724 0.1577
vn 0.9748 -0.0747 0.2100
vn 0.9605 -0.0771 0.2673
vn 0.9416 -0.0795 0.3272
vn 0.9185 -0.0818 0.3869
vn 0.8921 -0.0836 0.4439
vn 0.8642 -0.0848 0.4960
vn 0.8365 -0.0856 0.5413
vn 0.8109 -0.0861 0.5788
vn 0.7894 -0.0865 0.6077
vn 0.7737 -0.0870 0.6276
vn 0.7652 -0.0874 0.6378
vn 0.7420 -0.0412 -0.6691
vn 0.7587 -0.0444 -0.6499
vn 0.7816 -0.0485 -0.6219
vn 0.8089 -0.0536 -0.5856
vn 0.8387 -0.0592 -0.5414
vn 0.8689 -0.0654 -0.4906
vn 0.8977 -0.0718 -0.4347
vn 0.9233 -0.0782 -0.3760
vn 0.9447 -0.0841 -0.3169
vn 0.9614 -0.0891 -0.2603
vn 0.9736 -0.0932 -0.2086
vn 0.9817 -0.0967 -0.1640
vn 0.9867 -0.0994 -0.1283
vn 0.9895 -0.1014 -0.1032
vn 0.9906 -0.1026 -0.0900
vt 0.213250 0.974446
vt 0.213569 0.984532
vt 0.210421 0.984629
vt 0.210102 0.974544
vt 0.213250 0.991734
vt 0.210102 0.991832
vt 0.213851 0.862420
vt 0.213851 0.872510
vt 0.210697 0.872509
vt 0.210697 0.862419
vt 0.752536 0.499653
vt 0.752948 0.492132
vt 0.756089 0.492020
vt 0.755677 0.499541
vt 0.752536 0.482064
vt 0.755677 0.481952
vt 0.990599 0.476247
vt 0.989919 0.469407
vt 0.993063 0.469419
vt 0.993743 0.476260
vt 0.989919 0.459324
vt 0.993063 0.459336
vt 0.860112 0.959752
vt 0.860112 0.969842
vt 0.852990 0.976977
vt 0.842918 0.976976
vt 0.835795 0.969840
vt 0.835795 0.959749
vt 0.842918 0.952615
vt 0.852990 0.952616
vt 0.990599 0.451906
vt 0.993743 0.451919
vt 0.656059 0.968097
vt 0.656442 0.980199
vt 0.651586 0.980350
vt 0.651203 0.968247
vt 0.656059 0.988842
vt 0.651203 0.988993
vt 0.978874 0.593613
vt 0.978874 0.605722
vt 0.974009 0.605721
vt 0.974009 0.593612
vt 0.860205 0.982235
vt 0.860700 0.973210
vt 0.865544 0.973037
vt 0.865049 0.982062
vt 0.860205 0.961128
vt 0.865049 0.960955
vt 0.861021 0.931703
vt 0.860205 0.923494
vt 0.865055 0.923513
vt 0.865871 0.931722
vt 0.860205 0.911395
vt 0.865055 0.911414
vt 0.535912 0.905066
vt 0.544449 0.896499
vt 0.556522 0.896491
vt 0.565058 0.905048
vt 0.565058 0.917157
vt 0.556522 0.925724
vt 0.544449 0.925731
vt 0.535912 0.917174
vt 0.861021 0.902493
vt 0.865871 0.902512
vt 0.506678 0.905053
vt 0.506679 0.917162
vt 0.498133 0.925724
vt 0.486047 0.925724
vt 0.477499 0.917162
vt 0.477498 0.905053
vt 0.486044 0.896491
vt 0.498131 0.896491
vt 0.617872 0.974925
vt 0.634301 0.974895
vt 0.634301 0.984976
vt 0.617872 0.985006
vt 0.618169 0.968105
vt 0.634598 0.968075
vt 0.140745 0.937265
vt 0.144507 0.925724
vt 0.154330 0.927388
vt 0.150568 0.938929
vt 0.991914 0.372752
vt 0.975490 0.372731
vt 0.975839 0.365405
vt 0.992263 0.365426
vt 0.991914 0.382839
vt 0.975490 0.382818
vt 0.992263 0.389778
vt 0.975839 0.389757
vt 0.633811 0.886400
vt 0.633811 0.898674
vt 0.623969 0.900156
vt 0.623969 0.887881
vt 0.157514 0.952043
vt 0.150568 0.955811
vt 0.140745 0.954147
vt 0.133799 0.948025
vt 0.133799 0.941033
vt 0.157514 0.945051
vt 0.634598 0.992413
vt 0.618169 0.992443
vt 0.986312 0.866643
vt 0.979075 0.865679
vt 0.973958 0.857929
vt 0.973958 0.847933
vt 0.979075 0.841548
vt 0.986311 0.842513
vt 0.991429 0.850263
vt 0.991429 0.860258
vt 0.159660 0.930985
vt 0.168241 0.926122
vt 0.170077 0.933083
vt 0.160891 0.935694
vt 0.177434 0.925724
vt 0.179271 0.932685
vt 0.114439 0.986713
vt 0.114439 0.976882
vt 0.118209 0.977009
vt 0.120046 0.986921
vt 0.077168 0.965815
vt 0.077357 0.975891
vt 0.076151 0.976240
vt 0.073358 0.966755
vt 0.423933 0.975539
vt 0.421138 0.985031
vt 0.421873 0.985080
vt 0.422408 0.975540
vt 0.704382 0.918310
vt 0.710962 0.923573
vt 0.710547 0.924779
vt 0.704487 0.917668
vt 0.721023 0.924232
vt 0.719872 0.928050
vt 0.170873 0.940305
vt 0.161456 0.940884
vt 0.170874 0.947338
vt 0.161456 0.946088
vt 0.170077 0.954224
vt 0.160891 0.951039
vt 0.168240 0.960408
vt 0.159660 0.955226
vt 0.180067 0.939906
vt 0.180067 0.946940
vt 0.179271 0.953825
vt 0.177434 0.960009
vt 0.066482 0.960393
vt 0.070085 0.969292
vt 0.061917 0.963903
vt 0.067468 0.972909
vt 0.058379 0.968792
vt 0.065640 0.977421
vt 0.055850 0.975087
vt 0.064977 0.982665
vt 0.054892 0.982867
vt 0.074707 0.977400
vt 0.073391 0.979218
vt 0.072555 0.981209
vt 0.072309 0.982867
vt 0.421593 0.985142
vt 0.420124 0.975863
vt 0.420827 0.985330
vt 0.417573 0.976489
vt 0.420553 0.985404
vt 0.415437 0.977249
vt 0.421146 0.985028
vt 0.414147 0.977938
vt 0.423933 0.994106
vt 0.423653 0.994169
vt 0.422887 0.994357
vt 0.422613 0.994430
vt 0.709308 0.926189
vt 0.704292 0.917813
vt 0.707419 0.927438
vt 0.703724 0.918189
vt 0.705383 0.928193
vt 0.703509 0.918315
vt 0.703712 0.928366
vt 0.704389 0.918307
vt 0.717156 0.931249
vt 0.713397 0.933734
vt 0.708787 0.935377
vt 0.703509 0.935806
vt 0.728670 0.919900
vt 0.705136 0.911525
vt 0.712782 0.907193
vt 0.722843 0.907852
vt 0.729424 0.913115
vt 0.105253 0.953210
vt 0.096158 0.957547
vt 0.093717 0.949974
vt 0.103621 0.948095
vt 0.089081 0.960125
vt 0.086640 0.952552
vt 0.474223 0.988479
vt 0.465236 0.983890
vt 0.466986 0.978829
vt 0.476842 0.980985
vt 0.000000 0.984444
vt 0.006371 0.981068
vt 0.007500 0.982348
vt 0.003465 0.988539
vt 0.014903 0.975682
vt 0.014381 0.974970
vt 0.961681 0.345203
vt 0.971254 0.348366
vt 0.970472 0.349885
vt 0.962017 0.344387
vt 0.977963 0.349867
vt 0.975601 0.354687
vt 0.093105 0.942948
vt 0.103194 0.943051
vt 0.093853 0.936689
vt 0.103747 0.938420
vt 0.095965 0.931159
vt 0.105253 0.934438
vt 0.040877 0.960393
vt 0.043022 0.967852
vt 0.033898 0.968070
vt 0.034326 0.960595
vt 0.086028 0.945526
vt 0.054892 0.967464
vt 0.054892 0.977542
vt 0.049606 0.977772
vt 0.049606 0.967693
vt 0.043022 0.977931
vt 0.033898 0.978148
vt 0.467445 0.973823
vt 0.477498 0.974013
vt 0.466851 0.969216
vt 0.476696 0.967785
vt 0.465236 0.965241
vt 0.474430 0.962265
vt 0.040877 0.984725
vt 0.034326 0.984927
vt 0.009333 0.983649
vt 0.007557 0.991515
vt 0.011494 0.984595
vt 0.011857 0.993397
vt 0.013407 0.984934
vt 0.016143 0.994089
vt 0.472574 0.923539
vt 0.472741 0.913921
vt 0.474958 0.913781
vt 0.477470 0.923539
vt 0.014615 0.975087
vt 0.015265 0.975371
vt 0.016143 0.975063
vt 0.014897 0.975681
vt 0.015307 0.984301
vt 0.370057 0.841310
vt 0.370057 0.831228
vt 0.370257 0.831236
vt 0.370257 0.841318
vt 0.370839 0.831258
vt 0.370839 0.841340
vt 0.372288 0.831434
vt 0.372288 0.841516
vt 0.969035 0.351612
vt 0.961822 0.344560
vt 0.967213 0.353090
vt 0.961275 0.345004
vt 0.965492 0.353925
vt 0.960158 0.344853
vt 0.963347 0.353738
vt 0.961687 0.345201
vt 0.972406 0.358611
vt 0.968781 0.361552
vt 0.964910 0.363358
vt 0.960158 0.363264
vt 0.107002 0.969747
vt 0.107002 0.959656
vt 0.114123 0.952521
vt 0.124196 0.952521
vt 0.131318 0.959657
vt 0.131319 0.969747
vt 0.124198 0.976882
vt 0.114125 0.976882
vt 0.900994 0.448526
vt 0.900994 0.467162
vt 0.890926 0.467628
vt 0.890926 0.448992
vt 0.875641 0.925758
vt 0.875641 0.943828
vt 0.865871 0.942259
vt 0.865871 0.924189
vt 0.884334 0.922571
vt 0.884334 0.940641
vt 0.633756 0.832680
vt 0.633756 0.850576
vt 0.623969 0.849025
vt 0.623968 0.831129
vt 0.105300 0.866202
vt 0.105300 0.883222
vt 0.095226 0.882838
vt 0.095226 0.865818
vt 0.104975 0.826510
vt 0.104975 0.845414
vt 0.095225 0.846906
vt 0.095225 0.828002
vt 0.608143 0.925002
vt 0.608143 0.943714
vt 0.599304 0.940866
vt 0.599304 0.922154
vt 0.617835 0.923358
vt 0.617835 0.942070
vt 0.194889 0.389778
vt 0.875641 0.905680
vt 0.865871 0.904111
vt 0.884334 0.902493
vt 0.633756 0.812796
vt 0.623969 0.811244
vt 0.105300 0.847290
vt 0.095226 0.846906
vt 0.104975 0.805505
vt 0.095225 0.806998
vt 0.608143 0.904210
vt 0.599304 0.901363
vt 0.617835 0.902566
vt 0.900994 0.483933
vt 0.890926 0.484399
vt 0.754136 0.376155
vt 0.756101 0.375844
vt 0.756101 0.385753
vt 0.754136 0.386064
vt 0.985642 0.195026
vt 0.987642 0.195202
vt 0.990058 0.204139
vt 0.988057 0.203964
vt 0.987642 0.213735
vt 0.985642 0.213560
vt 0.755998 0.406383
vt 0.754136 0.406297
vt 0.754136 0.396218
vt 0.755998 0.396304
vt 0.033898 0.993541
vt 0.031823 0.993676
vt 0.029555 0.984111
vt 0.031630 0.983976
vt 0.031823 0.975105
vt 0.033898 0.974970
vt 0.756213 0.375844
vt 0.754136 0.375526
vt 0.754137 0.365663
vt 0.756213 0.365981
vt 0.754136 0.386136
vt 0.756026 0.386064
vt 0.756026 0.396146
vt 0.754136 0.396218
vt 0.497830 0.955171
vt 0.489286 0.960033
vt 0.487537 0.953094
vt 0.496657 0.950476
vt 0.480006 0.960383
vt 0.478257 0.953444
vt 0.985876 0.467264
vt 0.985876 0.477127
vt 0.982042 0.477071
vt 0.980174 0.467160
vt 0.961178 0.977451
vt 0.956456 0.968543
vt 0.957342 0.967588
vt 0.964052 0.974576
vt 0.890926 0.681714
vt 0.893755 0.672218
vt 0.893027 0.672166
vt 0.892440 0.681718
vt 0.633756 0.717265
vt 0.633756 0.707978
vt 0.634489 0.707786
vt 0.634489 0.717073
vt 0.985008 0.195903
vt 0.979867 0.203122
vt 0.978670 0.202645
vt 0.985641 0.196040
vt 0.979544 0.213195
vt 0.975758 0.211850
vt 0.486779 0.945879
vt 0.496119 0.945291
vt 0.486778 0.938841
vt 0.496119 0.940084
vt 0.487537 0.931939
vt 0.496657 0.935121
vt 0.489287 0.925724
vt 0.497830 0.930913
vt 0.477498 0.946230
vt 0.477498 0.939191
vt 0.478257 0.932290
vt 0.480006 0.926075
vt 0.973159 0.977451
vt 0.965737 0.970560
vt 0.975523 0.971875
vt 0.966367 0.965930
vt 0.976374 0.965616
vt 0.965908 0.960920
vt 0.975715 0.958638
vt 0.964109 0.955878
vt 0.973024 0.951172
vt 0.958068 0.965780
vt 0.958384 0.963452
vt 0.958207 0.961226
vt 0.957671 0.959612
vt 0.893306 0.672104
vt 0.894719 0.681398
vt 0.894073 0.671917
vt 0.897271 0.680775
vt 0.894348 0.671844
vt 0.899416 0.680015
vt 0.893747 0.672221
vt 0.900718 0.679324
vt 0.890926 0.663152
vt 0.891205 0.663090
vt 0.891972 0.662903
vt 0.892247 0.662830
vt 0.632795 0.620139
vt 0.632795 0.613313
vt 0.633679 0.613338
vt 0.633679 0.620164
vt 0.977246 0.201330
vt 0.985493 0.195838
vt 0.975959 0.199370
vt 0.985106 0.195249
vt 0.975152 0.197287
vt 0.984975 0.195026
vt 0.974928 0.195600
vt 0.985011 0.195911
vt 0.972529 0.208962
vt 0.969969 0.205062
vt 0.968207 0.200349
vt 0.967617 0.195026
vt 0.809687 0.945166
vt 0.808856 0.951972
vt 0.801126 0.950174
vt 0.804477 0.943929
vt 0.894845 0.936936
vt 0.884779 0.936906
vt 0.884468 0.930500
vt 0.894534 0.930530
vt 0.835795 0.926776
vt 0.834851 0.934220
vt 0.829569 0.935052
vt 0.827963 0.927974
vt 0.834487 0.944292
vt 0.832813 0.944607
vt 0.834919 0.951092
vt 0.835795 0.951040
vt 0.809820 0.927651
vt 0.810086 0.935092
vt 0.808439 0.934650
vt 0.810691 0.927770
vt 0.902106 0.927365
vt 0.894400 0.923533
vt 0.902011 0.922334
vt 0.894400 0.916474
vt 0.902011 0.917111
vt 0.894534 0.909311
vt 0.902106 0.911963
vt 0.794046 0.932653
vt 0.786757 0.934639
vt 0.785554 0.926776
vt 0.793211 0.927352
vt 0.884334 0.923503
vt 0.884334 0.916444
vt 0.884468 0.909281
vt 0.884778 0.902493
vt 0.894845 0.902523
vt 0.824927 0.937494
vt 0.821489 0.931352
vt 0.821117 0.941034
vt 0.816339 0.936136
vt 0.818333 0.945490
vt 0.812483 0.942354
vt 0.817100 0.950710
vt 0.810691 0.950099
vt 0.830762 0.945725
vt 0.828846 0.947504
vt 0.827578 0.949469
vt 0.827137 0.951118
vt 0.205649 0.972039
vt 0.207845 0.964475
vt 0.208130 0.964449
vt 0.207920 0.971843
vt 0.208917 0.964375
vt 0.210536 0.971599
vt 0.835000 0.951757
vt 0.834803 0.951960
vt 0.834923 0.951085
vt 0.206908 0.954432
vt 0.207193 0.954406
vt 0.207979 0.954333
vt 0.208262 0.954306
vt 0.209200 0.964348
vt 0.806475 0.933376
vt 0.810486 0.927572
vt 0.205656 0.947599
vt 0.208273 0.947354
vt 0.210536 0.947125
vt 0.809770 0.926776
vt 0.803579 0.929396
vt 0.803264 0.927717
vt 0.800026 0.941136
vt 0.796489 0.937313
vt 0.804697 0.931454
vt 0.634562 0.620164
vt 0.633679 0.620128
vt 0.634562 0.613726
vt 0.884350 0.683243
vt 0.874291 0.683191
vt 0.874312 0.680703
vt 0.884371 0.680755
vt 0.940013 0.001465
vt 0.949968 0.000000
vt 0.950115 0.001853
vt 0.940160 0.003318
vt 0.866619 0.682854
vt 0.866640 0.680367
vt 0.943681 0.641925
vt 0.933618 0.641686
vt 0.933779 0.639855
vt 0.943842 0.640094
vt 0.926679 0.731921
vt 0.920250 0.731578
vt 0.920235 0.729091
vt 0.926664 0.729434
vt 0.910204 0.731589
vt 0.910190 0.729102
vt 0.751700 0.417280
vt 0.751700 0.409601
vt 0.754187 0.409513
vt 0.754187 0.417192
vt 0.935427 0.968030
vt 0.956456 0.968030
vt 0.956052 0.975504
vt 0.935023 0.975504
vt 0.935398 0.957951
vt 0.956426 0.957951
vt 0.934952 0.951172
vt 0.955981 0.951172
vt 0.790332 0.626400
vt 0.790332 0.611347
vt 0.800325 0.610593
vt 0.800325 0.625646
vt 0.535912 0.971952
vt 0.556958 0.971952
vt 0.557256 0.979377
vt 0.536209 0.979377
vt 0.535930 0.961870
vt 0.556976 0.961870
vt 0.536254 0.955037
vt 0.557300 0.955037
vt 0.800325 0.624946
vt 0.810278 0.611622
vt 0.810278 0.625974
vt 0.909838 0.475011
vt 0.909349 0.389850
vt 0.919436 0.389778
vt 0.919925 0.474939
vt 0.902902 0.475408
vt 0.902413 0.390248
vt 0.945084 0.192466
vt 0.950115 0.255911
vt 0.940421 0.258166
vt 0.935390 0.194721
vt 0.882768 0.426713
vt 0.883486 0.341526
vt 0.890926 0.341305
vt 0.890208 0.426492
vt 0.872687 0.426610
vt 0.873405 0.341423
vt 0.865871 0.426243
vt 0.866589 0.341056
vt 0.927254 0.453073
vt 0.932757 0.390373
vt 0.942703 0.389778
vt 0.937199 0.452478
vt 0.926764 0.390075
vt 0.927254 0.475236
vt 0.949935 0.004003
vt 0.940014 0.005416
vt 0.890926 0.680492
vt 0.884424 0.677899
vt 0.890896 0.677634
vt 0.874416 0.677850
vt 0.866733 0.677516
vt 0.933829 0.637768
vt 0.943849 0.638054
vt 0.920301 0.726241
vt 0.926647 0.726585
vt 0.910307 0.726249
vt 0.902413 0.729461
vt 0.902521 0.726604
vt 0.949432 0.010083
vt 0.939604 0.011351
vt 0.948660 0.019535
vt 0.938968 0.020581
vt 0.947676 0.031802
vt 0.938147 0.032566
vt 0.946532 0.046326
vt 0.937178 0.046764
vt 0.945279 0.062552
vt 0.936097 0.062633
vt 0.943962 0.079924
vt 0.934934 0.079629
vt 0.942620 0.097887
vt 0.933716 0.097206
vt 0.941290 0.115884
vt 0.932469 0.114814
vt 0.940002 0.133346
vt 0.931230 0.131893
vt 0.938791 0.149700
vt 0.930040 0.147879
vt 0.937696 0.164371
vt 0.928948 0.162211
vt 0.936761 0.176785
vt 0.928004 0.174330
vt 0.936032 0.186365
vt 0.927260 0.183676
vt 0.935558 0.192536
vt 0.926774 0.189693
vt 0.909767 0.477869
vt 0.902912 0.478268
vt 0.884573 0.669826
vt 0.890816 0.669558
vt 0.884807 0.657282
vt 0.890702 0.657009
vt 0.885110 0.641014
vt 0.890570 0.640734
vt 0.632754 0.622522
vt 0.624975 0.619247
vt 0.624899 0.605882
vt 0.632782 0.608793
vt 0.624783 0.590973
vt 0.632795 0.593492
vt 0.624623 0.575045
vt 0.632794 0.577156
vt 0.624419 0.558621
vt 0.632785 0.560324
vt 0.624178 0.542228
vt 0.632777 0.543530
vt 0.623920 0.526379
vt 0.632779 0.527295
vt 0.623665 0.511584
vt 0.632795 0.512135
vt 0.947316 0.146753
vt 0.946578 0.161650
vt 0.945962 0.174254
vt 0.945490 0.183981
vt 0.945189 0.190247
vt 0.874704 0.669786
vt 0.875144 0.657256
vt 0.875702 0.641005
vt 0.876345 0.621777
vt 0.885473 0.621766
vt 0.877045 0.600318
vt 0.885886 0.600285
vt 0.877779 0.577371
vt 0.886343 0.577315
vt 0.878529 0.553682
vt 0.886841 0.553602
vt 0.879280 0.529996
vt 0.887378 0.529891
vt 0.880017 0.507055
vt 0.887937 0.506926
vt 0.880721 0.485604
vt 0.888493 0.485452
vt 0.881368 0.466386
vt 0.889021 0.466212
vt 0.881929 0.450144
vt 0.889489 0.449952
vt 0.882372 0.437623
vt 0.889866 0.437415
vt 0.882664 0.429564
vt 0.890117 0.429347
vt 0.866990 0.669462
vt 0.867375 0.656946
vt 0.867855 0.640712
vt 0.868396 0.621504
vt 0.868967 0.600066
vt 0.869542 0.577141
vt 0.870097 0.553473
vt 0.870615 0.529807
vt 0.871092 0.506885
vt 0.871524 0.485452
vt 0.871906 0.466249
vt 0.872227 0.450021
vt 0.872473 0.437510
vt 0.872632 0.429459
vt 0.933965 0.631869
vt 0.943869 0.632283
vt 0.934168 0.622695
vt 0.943899 0.623308
vt 0.934416 0.610787
vt 0.943936 0.611654
vt 0.934691 0.596683
vt 0.943981 0.597845
vt 0.934977 0.580923
vt 0.944036 0.582412
vt 0.935265 0.564045
vt 0.944105 0.565883
vt 0.935549 0.546589
vt 0.944199 0.548791
vt 0.935827 0.529096
vt 0.944327 0.531672
vt 0.204446 0.756585
vt 0.213212 0.755196
vt 0.213212 0.771294
vt 0.204509 0.773092
vt 0.213204 0.786322
vt 0.204537 0.788513
vt 0.213186 0.799767
vt 0.204535 0.802320
vt 0.213161 0.811115
vt 0.204512 0.813983
vt 0.866065 0.449655
vt 0.865967 0.437144
vt 0.865897 0.429093
vt 0.920487 0.718188
vt 0.926603 0.718535
vt 0.920777 0.705673
vt 0.926545 0.706024
vt 0.921155 0.689440
vt 0.926486 0.689797
vt 0.927254 0.614714
vt 0.927371 0.600276
vt 0.927469 0.584156
vt 0.927536 0.566909
vt 0.927564 0.549086
vt 0.927551 0.531238
vt 0.927509 0.513925
vt 0.936101 0.512123
vt 0.927453 0.497713
vt 0.936369 0.496227
vt 0.927394 0.483168
vt 0.936621 0.481968
vt 0.927339 0.470860
vt 0.936847 0.469905
vt 0.927295 0.461360
vt 0.937031 0.460596
vt 0.927265 0.455240
vt 0.937154 0.454601
vt 0.910635 0.718186
vt 0.911137 0.705656
vt 0.911774 0.689404
vt 0.912512 0.670174
vt 0.921605 0.670232
vt 0.913319 0.648709
vt 0.922117 0.648792
vt 0.914168 0.625753
vt 0.922680 0.625862
vt 0.915037 0.602051
vt 0.923289 0.602187
vt 0.915907 0.578346
vt 0.923937 0.578510
vt 0.916761 0.555384
vt 0.924603 0.555575
vt 0.917574 0.533909
vt 0.925261 0.534127
vt 0.918320 0.514668
vt 0.925879 0.514910
vt 0.918965 0.498405
vt 0.926424 0.498669
vt 0.919473 0.485865
vt 0.926860 0.486147
vt 0.919806 0.477795
vt 0.927149 0.478088
vt 0.902821 0.718529
vt 0.903273 0.705983
vt 0.903840 0.689710
vt 0.904483 0.670456
vt 0.905170 0.648965
vt 0.905868 0.625984
vt 0.906551 0.602255
vt 0.907198 0.578526
vt 0.907800 0.555539
vt 0.908350 0.534043
vt 0.908837 0.514781
vt 0.909247 0.498501
vt 0.909564 0.485948
s 0
g piping2_
usemtl blue
f 9/47/14 10/48/14 11/49/14 12/50/14 13/51/14 14/52/14 15/53/14 16/54/14
g piping2_blue
usemtl blue
f 119/295/14 120/296/14 114/297/14 113/298/14 115/299/14 116/300/14 117/301/14 118/302/14
f 160/331/15 176/331/15 182/331/15 174/331/15
f 174/331/15 182/331/88 181/331/15 172/331/89
f 172/331/15 181/331/90 180/331/15 170/331/91
f 170/331/15 180/331/92 179/331/15 168/331/93
f 168/331/15 179/331/15 178/331/15 166/331/15
f 166/331/15 178/331/89 177/331/15 164/331/88
f 164/331/15 177/331/91 175/331/15 162/331/90
f 162/331/15 175/331/93 176/331/15 160/331/92
f 176/331/15 184/331/15 190/331/15 182/331/15
f 182/331/15 190/331/88 189/331/15 181/331/89
f 181/331/15 189/331/90 188/331/15 180/331/91
f 180/331/15 188/331/92 187/331/15 179/331/93
f 179/331/15 187/331/15 186/331/15 178/331/15
f 178/331/15 186/331/89 185/331/15 177/331/88
f 177/331/15 185/331/91 183/331/15 175/331/90
f 175/331/15 183/331/93 184/331/15 176/331/92
f 184/331/15 192/331/15 198/331/15 190/331/15
f 190/331/15 198/331/88 197/331/15 189/331/89
f 189/331/15 197/331/90 196/331/15 188/331/91
f 188/331/15 196/331/92 195/331/15 187/331/93
f 187/331/15 195/331/15 194/331/15 186/331/15
f 186/331/15 194/331/89 193/331/15 185/331/88
f 185/331/15 193/331/91 191/331/15 183/331/90
f 183/331/15 191/331/93 192/331/15 184/331/92
f 192/331/15 208/331/15 214/331/15 198/331/15
f 198/331/15 214/331/88 213/331/15 197/331/89
f 197/331/15 213/331/90 212/331/15 196/331/91
f 196/331/15 212/331/92 211/331/15 195/331/93
f 195/331/15 211/331/15 210/331/15 194/331/15
f 194/331/15 210/331/89 209/331/15 193/331/88
f 193/331/15 209/331/91 207/331/15 191/331/90
f 191/331/15 207/331/93 208/331/15 192/331/92
f 241/392/100 239/393/100 274/394/100 270/395/100
f 267/439/121 271/440/121 232/441/121 233/442/121
f 347/331/157 348/331/15 372/331/158 371/331/15
f 349/331/159 350/331/15 374/331/160 373/331/15
f 346/331/161 347/331/15 371/331/162 370/331/15
f 348/331/163 349/331/15 373/331/164 372/331/15
f 350/331/162 343/331/15 369/331/161 374/331/15
g piping2_
usemtl blue
f 24/25/7 23/26/7 10/27/7 9/28/7
f 23/26/8 22/29/8 11/30/8 10/27/8
f 22/31/9 21/32/9 12/33/9 11/34/9
f 21/35/10 20/36/10 13/37/10 12/38/10
f 20/36/11 19/39/11 14/40/11 13/37/11
f 19/41/12 18/42/12 15/43/12 14/44/12
f 18/42/13 17/45/13 16/46/13 15/43/13
f 17/45/15 24/55/15 9/56/15 16/46/15
f 25/57/7 27/58/7 28/59/7 26/60/7
f 27/58/8 29/61/8 30/62/8 28/59/8
f 29/63/9 31/64/9 32/65/9 30/66/9
f 31/67/10 33/68/10 34/69/10 32/70/10
f 33/68/11 35/71/11 36/72/11 34/69/11
f 35/73/12 37/74/12 38/75/12 36/76/12
f 37/74/13 39/77/13 40/78/13 38/75/13
f 25/79/16 39/80/16 37/81/16 35/82/16 33/83/16 31/84/16 29/85/16 27/86/16
f 39/77/15 25/87/15 26/88/15 40/78/15
f 26/89/14 28/90/14 30/91/14 32/92/14 34/93/14 36/94/14 38/95/14 40/96/14
f 44/97/17 43/98/17 41/99/17 42/100/17
f 46/101/18 45/102/18 43/98/18 44/97/18
f 48/103/19 47/104/19 45/105/19 46/106/19
f 50/107/20 49/108/20 47/109/20 48/110/20
f 52/111/21 51/112/21 49/108/21 50/107/21
f 54/113/22 53/114/22 51/112/22 52/111/22
f 56/115/23 55/116/23 53/117/23 54/118/23
f 42/119/12 56/120/12 54/121/12 52/122/12 50/123/12 48/103/12 46/106/12 44/124/12
f 42/100/24 41/99/24 55/125/24 56/126/24
f 41/127/8 43/128/8 45/129/8 47/130/8 49/131/8 51/132/8 53/133/8 55/134/8
f 72/135/25 71/136/25 80/137/25 73/138/25
f 71/136/26 70/139/26 84/140/26 80/137/26
f 70/141/27 69/142/27 88/143/27 84/144/27
f 69/145/20 68/146/20 92/147/20 88/148/20
f 68/149/28 67/150/28 96/151/28 92/152/28
f 65/153/29 66/154/30 104/155/30 100/156/29
f 66/154/24 72/157/24 73/158/24 104/155/24
f 73/138/31 80/137/31 79/159/31 74/160/31
f 74/160/32 79/159/32 78/161/32 75/162/32
f 75/162/33 78/161/33 77/163/33 76/164/33
f 76/164/34 77/163/34 63/165/34 64/166/34
f 80/137/35 84/140/35 83/167/35 79/159/35
f 79/159/36 83/167/36 82/168/36 78/161/36
f 78/161/37 82/168/37 81/169/37 77/163/37
f 77/163/38 81/169/38 62/170/38 63/165/38
f 84/171/39 88/148/39 87/172/39 83/173/39
f 83/173/40 87/172/40 86/174/40 82/175/40
f 82/175/41 86/174/41 85/176/41 81/177/41
f 81/177/42 85/176/42 61/178/42 62/179/42
f 88/148/20 92/147/20 91/180/20 87/172/20
f 87/172/20 91/180/20 90/181/20 86/174/20
f 86/174/20 90/181/20 89/182/20 85/176/20
f 85/176/20 89/182/20 60/183/20 61/178/20
f 92/152/43 96/151/43 95/184/43 91/185/43
f 91/185/44 95/184/44 94/186/44 90/187/44
f 90/187/45 94/186/45 93/188/45 89/189/45
f 89/189/46 93/188/46 59/190/46 60/191/46
f 96/151/47 100/192/47 99/193/47 95/184/47
f 95/184/48 99/193/48 98/194/48 94/186/48
f 94/186/49 98/194/49 97/195/49 93/188/49
f 100/156/50 104/155/50 103/196/50 99/197/50
f 99/197/51 103/196/51 102/198/51 98/199/51
f 98/199/52 102/198/52 101/200/52 97/201/52
f 97/201/53 101/200/53 57/202/53 58/203/53
f 104/155/24 73/158/24 74/204/24 103/196/24
f 103/196/24 74/204/24 75/205/24 102/198/24
f 102/198/24 75/205/24 76/206/24 101/200/24
f 101/200/24 76/206/24 64/207/24 57/202/24
f 71/208/18 72/157/18 66/154/18 65/153/18 67/209/18 68/210/18 69/211/18 70/212/18
f 120/213/54 119/214/54 128/215/54 121/216/54
f 119/214/55 118/217/55 132/218/55 128/215/55
f 118/219/56 117/220/56 136/221/56 132/222/56
f 117/223/8 116/224/8 140/225/8 136/226/8
f 116/224/57 115/227/57 144/228/57 140/225/57
f 113/229/58 114/230/58 152/231/58 148/232/58
f 114/230/12 120/233/12 121/234/12 152/231/12
f 121/216/59 128/215/59 127/235/59 122/236/59
f 122/236/60 127/235/60 126/237/60 123/238/60
f 123/238/61 126/237/61 125/239/61 124/240/61
f 124/241/62 125/242/62 111/243/62 112/244/62
f 128/215/63 132/218/63 131/245/63 127/235/63
f 127/246/64 131/247/64 130/248/64 126/249/64
f 126/249/65 130/248/65 129/250/65 125/242/65
f 125/242/66 129/250/66 110/251/66 111/243/66
f 132/222/67 136/221/67 135/252/67 131/253/67
f 131/253/68 135/252/68 134/254/68 130/255/68
f 130/255/69 134/254/69 133/256/69 129/257/69
f 129/250/70 133/258/70 109/259/70 110/251/70
f 136/226/8 140/225/8 139/260/8 135/261/8
f 135/261/8 139/260/8 138/262/8 134/263/8
f 134/263/8 138/262/8 137/264/8 133/265/8
f 133/266/71 137/267/71 108/268/71 109/269/71
f 140/225/72 144/228/72 143/270/72 139/260/72
f 139/260/73 143/270/73 142/271/73 138/262/73
f 138/262/74 142/271/74 141/272/74 137/264/74
f 137/264/75 141/272/75 107/273/75 108/274/75
f 144/275/76 148/276/76 147/277/76 143/278/76
f 143/278/77 147/277/77 146/279/77 142/280/77
f 142/280/78 146/279/78 145/281/78 141/282/78
f 148/232/79 152/231/79 151/283/79 147/284/79
f 147/284/80 151/283/80 150/285/80 146/286/80
f 146/286/81 150/285/81 149/287/81 145/288/81
f 145/288/82 149/287/82 105/289/82 106/290/82
f 152/231/12 121/234/12 122/291/12 151/283/12
f 151/283/12 122/291/12 123/292/12 150/285/12
f 150/285/12 123/292/12 124/293/12 149/287/12
f 149/287/83 124/293/83 112/294/83 105/289/83
f 224/303/20 221/304/20 215/305/20 230/306/20
f 222/307/84 161/308/84 159/309/84 221/310/84
f 220/311/12 163/312/12 161/308/12 222/307/12
f 219/313/85 165/314/85 163/315/85 220/316/85
f 218/317/24 167/318/24 165/319/24 219/320/24
f 217/321/86 169/322/86 167/323/86 218/324/86
f 216/325/8 171/326/8 169/327/8 217/328/8
f 215/329/87 173/330/87 171/326/87 216/325/87
f 223/332/84 222/307/84 221/310/84 224/333/84
f 225/334/12 220/311/12 222/307/12 223/332/12
f 226/335/85 219/313/85 220/316/85 225/336/85
f 227/337/24 218/317/24 219/320/24 226/338/24
f 228/339/86 217/321/86 218/324/86 227/340/86
f 229/341/8 216/325/8 217/328/8 228/342/8
f 230/343/87 215/329/87 216/325/87 229/341/87
f 221/304/20 159/344/20 173/345/20 215/305/20
f 214/346/85 230/347/85 229/348/85 213/349/85
f 213/350/12 229/351/12 228/352/12 212/353/12
f 212/353/84 228/352/84 227/354/84 211/355/84
f 211/356/94 227/357/94 226/358/94 210/359/94
f 210/360/87 226/361/87 225/362/87 209/363/87
f 209/363/8 225/362/8 223/364/8 207/365/8
f 207/366/86 223/367/86 224/368/86 208/369/86
f 208/370/95 224/371/95 230/372/95 214/373/95
f 246/374/96 245/375/96 254/376/96 247/377/96
f 245/375/97 244/378/97 258/379/97 254/376/97
f 244/380/98 243/381/98 262/382/98 258/383/98
f 243/384/24 242/385/24 266/386/24 262/387/24
f 242/388/99 241/389/99 270/390/99 266/391/99
f 239/396/101 240/397/101 278/398/101 274/399/101
f 240/397/20 246/400/20 247/401/20 278/398/20
f 247/377/102 254/376/102 253/402/102 248/403/102
f 248/403/103 253/402/103 252/404/103 249/405/103
f 249/405/104 252/404/104 251/406/104 250/407/104
f 250/407/105 251/406/105 237/408/105 238/409/105
f 254/376/106 258/379/106 257/410/106 253/402/106
f 253/402/107 257/410/107 256/411/107 252/404/107
f 252/404/108 256/411/108 255/412/108 251/406/108
f 251/406/109 255/412/109 236/413/109 237/408/109
f 258/414/110 262/387/110 261/415/110 257/416/110
f 257/416/111 261/415/111 260/417/111 256/418/111
f 256/418/112 260/417/112 259/419/112 255/420/112
f 255/420/113 259/419/113 235/421/113 236/422/113
f 262/387/24 266/386/24 265/423/24 261/415/24
f 261/415/24 265/423/24 264/424/24 260/417/24
f 260/417/24 264/424/24 263/425/24 259/419/24
f 259/419/24 263/425/24 234/426/24 235/421/24
f 266/391/114 270/390/114 269/427/114 265/428/114
f 265/428/115 269/427/115 268/429/115 264/430/115
f 264/430/116 268/429/116 267/431/116 263/432/116
f 263/432/117 267/431/117 233/433/117 234/434/117
f 270/390/118 274/435/118 273/436/118 269/427/118
f 269/427/119 273/436/119 272/437/119 268/429/119
f 268/429/120 272/437/120 271/438/120 267/431/120
f 274/399/122 278/398/122 277/443/122 273/444/122
f 273/444/123 277/443/123 276/445/123 272/446/123
f 272/446/124 276/445/124 275/447/124 271/448/124
f 271/448/125 275/447/125 231/449/125 232/450/125
f 278/398/20 247/401/20 248/451/20 277/443/20
f 277/443/20 248/451/20 249/452/20 276/445/20
f 276/445/20 249/452/20 250/453/20 275/447/20
f 275/447/20 250/453/20 238/454/20 231/449/20
f 310/455/126 309/456/126 318/457/126 311/458/126
f 309/459/127 308/460/127 322/461/127 318/462/127
f 308/463/128 307/464/128 326/465/128 322/466/128
f 307/464/129 306/467/129 330/468/129 326/465/129
f 306/467/130 305/469/130 334/470/130 330/468/130
f 303/471/131 304/472/131 342/473/131 338/474/131
f 304/472/132 310/455/132 311/458/132 342/473/132
f 311/475/133 318/462/133 317/476/133 312/477/133
f 312/477/134 317/476/134 316/478/134 313/479/134
f 313/479/135 316/478/135 315/480/135 314/481/135
f 314/482/136 315/483/136 301/484/136 302/485/136
f 318/462/137 322/461/137 321/486/137 317/476/137
f 317/476/138 321/486/138 320/487/138 316/478/138
f 316/478/139 320/487/139 319/488/139 315/480/139
f 315/480/140 319/488/140 300/489/140 301/490/140
f 322/466/141 326/465/141 325/491/141 321/492/141
f 321/492/142 325/491/142 324/493/142 320/494/142
f 320/494/143 324/493/143 323/495/143 319/496/143
f 319/496/144 323/495/144 299/497/144 300/498/144
f 326/465/129 330/468/129 329/499/129 325/491/129
f 325/491/129 329/499/129 328/500/129 324/493/129
f 324/493/129 328/500/129 327/501/129 323/495/129
f 323/495/129 327/501/129 298/502/129 299/497/129
f 330/503/145 334/504/145 333/505/145 329/506/145
f 329/506/146 333/505/146 332/507/146 328/508/146
f 328/500/147 332/509/147 331/510/147 327/501/147
f 327/501/148 331/510/148 297/511/148 298/502/148
f 334/504/149 338/512/149 337/513/149 333/505/149
f 333/505/150 337/513/150 336/514/150 332/507/150
f 332/507/151 336/514/151 335/515/151 331/516/151
f 338/474/152 342/473/152 341/517/152 337/518/152
f 337/513/153 341/519/153 340/520/153 336/514/153
f 336/514/154 340/520/154 339/521/154 335/515/154
f 335/522/155 339/523/155 295/524/155
f 342/473/132 311/458/132 312/525/132 341/517/132
f 341/517/132 312/525/132 313/526/132 340/527/132
f 340/527/132 313/526/132 314/482/132 339/523/132
f 339/523/132 314/482/132 302/485/132 295/524/132
f 296/528/156 335/529/156 295/530/156
f 343/531/132 350/532/132 382/533/132 376/534/132
f 345/535/165 296/536/165 375/537/165 377/538/165
f 350/532/166 349/539/166 381/540/166 382/533/166
f 349/541/167 348/542/167 380/543/167 381/544/167
f 348/545/168 347/546/168 379/547/168 380/548/168
f 347/546/129 346/549/129 378/550/129 379/547/129
f 345/551/166 346/552/166 378/553/166 377/554/166
f 282/555/169 281/556/169 279/557/169 280/558/169
f 284/559/16 283/560/16 281/556/16 282/555/16
f 286/561/170 285/562/170 283/560/170 284/559/170
f 288/563/8 287/564/8 285/565/8 286/566/8
f 290/567/171 289/568/171 287/569/171 288/570/171
f 292/571/14 291/572/14 289/568/14 290/567/14
f 294/573/172 293/574/172 291/572/172 292/571/172
f 280/575/12 279/565/12 293/576/12 294/577/12
f 356/578/21 355/579/21 353/580/21 354/581/21
f 358/582/22 357/583/22 355/579/22 356/578/22
f 360/584/23 359/585/23 357/586/23 358/587/23
f 362/588/24 361/589/24 359/590/24 360/591/24
f 364/592/17 363/593/17 361/589/17 362/588/17
f 366/594/18 365/595/18 363/593/18 364/592/18
f 368/596/19 367/597/19 365/598/19 366/599/19
f 354/581/20 353/580/20 367/600/20 368/601/20
f 377/538/173 375/537/173 412/602/173 383/603/173
f 375/604/174 376/534/174 427/605/174 412/606/174
f 376/534/175 382/533/175 442/607/175 427/605/175
f 382/533/176 381/540/176 457/608/176 442/607/176
f 381/544/177 380/543/177 472/609/177 457/610/177
f 380/548/178 379/547/178 487/611/178 472/612/178
f 379/547/179 378/550/179 502/613/179 487/611/179
f 378/550/180 377/614/180 383/615/180 502/613/180
f 383/603/181 412/602/181 411/616/181 384/617/181
f 384/617/182 411/616/182 410/618/182 385/619/182
f 385/619/183 410/618/183 409/620/183 386/621/183
f 386/621/184 409/620/184 408/622/184 387/623/184
f 387/623/185 408/622/185 407/624/185 388/625/185
f 388/625/186 407/624/186 406/626/186 389/627/186
f 389/627/187 406/626/187 405/628/187 390/629/187
f 390/629/188 405/628/188 404/630/188 391/631/188
f 391/631/189 404/630/189 403/632/189 392/633/189
f 392/633/190 403/632/190 402/634/190 393/635/190
f 393/635/191 402/634/191 401/636/191 394/637/191
f 394/637/192 401/636/192 400/638/192 395/639/192
f 395/639/193 400/638/193 399/640/193 396/641/193
f 396/641/194 399/640/194 398/642/194 397/643/194
f 397/644/195 398/645/195 358/582/195 356/578/195
f 412/606/196 427/605/196 426/646/196 411/647/196
f 411/647/197 426/646/197 425/648/197 410/649/197
f 410/649/198 425/648/198 424/650/198 409/651/198
f 409/652/199 424/653/199 423/654/199 408/655/199
f 408/655/200 423/654/200 422/656/200 407/657/200
f 407/657/201 422/656/201 421/658/201 406/659/201
f 406/659/202 421/658/202 420/660/202 405/661/202
f 405/661/203 420/660/203 419/662/203 404/663/203
f 404/663/204 419/662/204 418/664/204 403/665/204
f 403/665/205 418/664/205 417/666/205 402/667/205
f 402/634/206 417/668/206 416/669/206 401/636/206
f 401/636/207 416/669/207 415/670/207 400/638/207
f 400/638/208 415/670/208 414/671/208 399/640/208
f 399/640/209 414/671/209 413/672/209 398/642/209
f 398/642/210 413/672/210 360/584/210 358/587/210
f 427/605/211 442/607/211 441/673/211 426/646/211
f 426/646/212 441/673/212 440/674/212 425/648/212
f 425/648/213 440/674/213 439/675/213 424/650/213
f 424/650/214 439/675/214 438/676/214 423/677/214
f 423/677/215 438/676/215 437/678/215 422/679/215
f 422/679/216 437/678/216 436/680/216 421/681/216
f 421/681/217 436/680/217 435/682/217 420/683/217
f 420/683/218 435/682/218 434/684/218 419/685/218
f 419/685/219 434/684/219 433/686/219 418/687/219
f 418/687/220 433/686/220 432/688/220 417/689/220
f 417/689/221 432/688/221 431/690/221 416/691/221
f 416/691/222 431/690/222 430/692/222 415/693/222
f 415/693/223 430/692/223 429/694/223 414/695/223
f 414/695/224 429/694/224 428/696/224 413/697/224
f 413/697/225 428/696/225 362/588/225 360/591/225
f 442/607/226 457/608/226 456/698/226 441/673/226
f 441/673/227 456/698/227 455/699/227 440/674/227
f 440/674/228 455/699/228 454/700/228 439/675/228
f 439/675/229 454/700/229 453/701/229 438/676/229
f 438/676/230 453/701/230 452/702/230 437/678/230
f 437/678/231 452/702/231 451/703/231 436/680/231
f 436/680/232 451/703/232 450/704/232 435/682/232
f 435/682/233 450/704/233 449/705/233 434/684/233
f 434/684/234 449/705/234 448/706/234 433/686/234
f 433/686/235 448/706/235 447/707/235 432/688/235
f 432/688/236 447/707/236 446/708/236 431/690/236
f 431/690/237 446/708/237 445/709/237 430/692/237
f 430/692/238 445/709/238 444/710/238 429/694/238
f 429/694/239 444/710/239 443/711/239 428/696/239
f 428/696/240 443/711/240 364/592/240 362/588/240
f 457/610/241 472/609/241 471/712/241 456/713/241
f 456/713/242 471/712/242 470/714/242 455/715/242
f 455/715/243 470/714/243 469/716/243 454/717/243
f 454/717/244 469/716/244 468/718/244 453/719/244
f 453/719/245 468/718/245 467/720/245 452/721/245
f 452/721/246 467/720/246 466/722/246 451/723/246
f 451/723/247 466/722/247 465/724/247 450/725/247
f 450/725/248 465/724/248 464/726/248 449/727/248
f 449/728/249 464/729/249 463/730/249 448/731/249
f 448/731/250 463/730/250 462/732/250 447/733/250
f 447/733/251 462/732/251 461/734/251 446/735/251
f 446/735/252 461/734/252 460/736/252 445/737/252
f 445/709/253 460/738/253 459/739/253 444/710/253
f 444/710/254 459/739/254 458/740/254 443/711/254
f 443/711/255 458/740/255 366/594/255 364/592/255
f 472/612/256 487/611/256 486/741/256 471/742/256
f 471/742/257 486/741/257 485/743/257 470/744/257
f 470/744/258 485/743/258 484/745/258 469/746/258
f 469/716/259 484/747/259 483/748/259 468/718/259
f 468/718/260 483/748/260 482/749/260 467/720/260
f 467/720/261 482/749/261 481/750/261 466/722/261
f 466/722/262 481/750/262 480/751/262 465/724/262
f 465/724/263 480/751/263 479/752/263 464/726/263
f 464/726/264 479/752/264 478/753/264 463/754/264
f 463/754/265 478/753/265 477/755/265 462/756/265
f 462/756/266 477/755/266 476/757/266 461/758/266
f 461/758/267 476/757/267 475/759/267 460/760/267
f 460/760/268 475/759/268 474/761/268 459/762/268
f 459/762/269 474/761/269 473/763/269 458/764/269
f 458/764/270 473/763/270 368/596/270 366/599/270
f 487/611/271 502/613/271 501/765/271 486/741/271
f 486/741/272 501/765/272 500/766/272 485/743/272
f 485/743/273 500/766/273 499/767/273 484/745/273
f 484/745/274 499/767/274 498/768/274 483/769/274
f 483/769/275 498/768/275 497/770/275 482/771/275
f 482/771/276 497/770/276 496/772/276 481/773/276
f 481/773/277 496/772/277 495/774/277 480/775/277
f 480/775/278 495/774/278 494/776/278 479/777/278
f 479/777/279 494/776/279 493/778/279 478/779/279
f 478/779/280 493/778/280 492/780/280 477/781/280
f 477/781/281 492/780/281 491/782/281 476/783/281
f 476/783/282 491/782/282 490/784/282 475/785/282
f 475/785/283 490/784/283 489/786/283 474/787/283
f 474/787/284 489/786/284 488/788/284 473/789/284
f 473/789/285 488/788/285 354/581/285 368/601/285
f 502/613/286 383/615/286 384/790/286 501/765/286
f 501/765/287 384/790/287 385/791/287 500/766/287
f 500/766/288 385/791/288 386/792/288 499/767/288
f 499/767/289 386/792/289 387/793/289 498/768/289
f 498/768/290 387/793/290 388/794/290 497/770/290
f 497/770/291 388/794/291 389/795/291 496/772/291
f 496/772/292 389/795/292 390/796/292 495/774/292
f 495/774/293 390/796/293 391/797/293 494/776/293
f 494/776/294 391/797/294 392/798/294 493/778/294
f 493/778/295 392/798/295 393/799/295 492/780/295
f 492/780/296 393/799/296 394/800/296 491/782/296
f 491/782/297 394/800/297 395/801/297 490/784/297
f 490/784/298 395/801/298 396/802/298 489/786/298
f 489/786/299 396/802/299 397/644/299 488/788/299
f 488/788/300 397/644/300 356/578/300 354/581/300
l 153 158
l 157 158
l 156 157
l 155 156
l 153 154
l 191 199
l 192 200
l 193 201
l 194 202
l 195 203
l 196 204
l 197 205
l 198 206
l 155 235
l 154 233
l 343 344
l 351 352
l 305 346
g gas-filter_cylinder.022
v -0.000991 0.002500 0.003750
v -0.000991 0.002500 0.001875
v -0.000625 0.002866 0.003750
v -0.000625 0.002866 0.001875
v -0.000625 0.003384 0.003750
v -0.000625 0.003384 0.001875
v -0.000991 0.003750 0.003750
v -0.000991 0.003750 0.001875
v -0.001509 0.003750 0.003750
v -0.001509 0.003750 0.001875
v -0.001875 0.003384 0.003750
v -0.001875 0.003384 0.001875
v -0.001875 0.002866 0.003750
v -0.001875 0.002866 0.001875
v -0.001509 0.002500 0.003750
v -0.001509 0.002500 0.001875
v 0.001198 0.019436 0.002962
v 0.001198 0.020811 0.002962
v 0.001298 0.019436 0.002989
v 0.001298 0.020811 0.002989
v 0.001388 0.019436 0.002937
v 0.001388 0.020811 0.002937
v 0.001414 0.019436 0.002837
v 0.001414 0.020811 0.002837
v 0.001363 0.019436 0.002747
v 0.001363 0.020811 0.002747
v 0.001263 0.019436 0.002720
v 0.001263 0.020811 0.002720
v 0.001173 0.019436 0.002772
v 0.001173 0.020811 0.002772
v 0.001146 0.019436 0.002872
v 0.001146 0.020811 0.002872
v 0.001249 0.019998 0.003258
v 0.001682 0.019998 0.003008
v 0.001249 0.019686 0.003258
v 0.001682 0.019686 0.003008
v 0.000776 0.019998 0.001438
v 0.000343 0.019998 0.001688
v 0.000776 0.019686 0.001438
v 0.000343 0.019686 0.001688
v 0.001249 0.020623 0.003258
v 0.001682 0.020623 0.003008
v 0.001249 0.020311 0.003258
v 0.001682 0.020311 0.003008
v 0.000776 0.020623 0.001438
v 0.000343 0.020623 0.001688
v 0.000776 0.020311 0.001438
v 0.000343 0.020311 0.001688
v 0.001157 0.020811 0.003015
v 0.001157 0.020936 0.003015
v 0.001307 0.020811 0.003056
v 0.001307 0.020936 0.003056
v 0.001441 0.020811 0.002978
v 0.001441 0.020936 0.002978
v 0.001482 0.020811 0.002828
v 0.001482 0.020936 0.002828
v 0.001404 0.020811 0.002693
v 0.001404 0.020936 0.002693
v 0.001254 0.020811 0.002653
v 0.001254 0.020936 0.002653
v 0.001119 0.020811 0.002731
v 0.001119 0.020936 0.002731
v 0.001079 0.020811 0.002881
v 0.001079 0.020936 0.002881
v -0.002539 0.019439 -0.004127
v -0.002539 0.020814 -0.004127
v -0.002639 0.019439 -0.004154
v -0.002639 0.020814 -0.004154
v -0.002729 0.019439 -0.004102
v -0.002729 0.020814 -0.004102
v -0.002756 0.019439 -0.004002
v -0.002756 0.020814 -0.004002
v -0.002704 0.019439 -0.003912
v -0.002704 0.020814 -0.003912
v -0.002604 0.019439 -0.003885
v -0.002604 0.020814 -0.003885
v -0.002514 0.019439 -0.003937
v -0.002514 0.020814 -0.003937
v -0.002487 0.019439 -0.004037
v -0.002487 0.020814 -0.004037
v -0.002590 0.020001 -0.004423
v -0.003023 0.020001 -0.004173
v -0.002590 0.019689 -0.004423
v -0.003023 0.019689 -0.004173
v -0.002117 0.020001 -0.002603
v -0.001684 0.020001 -0.002853
v -0.002117 0.019689 -0.002603
v -0.001684 0.019689 -0.002853
v -0.002590 0.020626 -0.004423
v -0.003023 0.020626 -0.004173
v -0.002590 0.020314 -0.004423
v -0.003023 0.020314 -0.004173
v -0.002117 0.020626 -0.002603
v -0.001684 0.020626 -0.002853
v -0.002117 0.020314 -0.002603
v -0.001684 0.020314 -0.002853
v -0.002498 0.020814 -0.004181
v -0.002498 0.020939 -0.004181
v -0.002648 0.020814 -0.004221
v -0.002648 0.020939 -0.004221
v -0.002782 0.020814 -0.004143
v -0.002782 0.020939 -0.004143
v -0.002823 0.020814 -0.003993
v -0.002823 0.020939 -0.003993
v -0.002745 0.020814 -0.003859
v -0.002745 0.020939 -0.003859
v -0.002595 0.020814 -0.003818
v -0.002595 0.020939 -0.003818
v -0.002460 0.020814 -0.003896
v -0.002460 0.020939 -0.003896
v -0.002420 0.020814 -0.004046
v -0.002420 0.020939 -0.004046
v -0.004212 0.019438 0.001286
v -0.004212 0.020813 0.001286
v -0.004239 0.019438 0.001386
v -0.004239 0.020813 0.001386
v -0.004187 0.019438 0.001476
v -0.004187 0.020813 0.001476
v -0.004087 0.019438 0.001502
v -0.004087 0.020813 0.001502
v -0.003997 0.019438 0.001451
v -0.003997 0.020813 0.001451
v -0.003970 0.019438 0.001351
v -0.003970 0.020813 0.001351
v -0.004022 0.019438 0.001261
v -0.004022 0.020813 0.001261
v -0.004122 0.019438 0.001234
v -0.004122 0.020813 0.001234
v -0.004508 0.020000 0.001337
v -0.004258 0.020000 0.001770
v -0.004508 0.019688 0.001337
v -0.004258 0.019688 0.001770
v -0.002688 0.020000 0.000864
v -0.002938 0.020000 0.000431
v -0.002688 0.019688 0.000864
v -0.002938 0.019688 0.000431
v -0.004508 0.020625 0.001337
v -0.004258 0.020625 0.001770
v -0.004508 0.020313 0.001337
v -0.004258 0.020313 0.001770
v -0.002688 0.020625 0.000864
v -0.002938 0.020625 0.000431
v -0.002688 0.020313 0.000864
v -0.002938 0.020313 0.000431
v -0.004265 0.020813 0.001245
v -0.004265 0.020938 0.001245
v -0.004306 0.020813 0.001395
v -0.004306 0.020938 0.001395
v -0.004228 0.020813 0.001529
v -0.004228 0.020938 0.001529
v -0.004078 0.020813 0.001569
v -0.004078 0.020938 0.001569
v -0.003943 0.020813 0.001492
v -0.003943 0.020938 0.001492
v -0.003903 0.020813 0.001342
v -0.003903 0.020938 0.001342
v -0.003981 0.020813 0.001207
v -0.003981 0.020938 0.001207
v -0.004131 0.020813 0.001167
v -0.004131 0.020938 0.001167
v 0.002877 0.019441 -0.002451
v 0.002877 0.020816 -0.002451
v 0.002904 0.019441 -0.002551
v 0.002904 0.020816 -0.002551
v 0.002852 0.019441 -0.002641
v 0.002852 0.020816 -0.002641
v 0.002752 0.019441 -0.002668
v 0.002752 0.020816 -0.002668
v 0.002662 0.019441 -0.002616
v 0.002662 0.020816 -0.002616
v 0.002635 0.019441 -0.002516
v 0.002635 0.020816 -0.002516
v 0.002687 0.019441 -0.002426
v 0.002687 0.020816 -0.002426
v 0.002787 0.019441 -0.002399
v 0.002787 0.020816 -0.002399
v 0.003173 0.020003 -0.002502
v 0.002923 0.020003 -0.002935
v 0.003173 0.019691 -0.002502
v 0.002923 0.019691 -0.002935
v 0.001353 0.020003 -0.002029
v 0.001603 0.020003 -0.001596
v 0.001353 0.019691 -0.002029
v 0.001603 0.019691 -0.001596
v 0.003173 0.020628 -0.002502
v 0.002923 0.020628 -0.002935
v 0.003173 0.020316 -0.002502
v 0.002923 0.020316 -0.002935
v 0.001353 0.020628 -0.002029
v 0.001603 0.020628 -0.001596
v 0.001353 0.020316 -0.002029
v 0.001603 0.020316 -0.001596
v 0.002930 0.020816 -0.002410
v 0.002930 0.020941 -0.002410
v 0.002971 0.020816 -0.002560
v 0.002971 0.020941 -0.002560
v 0.002893 0.020816 -0.002695
v 0.002893 0.020941 -0.002695
v 0.002743 0.020816 -0.002735
v 0.002743 0.020941 -0.002735
v 0.002608 0.020816 -0.002657
v 0.002608 0.020941 -0.002657
v 0.002568 0.020816 -0.002507
v 0.002568 0.020941 -0.002507
v 0.002646 0.020816 -0.002373
v 0.002646 0.020941 -0.002373
v 0.002796 0.020816 -0.002332
v 0.002796 0.020941 -0.002332
v -0.000500 0.003436 0.003500
v -0.000500 0.003436 0.003750
v -0.000939 0.003875 0.003500
v -0.000939 0.003875 0.003750
v -0.001561 0.003875 0.003500
v -0.001561 0.003875 0.003750
v -0.002000 0.003436 0.003500
v -0.002000 0.003436 0.003750
v -0.002000 0.002814 0.003500
v -0.002000 0.002814 0.003750
v -0.001561 0.002375 0.003500
v -0.001561 0.002375 0.003750
v -0.000939 0.002375 0.003500
v -0.000939 0.002375 0.003750
v -0.000500 0.002814 0.003500
v -0.000500 0.002814 0.003750
v 0.000212 0.001266 0.002500
v 0.000212 0.020016 0.002500
v 0.001663 0.001266 0.001663
v 0.001663 0.020016 0.001663
v 0.002500 0.001266 0.000212
v 0.002500 0.020016 0.000212
v 0.002500 0.001266 -0.001462
v 0.002500 0.020016 -0.001462
v 0.001663 0.001266 -0.002913
v 0.001663 0.020016 -0.002913
v 0.000212 0.001266 -0.003750
v 0.000212 0.020016 -0.003750
v -0.001462 0.001266 -0.003750
v -0.001462 0.020016 -0.003750
v -0.002913 0.001266 -0.002913
v -0.002913 0.020016 -0.002913
v -0.003750 0.001266 -0.001462
v -0.003750 0.020016 -0.001462
v -0.003750 0.001266 0.000212
v -0.003750 0.020016 0.000212
v -0.002913 0.001266 0.001663
v -0.002913 0.020016 0.001663
v -0.001462 0.001266 0.002500
v -0.001462 0.020016 0.002500
v -0.000625 0.023125 -0.000625
v -0.000206 0.022706 0.000937
v 0.000100 0.021562 0.002081
v 0.000519 0.022706 0.000519
v 0.001356 0.021562 0.001356
v 0.000937 0.022706 -0.000206
v 0.002081 0.021562 0.000100
v 0.000937 0.022706 -0.001044
v 0.002081 0.021562 -0.001350
v 0.000519 0.022706 -0.001769
v 0.001356 0.021562 -0.002606
v -0.000206 0.022706 -0.002188
v 0.000100 0.021562 -0.003331
v -0.001044 0.022706 -0.002188
v -0.001350 0.021562 -0.003331
v -0.001769 0.022706 -0.001769
v -0.002606 0.021562 -0.002606
v -0.002188 0.022706 -0.001044
v -0.003331 0.021562 -0.001350
v -0.002188 0.022706 -0.000206
v -0.003331 0.021562 0.000100
v -0.001769 0.022706 0.000519
v -0.002606 0.021562 0.001356
v -0.001044 0.022706 0.000937
v -0.001350 0.021562 0.002081
v 0.000212 0.020000 0.002500
v 0.001663 0.020000 0.001663
v 0.002500 0.020000 0.000212
v 0.002500 0.020000 -0.001462
v 0.001663 0.020000 -0.002913
v 0.000212 0.020000 -0.003750
v -0.001462 0.020000 -0.003750
v -0.002913 0.020000 -0.002913
v -0.003750 0.020000 -0.001462
v -0.003750 0.020000 0.000212
v -0.002913 0.020000 0.001663
v -0.001462 0.020000 0.002500
vn 0.7071 -0.7071 -0.0000
vn 1.0000 -0.0000 -0.0000
vn 0.7071 0.7071 -0.0000
vn -0.0000 1.0000 -0.0000
vn -0.7071 0.7071 -0.0000
vn -1.0000 -0.0000 -0.0000
vn -0.7071 -0.7071 -0.0000
vn -0.0000 -1.0000 -0.0000
vn -0.0000 -0.0000 -1.0000
vn -0.0000 -0.0000 1.0000
vn -0.2588 -0.0000 0.9659
vn 0.5000 -0.0000 0.8661
vn 0.9659 -0.0000 0.2588
vn 0.8661 -0.0000 -0.5000
vn 0.2588 -0.0000 -0.9659
vn -0.5000 -0.0000 -0.8660
vn -0.9659 -0.0000 -0.2588
vn -0.8660 -0.0000 0.5000
vn 0.8660 -0.0000 -0.5000
vn 0.5000 -0.0000 0.8660
vn -0.8661 -0.0000 0.5000
vn -0.2589 -0.0000 0.9659
vn -0.9659 -0.0000 -0.2589
vn 0.2589 -0.0000 -0.9659
vn 0.9659 -0.0000 0.2589
vn 0.8660 -0.0000 0.5000
vn 0.5000 -0.0000 -0.8660
vn -0.8660 -0.0000 -0.5000
vn -0.5000 -0.0000 0.8660
vn 0.1294 0.9659 0.2241
vn 0.3536 0.7071 0.6124
vn 0.4830 0.2588 0.8365
vn 0.2241 0.9659 0.1294
vn 0.6124 0.7071 0.3536
vn 0.8365 0.2588 0.4830
vn 0.2588 0.9659 -0.0000
vn 0.9659 0.2588 -0.0000
vn 0.2241 0.9659 -0.1294
vn 0.6124 0.7071 -0.3536
vn 0.8365 0.2588 -0.4830
vn 0.1294 0.9659 -0.2241
vn 0.3536 0.7071 -0.6124
vn 0.4830 0.2588 -0.8365
vn -0.0000 0.9659 -0.2588
vn -0.0000 0.7071 -0.7071
vn -0.0000 0.2588 -0.9659
vn -0.1294 0.9659 -0.2241
vn -0.3536 0.7071 -0.6124
vn -0.4830 0.2588 -0.8365
vn -0.2241 0.9659 -0.1294
vn -0.6124 0.7071 -0.3536
vn -0.8365 0.2588 -0.4830
vn -0.2588 0.9659 -0.0000
vn -0.9659 0.2588 -0.0000
vn -0.2241 0.9659 0.1294
vn -0.6124 0.7071 0.3536
vn -0.8365 0.2588 0.4830
vn -0.1294 0.9659 0.2241
vn -0.3536 0.7071 0.6124
vn -0.4830 0.2588 0.8365
vn -0.0000 0.9659 0.2588
vn -0.0000 0.7071 0.7071
vn -0.0000 0.2588 0.9659
vt 0.741610 0.626400
vt 0.741610 0.589858
vt 0.748745 0.589858
vt 0.748745 0.626400
vt 0.989910 0.563304
vt 0.989910 0.535451
vt 1.000000 0.535370
vt 1.000000 0.563223
vt 0.846555 0.622427
vt 0.846555 0.585886
vt 0.853690 0.585886
vt 0.853690 0.622427
vt 0.836464 0.622427
vt 0.836464 0.585886
vt 0.829329 0.622427
vt 0.829329 0.585886
vt 0.623659 0.968075
vt 0.623659 0.940222
vt 0.633749 0.940141
vt 0.633749 0.967994
vt 0.758836 0.626400
vt 0.758836 0.589858
vt 0.765971 0.589858
vt 0.765971 0.626400
vt 0.981812 0.633451
vt 0.974121 0.633389
vt 0.968682 0.626211
vt 0.968682 0.616121
vt 0.974121 0.609029
vt 0.981812 0.609091
vt 0.987250 0.616269
vt 0.987250 0.626359
vt 0.612433 0.968136
vt 0.617872 0.975315
vt 0.617872 0.985405
vt 0.612433 0.992496
vt 0.604742 0.992435
vt 0.599304 0.985256
vt 0.599304 0.975166
vt 0.604742 0.968075
vt 0.884367 0.968189
vt 0.886190 0.968197
vt 0.886190 0.994993
vt 0.884367 0.994985
vt 0.989919 0.389785
vt 0.991819 0.389778
vt 0.991819 0.416575
vt 0.989919 0.416581
vt 0.993643 0.389787
vt 0.993643 0.416583
vt 0.679283 0.994894
vt 0.677383 0.994901
vt 0.677383 0.968105
vt 0.679283 0.968098
vt 0.675559 0.994893
vt 0.675559 0.968097
vt 0.980869 0.639785
vt 0.978728 0.641925
vt 0.975701 0.641925
vt 0.973560 0.639784
vt 0.973560 0.636757
vt 0.975701 0.634617
vt 0.978728 0.634617
vt 0.980869 0.636757
vt 0.996071 0.535364
vt 0.994170 0.535370
vt 0.994170 0.508574
vt 0.996071 0.508568
vt 0.968392 0.634617
vt 0.971420 0.634617
vt 0.973560 0.636757
vt 0.973560 0.639784
vt 0.971420 0.641925
vt 0.968392 0.641925
vt 0.966252 0.639784
vt 0.966252 0.636757
vt 0.992346 0.535362
vt 0.992346 0.508566
vt 0.769436 0.584906
vt 0.770863 0.586333
vt 0.770863 0.588351
vt 0.769435 0.589778
vt 0.767417 0.589778
vt 0.765990 0.588351
vt 0.765990 0.586333
vt 0.767417 0.584906
vt 0.882466 0.968195
vt 0.882466 0.994992
vt 0.864727 0.831764
vt 0.864727 0.865029
vt 0.858637 0.865008
vt 0.858637 0.831743
vt 0.968636 0.977471
vt 0.968636 0.986648
vt 0.962546 0.986627
vt 0.962546 0.977451
vt 0.204446 0.947105
vt 0.204446 0.913840
vt 0.210536 0.913860
vt 0.210536 0.947125
vt 0.983687 0.948905
vt 0.983687 0.939728
vt 0.989777 0.939749
vt 0.989777 0.948925
vt 0.980166 0.606017
vt 0.980166 0.570694
vt 0.989910 0.570694
vt 0.989910 0.606017
vt 0.986119 0.803787
vt 0.986119 0.768463
vt 0.995863 0.768463
vt 0.995863 0.803787
vt 0.564283 0.959037
vt 0.564283 0.992302
vt 0.558193 0.992282
vt 0.558193 0.959017
vt 0.896316 0.980390
vt 0.896316 0.989567
vt 0.890226 0.989546
vt 0.890226 0.980370
vt 0.858637 0.765152
vt 0.858637 0.731887
vt 0.864727 0.731907
vt 0.864727 0.765172
vt 0.535912 0.988554
vt 0.535912 0.979377
vt 0.542002 0.979398
vt 0.542002 0.988574
vt 0.986119 0.840329
vt 0.986119 0.805005
vt 0.995863 0.805006
vt 0.995863 0.840329
vt 0.980174 0.425102
vt 0.980174 0.389778
vt 0.989919 0.389778
vt 0.989919 0.425102
vt 0.475025 0.879977
vt 0.475036 0.877241
vt 0.477472 0.877240
vt 0.477461 0.879975
vt 0.755091 0.880822
vt 0.755102 0.883673
vt 0.752666 0.883674
vt 0.752655 0.880823
vt 0.755091 0.886409
vt 0.752655 0.886410
vt 0.213133 0.872510
vt 0.213144 0.875361
vt 0.210708 0.875362
vt 0.210697 0.872511
vt 0.213133 0.878097
vt 0.210697 0.878098
vt 0.369852 0.875044
vt 0.369841 0.872193
vt 0.372277 0.872192
vt 0.372288 0.875043
vt 0.369852 0.869457
vt 0.372288 0.869456
vt 0.475036 0.882827
vt 0.477472 0.882826
vt 0.991743 0.451906
vt 0.989919 0.451898
vt 0.989919 0.425102
vt 0.991743 0.425110
vt 0.683007 0.994894
vt 0.681107 0.994901
vt 0.681107 0.968105
vt 0.683007 0.968098
vt 0.679283 0.994893
vt 0.679283 0.968097
vt 0.989910 0.570700
vt 0.991811 0.570694
vt 0.991811 0.597490
vt 0.989910 0.597496
vt 0.993635 0.570702
vt 0.993635 0.597498
vt 0.055364 0.931166
vt 0.057265 0.931159
vt 0.057265 0.957955
vt 0.055364 0.957962
vt 0.059089 0.931167
vt 0.059089 0.957963
vt 0.761118 0.588351
vt 0.761118 0.586333
vt 0.762545 0.584906
vt 0.764563 0.584906
vt 0.765990 0.586333
vt 0.765990 0.588351
vt 0.764563 0.589778
vt 0.762545 0.589778
vt 0.993643 0.451900
vt 0.993643 0.425104
vt 0.928862 0.984437
vt 0.928862 0.951172
vt 0.934952 0.951192
vt 0.934952 0.984457
vt 0.835795 0.986154
vt 0.835795 0.976977
vt 0.841885 0.976997
vt 0.841885 0.986174
vt 0.564283 0.925752
vt 0.564283 0.959017
vt 0.558193 0.958996
vt 0.558193 0.925731
vt 0.132226 0.976903
vt 0.132226 0.986080
vt 0.126136 0.986059
vt 0.126136 0.976883
vt 0.599304 0.852640
vt 0.599304 0.887964
vt 0.589559 0.887964
vt 0.589559 0.852640
vt 0.900670 0.627506
vt 0.900670 0.662830
vt 0.890926 0.662830
vt 0.890926 0.627506
vt 0.204446 0.847248
vt 0.204446 0.813983
vt 0.210536 0.814004
vt 0.210536 0.847269
vt 0.841885 0.986154
vt 0.841885 0.976977
vt 0.847975 0.976997
vt 0.847975 0.986174
vt 0.083447 0.960414
vt 0.083447 0.993679
vt 0.077357 0.993658
vt 0.077357 0.960393
vt 0.126136 0.976903
vt 0.126136 0.986080
vt 0.120046 0.986059
vt 0.120046 0.976882
vt 0.104970 0.883222
vt 0.104970 0.918546
vt 0.095226 0.918546
vt 0.095226 0.883222
vt 0.599304 0.887964
vt 0.599304 0.923288
vt 0.589559 0.923288
vt 0.589559 0.887964
vt 0.372288 0.883482
vt 0.372277 0.886218
vt 0.369841 0.886219
vt 0.369852 0.883483
vt 0.752666 0.869647
vt 0.752655 0.866796
vt 0.755091 0.866795
vt 0.755102 0.869646
vt 0.752666 0.864060
vt 0.755102 0.864059
vt 0.369852 0.847104
vt 0.369841 0.844253
vt 0.372277 0.844252
vt 0.372288 0.847103
vt 0.369852 0.841517
vt 0.372288 0.841516
vt 0.372277 0.847104
vt 0.372288 0.849955
vt 0.369852 0.849956
vt 0.369841 0.847106
vt 0.372277 0.852691
vt 0.369841 0.852692
vt 0.951635 0.639785
vt 0.951635 0.636757
vt 0.953776 0.634617
vt 0.956803 0.634617
vt 0.958944 0.636757
vt 0.958944 0.639785
vt 0.956803 0.641925
vt 0.953776 0.641925
vt 0.372277 0.880632
vt 0.369841 0.880633
vt 0.586931 0.981973
vt 0.585107 0.981965
vt 0.585107 0.955169
vt 0.586931 0.955177
vt 0.992359 0.219257
vt 0.994259 0.219251
vt 0.994259 0.246047
vt 0.992359 0.246053
vt 0.996083 0.219259
vt 0.996083 0.246055
vt 0.886191 0.968195
vt 0.888091 0.968189
vt 0.888091 0.994985
vt 0.886191 0.994991
vt 0.889915 0.968197
vt 0.889915 0.994993
vt 0.535314 0.986945
vt 0.533414 0.986951
vt 0.533414 0.960155
vt 0.535314 0.960149
vt 0.531590 0.986943
vt 0.531590 0.960147
vt 0.588832 0.981967
vt 0.588832 0.955171
vt 0.754726 0.504613
vt 0.754726 0.537878
vt 0.748636 0.537857
vt 0.748636 0.504592
vt 0.847975 0.986153
vt 0.847975 0.976977
vt 0.854065 0.976997
vt 0.854065 0.986174
vt 0.755102 0.891736
vt 0.755102 0.858471
vt 0.761192 0.858491
vt 0.761192 0.891756
vt 0.548092 0.979398
vt 0.548092 0.988574
vt 0.542002 0.988554
vt 0.542002 0.979377
vt 0.980174 0.460426
vt 0.980174 0.425102
vt 0.989919 0.425102
vt 0.989919 0.460426
vt 0.749473 0.993675
vt 0.749473 0.958352
vt 0.759217 0.958352
vt 0.759217 0.993675
vt 0.864727 0.765193
vt 0.864727 0.798458
vt 0.858637 0.798437
vt 0.858637 0.765172
vt 0.854065 0.986154
vt 0.854065 0.976977
vt 0.860155 0.976998
vt 0.860155 0.986174
vt 0.858637 0.898294
vt 0.858637 0.865029
vt 0.864727 0.865049
vt 0.864727 0.898314
vt 0.974726 0.977471
vt 0.974726 0.986648
vt 0.968636 0.986627
vt 0.968636 0.977451
vt 0.986246 0.702694
vt 0.986246 0.667371
vt 0.995991 0.667371
vt 0.995991 0.702695
vt 0.589559 0.993935
vt 0.589559 0.958612
vt 0.599304 0.958611
vt 0.599304 0.993935
vt 0.752655 0.861208
vt 0.752666 0.858472
vt 0.755102 0.858471
vt 0.755091 0.861207
vt 0.752666 0.880822
vt 0.752655 0.877972
vt 0.755091 0.877970
vt 0.755102 0.880821
vt 0.752666 0.875236
vt 0.755102 0.875235
vt 0.213133 0.878098
vt 0.213144 0.880949
vt 0.210708 0.880950
vt 0.210697 0.878099
vt 0.213133 0.883685
vt 0.210697 0.883686
vt 0.372277 0.863868
vt 0.372288 0.866719
vt 0.369852 0.866720
vt 0.369841 0.863869
vt 0.372277 0.869455
vt 0.369841 0.869456
vt 0.752666 0.864059
vt 0.755102 0.864058
vt 0.783142 0.956149
vt 0.784966 0.956157
vt 0.784966 0.982953
vt 0.783142 0.982945
vt 0.510404 0.923289
vt 0.508503 0.923295
vt 0.508503 0.896499
vt 0.510404 0.896492
vt 0.506679 0.923287
vt 0.506679 0.896491
vt 0.995570 0.942165
vt 0.993670 0.942171
vt 0.993670 0.915375
vt 0.995570 0.915368
vt 0.991846 0.942163
vt 0.991846 0.915367
vt 0.991869 0.866650
vt 0.993770 0.866644
vt 0.993770 0.893440
vt 0.991869 0.893446
vt 0.995593 0.866652
vt 0.995593 0.893448
vt 0.757673 0.584906
vt 0.759691 0.584906
vt 0.761118 0.586333
vt 0.761118 0.588351
vt 0.759691 0.589778
vt 0.757673 0.589778
vt 0.756246 0.588351
vt 0.756246 0.586333
vt 0.781242 0.956155
vt 0.781242 0.982951
vt 0.204446 0.913819
vt 0.204446 0.880554
vt 0.210536 0.880575
vt 0.210536 0.913840
vt 0.962546 0.977471
vt 0.962546 0.986648
vt 0.956456 0.986627
vt 0.956456 0.977451
vt 0.754726 0.537898
vt 0.754726 0.571163
vt 0.748635 0.571143
vt 0.748635 0.537878
vt 0.980166 0.510988
vt 0.980166 0.501812
vt 0.986256 0.501832
vt 0.986256 0.511009
vt 0.995863 0.731921
vt 0.995863 0.767245
vt 0.986119 0.767245
vt 0.986119 0.731921
vt 0.996554 -0.000000
vt 0.996554 0.035324
vt 0.986810 0.035324
vt 0.986810 0.000000
vt 0.204446 0.880534
vt 0.204446 0.847269
vt 0.210536 0.847289
vt 0.210536 0.880554
vt 0.902406 0.980390
vt 0.902406 0.989567
vt 0.896316 0.989546
vt 0.896316 0.980370
vt 0.864727 0.798478
vt 0.864727 0.831743
vt 0.858637 0.831723
vt 0.858637 0.798458
vt 0.551210 0.988554
vt 0.551210 0.979377
vt 0.557300 0.979398
vt 0.557300 0.988574
vt 0.599304 0.923288
vt 0.599304 0.958611
vt 0.589559 0.958611
vt 0.589559 0.923288
vt 0.989910 0.535370
vt 0.980166 0.535370
vt 0.372288 0.855543
vt 0.372277 0.858279
vt 0.369841 0.858280
vt 0.369852 0.855544
vt 0.372277 0.858280
vt 0.372288 0.861131
vt 0.369852 0.861132
vt 0.369841 0.858281
vt 0.372277 0.863867
vt 0.369841 0.863868
vt 0.752666 0.875234
vt 0.752655 0.872384
vt 0.755091 0.872383
vt 0.755102 0.875233
vt 0.752666 0.869648
vt 0.755102 0.869647
vt 0.369852 0.880631
vt 0.369841 0.877781
vt 0.372277 0.877779
vt 0.372288 0.880630
vt 0.369852 0.875045
vt 0.372288 0.875044
vt 0.372277 0.852692
vt 0.369841 0.852693
vt 0.958944 0.636757
vt 0.961084 0.634617
vt 0.964111 0.634616
vt 0.966252 0.636757
vt 0.966252 0.639784
vt 0.964112 0.641925
vt 0.961084 0.641925
vt 0.958944 0.639785
vt 0.759052 0.957532
vt 0.756024 0.957532
vt 0.753884 0.955391
vt 0.753884 0.952364
vt 0.756024 0.950223
vt 0.759052 0.950223
vt 0.761192 0.952364
vt 0.761192 0.955391
vt 0.946467 0.634617
vt 0.949495 0.634617
vt 0.951635 0.636757
vt 0.951635 0.639785
vt 0.949495 0.641925
vt 0.946467 0.641925
vt 0.944327 0.639784
vt 0.944327 0.636757
vt 0.753803 0.581839
vt 0.755944 0.583979
vt 0.755944 0.587006
vt 0.753803 0.589147
vt 0.750776 0.589147
vt 0.748635 0.587006
vt 0.748635 0.583979
vt 0.750776 0.581838
vt 0.761192 0.920990
vt 0.761192 0.929552
vt 0.756320 0.929552
vt 0.756320 0.920990
vt 0.761192 0.941661
vt 0.756320 0.941661
vt 0.761192 0.950223
vt 0.756320 0.950223
vt 0.756320 0.891786
vt 0.756320 0.903894
vt 0.752606 0.903865
vt 0.752606 0.891756
vt 0.761192 0.891756
vt 0.761192 0.900319
vt 0.756320 0.900319
vt 0.756320 0.891756
vt 0.761192 0.912427
vt 0.756320 0.912427
vt 0.558193 0.934419
vt 0.558193 0.946527
vt 0.551667 0.955037
vt 0.542438 0.954963
vt 0.535912 0.946349
vt 0.535912 0.934241
vt 0.542438 0.925731
vt 0.551667 0.925805
vt 0.756320 0.920990
vt 0.587340 0.946659
vt 0.580814 0.955169
vt 0.571585 0.955095
vt 0.565058 0.946481
vt 0.565058 0.934373
vt 0.571585 0.925863
vt 0.580814 0.925937
vt 0.587340 0.934551
vt 0.978174 0.243685
vt 0.978174 0.255793
vt 0.974461 0.255763
vt 0.974461 0.243655
vt 0.741610 0.000103
vt 0.772345 -0.000000
vt 0.772345 0.365401
vt 0.741610 0.365505
vt 0.804453 0.000055
vt 0.804453 0.365456
vt 0.829329 0.000254
vt 0.829329 0.365655
vt 0.389442 0.755330
vt 0.358707 0.755434
vt 0.358707 0.390033
vt 0.389442 0.389929
vt 0.326599 0.755379
vt 0.326599 0.389978
vt 0.301723 0.755180
vt 0.301723 0.389778
vt 0.301723 0.755330
vt 0.270987 0.755434
vt 0.270987 0.390033
vt 0.301723 0.389929
vt 0.238880 0.755379
vt 0.238880 0.389978
vt 0.214003 0.755180
vt 0.214003 0.389778
vt 0.389779 0.511688
vt 0.420514 0.511584
vt 0.420514 0.876985
vt 0.389779 0.877089
vt 0.452622 0.511639
vt 0.452622 0.877041
vt 0.477498 0.511839
vt 0.477498 0.877240
vt 0.772061 0.656851
vt 0.786194 0.648692
vt 0.794353 0.679143
vt 0.755742 0.640532
vt 0.780221 0.626400
vt 0.033898 0.760576
vt 0.064406 0.755720
vt 0.064562 0.786455
vt 0.034034 0.787194
vt 0.802513 0.648692
vt 0.808486 0.626400
vt 0.064562 0.818563
vt 0.034034 0.815000
vt 0.816645 0.656851
vt 0.832964 0.640532
vt 0.064406 0.843440
vt 0.033898 0.836544
vt 0.824805 0.670984
vt 0.847097 0.665011
vt 0.033898 0.848296
vt 0.064406 0.843440
vt 0.064562 0.874175
vt 0.034034 0.874913
vt 0.824804 0.687303
vt 0.847097 0.693276
vt 0.064562 0.906282
vt 0.034034 0.902719
vt 0.816645 0.701435
vt 0.832964 0.717754
vt 0.064406 0.931159
vt 0.033898 0.924263
vt 0.802512 0.709595
vt 0.808486 0.731887
vt 0.095226 0.838583
vt 0.064718 0.843440
vt 0.064562 0.812704
vt 0.095090 0.811966
vt 0.786194 0.709595
vt 0.780220 0.731887
vt 0.064562 0.780597
vt 0.095090 0.784160
vt 0.772061 0.701435
vt 0.755742 0.717754
vt 0.064718 0.755720
vt 0.095226 0.762616
vt 0.763902 0.687303
vt 0.741610 0.693276
vt 0.095226 0.926303
vt 0.064718 0.931159
vt 0.064562 0.900424
vt 0.095090 0.899685
vt 0.763902 0.670984
vt 0.741610 0.665011
vt 0.064562 0.868316
vt 0.095090 0.871879
vt 0.064718 0.843440
vt 0.095226 0.850335
s 0
g gas-filter_
usemtl blue
f 551/859/308 565/860/308 563/861/308 561/862/308 559/863/308 557/864/308 555/865/308 553/866/308
f 541/903/316 542/904/316 540/905/316 539/906/316
f 549/927/316 550/928/316 548/929/316 547/930/316
f 567/985/308 581/986/308 579/987/308 577/988/308 575/989/308 573/990/308 571/991/308 569/992/308
f 637/1111/319 638/1112/319 636/1113/319 635/1114/319
f 645/1135/319 646/1136/319 644/1137/319 643/1138/319
f 663/1193/308 677/1194/308 675/1195/308 673/1196/308 671/1197/308 669/1198/308 667/1199/308 665/1200/308
f 695/1297/308 709/1298/308 707/1299/308 705/1300/308 703/1301/308 701/1302/308 699/1303/308 697/1304/308
g gas-filter_blue
usemtl blue
f 506/803/301 505/804/301 503/805/301 504/806/301
f 508/807/302 507/808/302 505/809/302 506/810/302
f 510/811/303 509/812/303 507/813/303 508/814/303
f 512/815/304 511/816/304 509/812/304 510/811/304
f 514/817/305 513/818/305 511/816/305 512/815/305
f 516/819/306 515/820/306 513/821/306 514/822/306
f 518/823/307 517/824/307 515/825/307 516/826/307
f 504/806/308 503/805/308 517/824/308 518/823/308
f 504/827/309 518/828/309 516/829/309 514/830/309 512/831/309 510/832/309 508/833/309 506/834/309
f 503/835/310 505/836/310 507/837/310 509/838/310 511/839/310 513/840/310 515/841/310 517/842/310
f 519/843/311 521/844/311 522/845/311 520/846/311
f 521/847/312 523/848/312 524/849/312 522/850/312
f 523/848/313 525/851/313 526/852/313 524/849/313
f 525/853/314 527/854/314 528/855/314 526/856/314
f 527/854/315 529/857/315 530/858/315 528/855/315
f 529/867/316 531/868/316 532/869/316 530/870/316
f 552/871/304 554/872/304 556/873/304 558/874/304 560/875/304 562/876/304 564/877/304 566/878/304
f 531/868/317 533/879/317 534/880/317 532/869/317
f 519/881/308 533/882/308 531/883/308 529/884/308 527/885/308 525/886/308 523/887/308 521/888/308
f 533/889/318 519/843/318 520/846/318 534/890/318
f 538/891/319 541/892/319 539/893/319 536/894/319
f 537/895/320 538/896/320 536/897/320 535/898/320
f 542/899/318 537/900/318 535/901/318 540/902/318
f 540/907/304 535/908/304 536/909/304 539/910/304
f 541/911/308 538/912/308 537/913/308 542/914/308
f 546/915/319 549/916/319 547/917/319 544/918/319
f 545/919/320 546/920/320 544/921/320 543/922/320
f 550/923/318 545/924/318 543/925/318 548/926/318
f 548/931/304 543/932/304 544/933/304 547/934/304
f 549/935/308 546/936/308 545/937/308 550/938/308
f 551/939/311 553/940/311 554/941/311 552/942/311
f 553/943/320 555/944/320 556/945/320 554/946/320
f 555/944/313 557/947/313 558/948/313 556/945/313
f 557/949/319 559/950/319 560/951/319 558/952/319
f 559/950/315 561/953/315 562/954/315 560/951/315
f 561/955/316 563/956/316 564/957/316 562/958/316
f 563/956/317 565/959/317 566/960/317 564/957/317
f 565/961/318 551/939/318 552/942/318 566/962/318
f 567/963/315 569/964/315 570/965/315 568/966/315
f 569/967/316 571/968/316 572/969/316 570/970/316
f 571/968/317 573/971/317 574/972/317 572/969/317
f 573/973/321 575/974/321 576/975/321 574/976/321
f 575/974/322 577/977/322 578/978/322 576/975/322
f 577/979/320 579/980/320 580/981/320 578/982/320
f 579/980/313 581/983/313 582/984/313 580/981/313
f 581/993/319 567/963/319 568/966/319 582/994/319
f 586/995/318 589/996/318 587/997/318 584/998/318
f 585/999/316 586/1000/316 584/1001/316 583/1002/316
f 590/1003/319 585/1004/319 583/1005/319 588/1006/319
f 589/1007/320 590/1008/320 588/1009/320 587/1010/320
f 588/1011/304 583/1012/304 584/1013/304 587/1014/304
f 589/1015/308 586/1016/308 585/1017/308 590/1018/308
f 594/1019/318 597/1020/318 595/1021/318 592/1022/318
f 593/1023/316 594/1024/316 592/1025/316 591/1026/316
f 598/1027/319 593/1028/319 591/1029/319 596/1030/319
f 597/1031/320 598/1032/320 596/1033/320 595/1034/320
f 596/1035/304 591/1036/304 592/1037/304 595/1038/304
f 597/1039/308 594/1040/308 593/1041/308 598/1042/308
f 599/1043/315 601/1044/315 602/1045/315 600/1046/315
f 601/1047/316 603/1048/316 604/1049/316 602/1050/316
f 603/1048/323 605/1051/323 606/1052/323 604/1049/323
f 605/1053/318 607/1054/318 608/1055/318 606/1056/318
f 607/1054/322 609/1057/322 610/1058/322 608/1055/322
f 609/1059/320 611/1060/320 612/1061/320 610/1062/320
f 611/1060/313 613/1063/313 614/1064/313 612/1061/313
f 599/1065/308 613/1066/308 611/1067/308 609/1068/308 607/1069/308 605/1070/308 603/1071/308 601/1072/308
f 613/1073/319 599/1043/319 600/1046/319 614/1074/319
f 615/1075/317 617/1076/317 618/1077/317 616/1078/317
f 617/1079/321 619/1080/321 620/1081/321 618/1082/321
f 619/1080/311 621/1083/311 622/1084/311 620/1081/311
f 621/1085/320 623/1086/320 624/1087/320 622/1088/320
f 623/1086/313 625/1089/313 626/1090/313 624/1087/313
f 625/1091/319 627/1092/319 628/1093/319 626/1094/319
f 627/1092/324 629/1095/324 630/1096/324 628/1093/324
f 629/1097/316 615/1075/316 616/1078/316 630/1098/316
f 634/1099/320 637/1100/320 635/1101/320 632/1102/320
f 633/1103/318 634/1104/318 632/1105/318 631/1106/318
f 638/1107/316 633/1108/316 631/1109/316 636/1110/316
f 636/1115/304 631/1116/304 632/1117/304 635/1118/304
f 637/1119/308 634/1120/308 633/1121/308 638/1122/308
f 642/1123/320 645/1124/320 643/1125/320 640/1126/320
f 641/1127/318 642/1128/318 640/1129/318 639/1130/318
f 646/1131/316 641/1132/316 639/1133/316 644/1134/316
f 644/1139/304 639/1140/304 640/1141/304 643/1142/304
f 645/1143/308 642/1144/308 641/1145/308 646/1146/308
f 647/1147/317 649/1148/317 650/1149/317 648/1150/317
f 649/1151/318 651/1152/318 652/1153/318 650/1154/318
f 651/1152/311 653/1155/311 654/1156/311 652/1153/311
f 653/1157/320 655/1158/320 656/1159/320 654/1160/320
f 655/1158/313 657/1161/313 658/1162/313 656/1159/313
f 657/1163/319 659/1164/319 660/1165/319 658/1166/319
f 659/1164/324 661/1167/324 662/1168/324 660/1165/324
f 661/1169/316 647/1147/316 648/1150/316 662/1170/316
f 663/1171/325 665/1172/325 666/1173/325 664/1174/325
f 665/1175/319 667/1176/319 668/1177/319 666/1178/319
f 667/1176/315 669/1179/315 670/1180/315 668/1177/315
f 669/1181/316 671/1182/316 672/1183/316 670/1184/316
f 671/1182/317 673/1185/317 674/1186/317 672/1183/317
f 673/1187/318 675/1188/318 676/1189/318 674/1190/318
f 675/1188/311 677/1191/311 678/1192/311 676/1189/311
f 677/1201/312 663/1171/312 664/1174/312 678/1202/312
f 682/1203/316 685/1204/316 683/1205/316 680/1206/316
f 681/1207/319 682/1208/319 680/1209/319 679/1210/319
f 686/1211/320 681/1212/320 679/1213/320 684/1214/320
f 685/1215/318 686/1216/318 684/1217/318 683/1218/318
f 684/1219/304 679/1220/304 680/1221/304 683/1222/304
f 685/1223/308 682/1224/308 681/1225/308 686/1226/308
f 690/1227/316 693/1228/316 691/1229/316 688/1230/316
f 689/1231/319 690/1232/319 688/1233/319 687/1234/319
f 694/1235/320 689/1236/320 687/1237/320 692/1238/320
f 693/1239/318 694/1240/318 692/1241/318 691/1242/318
f 692/1243/304 687/1244/304 688/1245/304 691/1246/304
f 693/1247/308 690/909/308 689/908/308 694/1248/308
f 695/1249/325 697/1250/325 698/1251/325 696/1252/325
f 697/1253/319 699/1254/319 700/1255/319 698/1256/319
f 699/1254/315 701/1257/315 702/1258/315 700/1255/315
f 701/1259/316 703/1260/316 704/1261/316 702/1262/316
f 703/1260/317 705/1263/317 706/1264/317 704/1261/317
f 705/1265/318 707/1266/318 708/1267/318 706/1268/318
f 707/1266/311 709/1269/311 710/1270/311 708/1267/311
f 709/1271/320 695/1249/320 696/1252/320 710/1272/320
f 648/1273/304 650/1274/304 652/1275/304 654/1276/304 656/1277/304 658/1278/304 660/1279/304 662/1280/304
f 647/1281/308 661/1282/308 659/1283/308 657/1284/308 655/1285/308 653/1286/308 651/1287/308 649/1288/308
f 696/1289/304 698/1290/304 700/1291/304 702/1292/304 704/1293/304 706/1294/304 708/1295/304 710/1296/304
f 711/1305/303 713/1306/303 714/1307/303 712/1308/303
f 713/1306/304 715/1309/304 716/1310/304 714/1307/304
f 715/1309/305 717/1311/305 718/1312/305 716/1310/305
f 717/1313/306 719/1314/306 720/1315/306 718/1316/306
f 719/1317/307 721/1318/307 722/1319/307 720/1320/307
f 721/1318/308 723/1321/308 724/1322/308 722/1319/308
f 711/1323/309 725/1324/309 723/1325/309 721/1326/309 719/1327/309 717/1328/309 715/1329/309 713/1330/309
f 723/1321/301 725/1305/301 726/1331/301 724/1322/301
f 712/1332/310 714/1333/310 716/1334/310 718/1335/310 720/1336/310 722/1337/310 724/1338/310 726/1339/310
f 725/1340/302 711/1341/302 712/1342/302 726/1343/302
f 727/1344/320 729/1345/320 730/1346/320 728/1347/320
f 729/1345/326 731/1348/326 732/1349/326 730/1346/326
f 731/1348/302 733/1350/302 734/1351/302 732/1349/302
f 733/1352/319 735/1353/319 736/1354/319 734/1355/319
f 735/1353/327 737/1356/327 738/1357/327 736/1354/327
f 737/1356/309 739/1358/309 740/1359/309 738/1357/309
f 739/1360/316 741/1361/316 742/1362/316 740/1363/316
f 741/1361/328 743/1364/328 744/1365/328 742/1362/328
f 743/1364/306 745/1366/306 746/1367/306 744/1365/306
f 745/1368/318 747/1369/318 748/1370/318 746/1371/318
f 747/1369/329 749/1372/329 750/1373/329 748/1370/329
f 749/1372/310 727/1374/310 728/1375/310 750/1373/310
f 752/1376/330 754/1377/330 751/1378/330
f 752/1376/331 753/1379/331 755/1380/331 754/1377/331
f 753/1381/332 776/1382/332 777/1383/332 755/1384/332
f 754/1377/333 756/1385/333 751/1378/333
f 754/1377/334 755/1380/334 757/1386/334 756/1385/334
f 755/1384/335 777/1383/335 778/1387/335 757/1388/335
f 756/1385/336 758/1389/336 751/1378/336
f 756/1385/303 757/1386/303 759/1390/303 758/1389/303
f 757/1388/337 778/1387/337 779/1391/337 759/1392/337
f 758/1389/338 760/1393/338 751/1378/338
f 758/1389/339 759/1390/339 761/1394/339 760/1393/339
f 759/1395/340 779/1396/340 780/1397/340 761/1398/340
f 760/1393/341 762/1399/341 751/1378/341
f 760/1393/342 761/1394/342 763/1400/342 762/1399/342
f 761/1398/343 780/1397/343 781/1401/343 763/1402/343
f 762/1399/344 764/1403/344 751/1378/344
f 762/1399/345 763/1400/345 765/1404/345 764/1403/345
f 763/1402/346 781/1401/346 782/1405/346 765/1406/346
f 764/1403/347 766/1407/347 751/1378/347
f 764/1403/348 765/1404/348 767/1408/348 766/1407/348
f 765/1409/349 782/1410/349 783/1411/349 767/1412/349
f 766/1407/350 768/1413/350 751/1378/350
f 766/1407/351 767/1408/351 769/1414/351 768/1413/351
f 767/1412/352 783/1411/352 784/1415/352 769/1416/352
f 768/1413/353 770/1417/353 751/1378/353
f 768/1413/305 769/1414/305 771/1418/305 770/1417/305
f 769/1416/354 784/1415/354 785/1419/354 771/1420/354
f 770/1417/355 772/1421/355 751/1378/355
f 770/1417/356 771/1418/356 773/1422/356 772/1421/356
f 771/1423/357 785/1424/357 786/1425/357 773/1426/357
f 772/1421/358 774/1427/358 751/1378/358
f 772/1421/359 773/1422/359 775/1428/359 774/1427/359
f 773/1426/360 786/1425/360 787/1429/360 775/1430/360
f 774/1427/361 752/1376/361 751/1378/361
f 774/1427/362 775/1428/362 753/1379/362 752/1376/362
f 775/1430/363 787/1429/363 776/1431/363 753/1432/363
g condenser_cylinder.054
v 0.005259 0.006875 -0.003750
v 0.005259 0.006875 -0.004375
v 0.005625 0.007241 -0.003750
v 0.005625 0.007241 -0.004375
v 0.005625 0.007759 -0.003750
v 0.005625 0.007759 -0.004375
v 0.005259 0.008125 -0.003750
v 0.005259 0.008125 -0.004375
v 0.004741 0.008125 -0.003750
v 0.004741 0.008125 -0.004375
v 0.004375 0.007759 -0.003750
v 0.004375 0.007759 -0.004375
v 0.004375 0.007241 -0.003750
v 0.004375 0.007241 -0.004375
v 0.004741 0.006875 -0.003750
v 0.004741 0.006875 -0.004375
v 0.006875 0.014375 0.002500
v 0.006875 0.014375 -0.003750
v 0.006875 0.005625 0.002500
v 0.006875 0.005625 -0.003750
v 0.003125 0.014375 -0.003750
v 0.003125 0.014375 0.002500
v 0.003125 0.005625 -0.003750
v 0.003125 0.005625 0.002500
v 0.005285 0.006812 -0.004375
v 0.005285 0.006812 -0.004500
v 0.005687 0.007215 -0.004375
v 0.005687 0.007215 -0.004500
v 0.005687 0.007785 -0.004375
v 0.005687 0.007785 -0.004500
v 0.005285 0.008187 -0.004375
v 0.005285 0.008187 -0.004500
v 0.004715 0.008187 -0.004375
v 0.004715 0.008187 -0.004500
v 0.004312 0.007785 -0.004375
v 0.004312 0.007785 -0.004500
v 0.004312 0.007215 -0.004375
v 0.004312 0.007215 -0.004500
v 0.004715 0.006812 -0.004375
v 0.004715 0.006812 -0.004500
vn 0.7071 -0.7071 -0.0000
vn 1.0000 -0.0000 -0.0000
vn 0.7071 0.7071 -0.0000
vn -0.0000 1.0000 -0.0000
vn -0.7071 0.7071 -0.0000
vn -1.0000 -0.0000 -0.0000
vn -0.7071 -0.7071 -0.0000
vn -0.0000 -1.0000 -0.0000
vn -0.0000 -0.0000 -1.0000
vn -0.0000 -0.0000 1.0000
vt 0.510010 0.969401
vt 0.497830 0.969401
vt 0.497830 0.962265
vt 0.510010 0.962265
vt 0.510010 0.979491
vt 0.497830 0.979491
vt 0.510010 0.986627
vt 0.497830 0.986627
vt 0.926774 0.985623
vt 0.914593 0.985623
vt 0.914593 0.975533
vt 0.926774 0.975533
vt 0.926774 0.992759
vt 0.914593 0.992759
vt 0.095226 0.930726
vt 0.095226 0.918546
vt 0.105316 0.918546
vt 0.105316 0.930726
vt 0.988554 0.982669
vt 0.976374 0.982669
vt 0.976374 0.975533
vt 0.988554 0.975533
vt 0.988554 0.992759
vt 0.976374 0.992759
vt 0.829329 0.000000
vt 0.902413 0.000000
vt 0.902413 0.170528
vt 0.829329 0.170528
vt 0.477498 0.511584
vt 0.599304 0.511584
vt 0.599304 0.682112
vt 0.477498 0.682112
vt 0.902413 0.341056
vt 0.829329 0.341056
vt 0.599304 0.852640
vt 0.477498 0.852640
vt 0.477498 0.682112
vt 0.599304 0.682112
vt 0.761192 0.731887
vt 0.834276 0.731887
vt 0.834276 0.853692
vt 0.761192 0.853692
vt 0.180085 0.877002
vt 0.107002 0.877002
vt 0.107002 0.755196
vt 0.180085 0.755196
vt 0.372493 0.763283
vt 0.370057 0.763283
vt 0.370057 0.755434
vt 0.372493 0.755434
vt 0.372493 0.774382
vt 0.370057 0.774382
vt 0.372493 0.782231
vt 0.370057 0.782231
vt 0.372493 0.831228
vt 0.370057 0.831228
vt 0.370057 0.820128
vt 0.372493 0.820128
vt 0.372493 0.790080
vt 0.370057 0.790080
vt 0.370057 0.782231
vt 0.372493 0.782231
vt 0.372493 0.801180
vt 0.370057 0.801180
vt 0.372493 0.809028
vt 0.370057 0.809028
vt 0.125950 0.925724
vt 0.133799 0.933573
vt 0.133799 0.944672
vt 0.125950 0.952521
vt 0.114850 0.952521
vt 0.107002 0.944672
vt 0.107002 0.933573
vt 0.114850 0.925724
vt 0.372493 0.820128
vt 0.370057 0.820128
vt 0.372493 0.809028
vt 0.737272 0.907193
vt 0.748372 0.907193
vt 0.756221 0.915042
vt 0.756221 0.926142
vt 0.748372 0.933991
vt 0.737272 0.933991
vt 0.729424 0.926142
vt 0.729424 0.915042
s 0
g condenser_blue
usemtl blue
f 791/1433/364 790/1434/364 788/1435/364 789/1436/364
f 793/1437/365 792/1438/365 790/1434/365 791/1433/365
f 795/1439/366 794/1440/366 792/1438/366 793/1437/366
f 797/1441/367 796/1442/367 794/1443/367 795/1444/367
f 799/1445/368 798/1446/368 796/1442/368 797/1441/368
f 801/1447/369 800/1448/369 798/1449/369 799/1450/369
f 803/1451/370 802/1452/370 800/1453/370 801/1454/370
f 789/1455/371 788/1456/371 802/1452/371 803/1451/371
f 807/1457/372 810/1458/372 808/1459/372 805/1460/372
f 806/1461/365 807/1462/365 805/1463/365 804/1464/365
f 811/1460/373 806/1459/373 804/1465/373 809/1466/373
f 810/1467/369 811/1468/369 809/1469/369 808/1470/369
f 809/1471/367 804/1472/367 805/1473/367 808/1474/367
f 810/1475/371 807/1476/371 806/1477/371 811/1478/371
f 815/1479/364 814/1480/364 812/1481/364 813/1482/364
f 817/1483/365 816/1484/365 814/1480/365 815/1479/365
f 819/1485/366 818/1486/366 816/1484/366 817/1483/366
f 821/1487/367 820/1488/367 818/1489/367 819/1490/367
f 823/1491/368 822/1492/368 820/1493/368 821/1494/368
f 825/1495/369 824/1496/369 822/1492/369 823/1491/369
f 827/1497/370 826/1498/370 824/1496/370 825/1495/370
f 813/1499/372 827/1500/372 825/1501/372 823/1502/372 821/1503/372 819/1504/372 817/1505/372 815/1506/372
f 813/1507/371 812/1508/371 826/1498/371 827/1509/371
f 812/1510/373 814/1511/373 816/1512/373 818/1513/373 820/1514/373 822/1515/373 824/1516/373 826/1517/373
g piping1_cylinder.059
v 0.005125 0.018436 0.003500
v 0.005125 0.018436 0.003750
v 0.004686 0.018875 0.003500
v 0.004686 0.018875 0.003750
v 0.004064 0.018875 0.003500
v 0.004064 0.018875 0.003750
v 0.003625 0.018436 0.003500
v 0.003625 0.018436 0.003750
v 0.003625 0.017814 0.003500
v 0.003625 0.017814 0.003750
v 0.004064 0.017375 0.003500
v 0.004064 0.017375 0.003750
v 0.004686 0.017375 0.003500
v 0.004686 0.017375 0.003750
v 0.005125 0.017814 0.003500
v 0.005125 0.017814 0.003750
v -0.000984 0.007491 0.004996
v -0.000984 0.009991 0.004996
v -0.000618 0.007491 0.004630
v -0.000618 0.009991 0.004630
v -0.000618 0.007491 0.004112
v -0.000618 0.009991 0.004112
v -0.000984 0.007491 0.003746
v -0.000984 0.009991 0.003746
v -0.001502 0.007491 0.003746
v -0.001502 0.009991 0.003746
v -0.001868 0.007491 0.004112
v -0.001868 0.009991 0.004112
v -0.001868 0.007491 0.004630
v -0.001868 0.009991 0.004630
v -0.001502 0.007491 0.004996
v -0.001502 0.009991 0.004996
v 0.004116 0.018750 0.003750
v 0.004116 0.018750 -0.000000
v 0.003750 0.018384 0.003750
v 0.003750 0.018384 -0.000000
v 0.003750 0.017866 0.003750
v 0.003750 0.017866 -0.000000
v 0.004116 0.017500 0.003750
v 0.004116 0.017500 -0.000000
v 0.004634 0.017500 0.003750
v 0.004634 0.017500 -0.000000
v 0.005000 0.017866 0.003750
v 0.005000 0.017866 -0.000000
v 0.005000 0.018384 0.003750
v 0.005000 0.018384 -0.000000
v 0.004634 0.018750 0.003750
v 0.004634 0.018750 -0.000000
v 0.010625 0.002866 0.005000
v -0.000625 0.002866 0.005000
v 0.010625 0.002500 0.004634
v -0.000625 0.002500 0.004634
v 0.010625 0.002500 0.004116
v -0.000625 0.002500 0.004116
v 0.010625 0.002866 0.003750
v -0.000625 0.002866 0.003750
v 0.010625 0.003384 0.003750
v -0.000625 0.003384 0.003750
v 0.010625 0.003750 0.004116
v -0.000625 0.003750 0.004116
v 0.010625 0.003750 0.004634
v -0.000625 0.003750 0.004634
v 0.010625 0.003384 0.005000
v -0.000625 0.003384 0.005000
v 0.005125 0.018436 -0.000000
v 0.005125 0.018436 0.000250
v 0.004686 0.018875 -0.000000
v 0.004686 0.018875 0.000250
v 0.004064 0.018875 -0.000000
v 0.004064 0.018875 0.000250
v 0.003625 0.018436 -0.000000
v 0.003625 0.018436 0.000250
v 0.003625 0.017814 -0.000000
v 0.003625 0.017814 0.000250
v 0.004064 0.017375 -0.000000
v 0.004064 0.017375 0.000250
v 0.004686 0.017375 -0.000000
v 0.004686 0.017375 0.000250
v 0.005125 0.017814 -0.000000
v 0.005125 0.017814 0.000250
v 0.004634 0.013750 -0.000000
v 0.004634 0.017500 -0.000000
v 0.005000 0.013750 -0.000366
v 0.005000 0.017500 -0.000366
v 0.005000 0.013750 -0.000884
v 0.005000 0.017500 -0.000884
v 0.004634 0.013750 -0.001250
v 0.004634 0.017500 -0.001250
v 0.004116 0.013750 -0.001250
v 0.004116 0.017500 -0.001250
v 0.003750 0.013750 -0.000884
v 0.003750 0.017500 -0.000884
v 0.003750 0.013750 -0.000366
v 0.003750 0.017500 -0.000366
v 0.004116 0.013750 -0.000000
v 0.004116 0.017500 -0.000000
v 0.010625 0.014116 0.005000
v -0.000625 0.014116 0.005000
v 0.010625 0.013750 0.004634
v -0.000625 0.013750 0.004634
v 0.010625 0.013750 0.004116
v -0.000625 0.013750 0.004116
v 0.010625 0.014116 0.003750
v -0.000625 0.014116 0.003750
v 0.010625 0.014634 0.003750
v -0.000625 0.014634 0.003750
v 0.010625 0.015000 0.004116
v -0.000625 0.015000 0.004116
v 0.010625 0.015000 0.004634
v -0.000625 0.015000 0.004634
v 0.010625 0.014634 0.005000
v -0.000625 0.014634 0.005000
v 0.010625 0.010366 0.005000
v -0.000625 0.010366 0.005000
v 0.010625 0.010000 0.004634
v -0.000625 0.010000 0.004634
v 0.010625 0.010000 0.004116
v -0.000625 0.010000 0.004116
v 0.010625 0.010366 0.003750
v -0.000625 0.010366 0.003750
v 0.010625 0.010884 0.003750
v -0.000625 0.010884 0.003750
v 0.010625 0.011250 0.004116
v -0.000625 0.011250 0.004116
v 0.010625 0.011250 0.004634
v -0.000625 0.011250 0.004634
v 0.010625 0.010884 0.005000
v -0.000625 0.010884 0.005000
v 0.010625 0.006616 0.005000
v -0.000625 0.006616 0.005000
v 0.010625 0.006250 0.004634
v -0.000625 0.006250 0.004634
v 0.010625 0.006250 0.004116
v -0.000625 0.006250 0.004116
v 0.010625 0.006616 0.003750
v -0.000625 0.006616 0.003750
v 0.010625 0.007134 0.003750
v -0.000625 0.007134 0.003750
v 0.010625 0.007500 0.004116
v -0.000625 0.007500 0.004116
v 0.010625 0.007500 0.004634
v -0.000625 0.007500 0.004634
v 0.010625 0.007134 0.005000
v -0.000625 0.007134 0.005000
v -0.000991 0.015000 0.005000
v -0.000991 0.017500 0.005000
v -0.000625 0.015000 0.004634
v -0.000625 0.017500 0.004634
v -0.000625 0.015000 0.004116
v -0.000625 0.017500 0.004116
v -0.000991 0.015000 0.003750
v -0.000991 0.017500 0.003750
v -0.001509 0.015000 0.003750
v -0.001509 0.017500 0.003750
v -0.001875 0.015000 0.004116
v -0.001875 0.017500 0.004116
v -0.001875 0.015000 0.004634
v -0.001875 0.017500 0.004634
v -0.001509 0.015000 0.005000
v -0.001509 0.017500 0.005000
v 0.010991 0.011250 0.005000
v 0.010991 0.013750 0.005000
v 0.010625 0.011250 0.004634
v 0.010625 0.013750 0.004634
v 0.010625 0.011250 0.004116
v 0.010625 0.013750 0.004116
v 0.010991 0.011250 0.003750
v 0.010991 0.013750 0.003750
v 0.011509 0.011250 0.003750
v 0.011509 0.013750 0.003750
v 0.011875 0.011250 0.004116
v 0.011875 0.013750 0.004116
v 0.011875 0.011250 0.004634
v 0.011875 0.013750 0.004634
v 0.011509 0.011250 0.005000
v 0.011509 0.013750 0.005000
v 0.003750 0.017866 0.005000
v -0.000625 0.017866 0.005000
v 0.003750 0.017500 0.004634
v -0.000625 0.017500 0.004634
v 0.003750 0.017500 0.004116
v -0.000625 0.017500 0.004116
v 0.003750 0.017866 0.003750
v -0.000625 0.017866 0.003750
v 0.003750 0.018384 0.003750
v -0.000625 0.018384 0.003750
v 0.003750 0.018750 0.004116
v -0.000625 0.018750 0.004116
v 0.003750 0.018750 0.004634
v -0.000625 0.018750 0.004634
v 0.003750 0.018384 0.005000
v -0.000625 0.018384 0.005000
v 0.010991 0.003750 0.005000
v 0.010991 0.006250 0.005000
v 0.010625 0.003750 0.004634
v 0.010625 0.006250 0.004634
v 0.010625 0.003750 0.004116
v 0.010625 0.006250 0.004116
v 0.010991 0.003750 0.003750
v 0.010991 0.006250 0.003750
v 0.011509 0.003750 0.003750
v 0.011509 0.006250 0.003750
v 0.011875 0.003750 0.004116
v 0.011875 0.006250 0.004116
v 0.011875 0.003750 0.004634
v 0.011875 0.006250 0.004634
v 0.011509 0.003750 0.005000
v 0.011509 0.006250 0.005000
v 0.003751 0.017500 -0.000365
v 0.004117 0.017500 0.000001
v 0.004635 0.017500 0.000001
v 0.005001 0.017500 -0.000365
v 0.005001 0.017500 -0.000883
v 0.004635 0.017500 -0.001249
v 0.004117 0.017500 -0.001249
v 0.003751 0.017500 -0.000883
v 0.004117 0.017500 0.000001
v 0.003751 0.017866 0.000001
v 0.004635 0.017500 0.000001
v 0.005001 0.017866 0.000001
v 0.005001 0.018384 0.000001
v 0.004635 0.018750 0.000001
v 0.004117 0.018750 0.000001
v 0.003751 0.018384 0.000001
v 0.003751 0.018330 -0.000270
v 0.003751 0.018195 -0.000504
v 0.003751 0.018005 -0.000694
v 0.003751 0.017771 -0.000829
v 0.004117 0.017902 -0.001171
v 0.004117 0.018229 -0.000984
v 0.004117 0.018485 -0.000727
v 0.004117 0.018672 -0.000400
v 0.004635 0.017902 -0.001171
v 0.004635 0.018229 -0.000984
v 0.004635 0.018485 -0.000727
v 0.004635 0.018672 -0.000400
v 0.005001 0.017771 -0.000829
v 0.005001 0.018005 -0.000694
v 0.005001 0.018195 -0.000504
v 0.005001 0.018330 -0.000270
v 0.005001 0.017586 -0.000345
v 0.005001 0.017689 -0.000284
v 0.005001 0.017785 -0.000188
v 0.005001 0.017846 -0.000085
v 0.004635 0.017455 -0.000003
v 0.004635 0.017466 0.000006
v 0.004635 0.017495 0.000035
v 0.004635 0.017504 0.000046
v 0.004117 0.017455 -0.000003
v 0.004117 0.017466 0.000006
v 0.004117 0.017495 0.000035
v 0.004117 0.017505 0.000046
v 0.003751 0.017586 -0.000345
v 0.003751 0.017689 -0.000284
v 0.003751 0.017785 -0.000188
v 0.003751 0.017846 -0.000085
v -0.000988 0.017499 0.005008
v -0.000622 0.017499 0.004642
v -0.000622 0.017499 0.004124
v -0.000988 0.017499 0.003758
v -0.001506 0.017499 0.003758
v -0.001872 0.017499 0.004124
v -0.001872 0.017499 0.004642
v -0.001506 0.017499 0.005008
v -0.000622 0.017499 0.004642
v -0.000622 0.017865 0.005008
v -0.000622 0.017499 0.004124
v -0.000622 0.017865 0.003758
v -0.000622 0.018383 0.003758
v -0.000622 0.018749 0.004124
v -0.000622 0.018749 0.004642
v -0.000622 0.018383 0.005008
v -0.000893 0.018329 0.005008
v -0.001127 0.018194 0.005008
v -0.001317 0.018004 0.005008
v -0.001452 0.017770 0.005008
v -0.001794 0.017900 0.004642
v -0.001607 0.018228 0.004642
v -0.001351 0.018484 0.004642
v -0.001024 0.018671 0.004642
v -0.001794 0.017900 0.004124
v -0.001607 0.018228 0.004124
v -0.001351 0.018484 0.004124
v -0.001024 0.018671 0.004124
v -0.001452 0.017770 0.003758
v -0.001317 0.018004 0.003758
v -0.001127 0.018194 0.003758
v -0.000893 0.018329 0.003758
v -0.000969 0.017585 0.003758
v -0.000907 0.017688 0.003758
v -0.000812 0.017784 0.003758
v -0.000708 0.017845 0.003758
v -0.000627 0.017454 0.004124
v -0.000617 0.017465 0.004124
v -0.000588 0.017493 0.004124
v -0.000577 0.017503 0.004124
v -0.000627 0.017454 0.004642
v -0.000617 0.017465 0.004642
v -0.000588 0.017493 0.004642
v -0.000577 0.017503 0.004642
v -0.000969 0.017585 0.005008
v -0.000907 0.017688 0.005008
v -0.000812 0.017784 0.005008
v -0.000708 0.017845 0.005008
v -0.000991 0.010001 0.005000
v -0.000625 0.010001 0.004634
v -0.000625 0.010001 0.004116
v -0.000991 0.010001 0.003750
v -0.001509 0.010001 0.003750
v -0.001875 0.010001 0.004116
v -0.001875 0.010001 0.004634
v -0.001509 0.010001 0.005000
v -0.000625 0.010001 0.004634
v -0.000625 0.010367 0.005000
v -0.000625 0.010001 0.004116
v -0.000625 0.010367 0.003750
v -0.000625 0.010884 0.003750
v -0.000625 0.011251 0.004116
v -0.000625 0.011251 0.004634
v -0.000625 0.010884 0.005000
v -0.000895 0.010831 0.005000
v -0.001130 0.010696 0.005000
v -0.001320 0.010506 0.005000
v -0.001455 0.010271 0.005000
v -0.001797 0.010402 0.004634
v -0.001610 0.010729 0.004634
v -0.001353 0.010986 0.004634
v -0.001026 0.011173 0.004634
v -0.001797 0.010402 0.004116
v -0.001610 0.010729 0.004116
v -0.001353 0.010986 0.004116
v -0.001026 0.011173 0.004116
v -0.001455 0.010271 0.003750
v -0.001320 0.010506 0.003750
v -0.001130 0.010696 0.003750
v -0.000895 0.010831 0.003750
v -0.000971 0.010087 0.003750
v -0.000909 0.010190 0.003750
v -0.000814 0.010285 0.003750
v -0.000711 0.010347 0.003750
v -0.000629 0.009956 0.004116
v -0.000619 0.009967 0.004116
v -0.000591 0.009995 0.004116
v -0.000580 0.010005 0.004116
v -0.000629 0.009956 0.004634
v -0.000619 0.009967 0.004634
v -0.000591 0.009995 0.004634
v -0.000580 0.010005 0.004634
v -0.000971 0.010087 0.005000
v -0.000909 0.010190 0.005000
v -0.000814 0.010285 0.005000
v -0.000711 0.010347 0.005000
v -0.000626 0.014634 0.005002
v -0.000626 0.015000 0.004636
v -0.000626 0.015000 0.004118
v -0.000626 0.014634 0.003752
v -0.000626 0.014116 0.003752
v -0.000626 0.013750 0.004118
v -0.000626 0.013750 0.004636
v -0.000626 0.014116 0.005002
v -0.000625 0.015000 0.004636
v -0.000992 0.015000 0.005002
v -0.000625 0.015000 0.004118
v -0.000992 0.015000 0.003752
v -0.001509 0.015000 0.003752
v -0.001875 0.015000 0.004118
v -0.001875 0.015000 0.004636
v -0.001509 0.015000 0.005002
v -0.001456 0.014729 0.005002
v -0.001320 0.014495 0.005002
v -0.001131 0.014305 0.005002
v -0.000896 0.014170 0.005002
v -0.001027 0.013828 0.004636
v -0.001354 0.014015 0.004636
v -0.001611 0.014272 0.004636
v -0.001798 0.014599 0.004636
v -0.001027 0.013828 0.004118
v -0.001354 0.014015 0.004118
v -0.001611 0.014272 0.004118
v -0.001798 0.014599 0.004118
v -0.000896 0.014170 0.003752
v -0.001131 0.014305 0.003752
v -0.001320 0.014495 0.003752
v -0.001456 0.014729 0.003752
v -0.000711 0.014654 0.003752
v -0.000815 0.014715 0.003752
v -0.000910 0.014811 0.003752
v -0.000972 0.014914 0.003752
v -0.000581 0.014996 0.004118
v -0.000591 0.015005 0.004118
v -0.000620 0.015034 0.004118
v -0.000630 0.015045 0.004118
v -0.000581 0.014996 0.004636
v -0.000591 0.015005 0.004636
v -0.000620 0.015034 0.004636
v -0.000630 0.015045 0.004636
v -0.000711 0.014654 0.005002
v -0.000815 0.014715 0.005002
v -0.000910 0.014811 0.005002
v -0.000972 0.014914 0.005002
v -0.000992 0.007500 0.003749
v -0.000626 0.007500 0.004115
v -0.000626 0.007500 0.004633
v -0.000992 0.007500 0.004999
v -0.001509 0.007500 0.004999
v -0.001876 0.007500 0.004633
v -0.001876 0.007500 0.004115
v -0.001509 0.007500 0.003749
v -0.000626 0.007500 0.004115
v -0.000626 0.007134 0.003749
v -0.000626 0.007500 0.004633
v -0.000626 0.007134 0.004999
v -0.000626 0.006616 0.004999
v -0.000626 0.006250 0.004633
v -0.000626 0.006250 0.004115
v -0.000626 0.006616 0.003749
v -0.000896 0.006670 0.003749
v -0.001131 0.006805 0.003749
v -0.001321 0.006995 0.003749
v -0.001456 0.007229 0.003749
v -0.001798 0.007099 0.004115
v -0.001611 0.006771 0.004115
v -0.001354 0.006515 0.004115
v -0.001027 0.006328 0.004115
v -0.001798 0.007099 0.004633
v -0.001611 0.006771 0.004633
v -0.001354 0.006515 0.004633
v -0.001027 0.006328 0.004633
v -0.001456 0.007229 0.004999
v -0.001321 0.006995 0.004999
v -0.001131 0.006805 0.004999
v -0.000896 0.006670 0.004999
v -0.000972 0.007414 0.004999
v -0.000910 0.007311 0.004999
v -0.000815 0.007215 0.004999
v -0.000711 0.007154 0.004999
v -0.000630 0.007545 0.004633
v -0.000620 0.007534 0.004633
v -0.000592 0.007506 0.004633
v -0.000581 0.007496 0.004633
v -0.000630 0.007545 0.004115
v -0.000620 0.007534 0.004115
v -0.000592 0.007506 0.004115
v -0.000581 0.007496 0.004115
v -0.000972 0.007414 0.003749
v -0.000910 0.007311 0.003749
v -0.000815 0.007215 0.003749
v -0.000711 0.007154 0.003749
v 0.010990 0.013751 0.003750
v 0.010624 0.013751 0.004116
v 0.010624 0.013751 0.004633
v 0.010990 0.013751 0.005000
v 0.011508 0.013751 0.005000
v 0.011874 0.013751 0.004633
v 0.011874 0.013751 0.004116
v 0.011508 0.013751 0.003750
v 0.010624 0.013750 0.004116
v 0.010624 0.014116 0.003750
v 0.010624 0.013750 0.004633
v 0.010624 0.014116 0.005000
v 0.010624 0.014634 0.005000
v 0.010624 0.015000 0.004633
v 0.010624 0.015000 0.004116
v 0.010624 0.014634 0.003750
v 0.010895 0.014581 0.003750
v 0.011129 0.014445 0.003750
v 0.011319 0.014256 0.003750
v 0.011454 0.014021 0.003750
v 0.011796 0.014152 0.004116
v 0.011609 0.014479 0.004116
v 0.011353 0.014736 0.004116
v 0.011026 0.014923 0.004116
v 0.011796 0.014152 0.004633
v 0.011609 0.014479 0.004633
v 0.011353 0.014736 0.004633
v 0.011026 0.014923 0.004633
v 0.011454 0.014021 0.005000
v 0.011319 0.014256 0.005000
v 0.011129 0.014445 0.005000
v 0.010895 0.014581 0.005000
v 0.010971 0.013836 0.005000
v 0.010909 0.013940 0.005000
v 0.010814 0.014035 0.005000
v 0.010710 0.014097 0.005000
v 0.010629 0.013706 0.004633
v 0.010619 0.013716 0.004633
v 0.010590 0.013745 0.004633
v 0.010579 0.013755 0.004633
v 0.010629 0.013706 0.004116
v 0.010619 0.013716 0.004116
v 0.010590 0.013745 0.004116
v 0.010579 0.013755 0.004116
v 0.010971 0.013836 0.003750
v 0.010909 0.013940 0.003750
v 0.010814 0.014035 0.003750
v 0.010710 0.014097 0.003750
v 0.010991 0.011249 0.004998
v 0.010625 0.011249 0.004632
v 0.010625 0.011249 0.004115
v 0.010991 0.011249 0.003748
v 0.011509 0.011249 0.003748
v 0.011875 0.011249 0.004115
v 0.011875 0.011249 0.004632
v 0.011509 0.011249 0.004998
v 0.010625 0.011250 0.004632
v 0.010625 0.010883 0.004998
v 0.010625 0.011250 0.004115
v 0.010625 0.010883 0.003748
v 0.010625 0.010366 0.003748
v 0.010625 0.010000 0.004115
v 0.010625 0.010000 0.004632
v 0.010625 0.010366 0.004998
v 0.010895 0.010419 0.004998
v 0.011130 0.010554 0.004998
v 0.011320 0.010744 0.004998
v 0.011455 0.010979 0.004998
v 0.011797 0.010848 0.004632
v 0.011610 0.010521 0.004632
v 0.011353 0.010264 0.004632
v 0.011026 0.010077 0.004632
v 0.011797 0.010848 0.004115
v 0.011610 0.010521 0.004115
v 0.011353 0.010264 0.004115
v 0.011026 0.010077 0.004115
v 0.011455 0.010979 0.003748
v 0.011320 0.010744 0.003748
v 0.011130 0.010554 0.003748
v 0.010895 0.010419 0.003748
v 0.010971 0.011164 0.003748
v 0.010909 0.011060 0.003748
v 0.010814 0.010965 0.003748
v 0.010711 0.010903 0.003748
v 0.010629 0.011294 0.004115
v 0.010619 0.011283 0.004115
v 0.010591 0.011255 0.004115
v 0.010580 0.011245 0.004115
v 0.010629 0.011294 0.004632
v 0.010619 0.011283 0.004632
v 0.010591 0.011255 0.004632
v 0.010580 0.011245 0.004632
v 0.010971 0.011164 0.004998
v 0.010909 0.011060 0.004998
v 0.010814 0.010965 0.004998
v 0.010711 0.010903 0.004998
v 0.010986 0.006250 0.003751
v 0.010620 0.006250 0.004117
v 0.010620 0.006250 0.004635
v 0.010986 0.006250 0.005001
v 0.011504 0.006250 0.005001
v 0.011870 0.006250 0.004635
v 0.011870 0.006250 0.004117
v 0.011504 0.006250 0.003751
v 0.010620 0.006250 0.004117
v 0.010620 0.006616 0.003751
v 0.010620 0.006250 0.004635
v 0.010620 0.006616 0.005001
v 0.010620 0.007134 0.005001
v 0.010620 0.007500 0.004635
v 0.010620 0.007500 0.004117
v 0.010620 0.007134 0.003751
v 0.010890 0.007080 0.003751
v 0.011125 0.006945 0.003751
v 0.011315 0.006756 0.003751
v 0.011450 0.006521 0.003751
v 0.011792 0.006652 0.004117
v 0.011605 0.006979 0.004117
v 0.011348 0.007235 0.004117
v 0.011021 0.007422 0.004117
v 0.011792 0.006652 0.004635
v 0.011605 0.006979 0.004635
v 0.011348 0.007235 0.004635
v 0.011021 0.007422 0.004635
v 0.011450 0.006521 0.005001
v 0.011315 0.006756 0.005001
v 0.011125 0.006945 0.005001
v 0.010890 0.007080 0.005001
v 0.010966 0.006336 0.005001
v 0.010904 0.006440 0.005001
v 0.010809 0.006535 0.005001
v 0.010705 0.006597 0.005001
v 0.010624 0.006205 0.004635
v 0.010614 0.006216 0.004635
v 0.010586 0.006245 0.004635
v 0.010575 0.006255 0.004635
v 0.010624 0.006205 0.004117
v 0.010614 0.006216 0.004117
v 0.010586 0.006245 0.004117
v 0.010575 0.006255 0.004117
v 0.010966 0.006336 0.003751
v 0.010904 0.006440 0.003751
v 0.010809 0.006535 0.003751
v 0.010705 0.006597 0.003751
v 0.010992 0.003751 0.005000
v 0.010626 0.003751 0.004634
v 0.010626 0.003751 0.004116
v 0.010992 0.003751 0.003750
v 0.011510 0.003751 0.003750
v 0.011876 0.003751 0.004116
v 0.011876 0.003751 0.004634
v 0.011510 0.003751 0.005000
v 0.010627 0.003752 0.004634
v 0.010627 0.003385 0.005000
v 0.010627 0.003752 0.004116
v 0.010627 0.003385 0.003750
v 0.010627 0.002868 0.003750
v 0.010627 0.002502 0.004116
v 0.010627 0.002502 0.004634
v 0.010627 0.002868 0.005000
v 0.010897 0.002921 0.005000
v 0.011132 0.003056 0.005000
v 0.011321 0.003246 0.005000
v 0.011456 0.003481 0.005000
v 0.011798 0.003350 0.004634
v 0.011611 0.003023 0.004634
v 0.011355 0.002766 0.004634
v 0.011028 0.002579 0.004634
v 0.011798 0.003350 0.004116
v 0.011611 0.003023 0.004116
v 0.011355 0.002766 0.004116
v 0.011028 0.002579 0.004116
v 0.011456 0.003481 0.003750
v 0.011321 0.003246 0.003750
v 0.011132 0.003056 0.003750
v 0.010897 0.002921 0.003750
v 0.010973 0.003666 0.003750
v 0.010911 0.003562 0.003750
v 0.010816 0.003467 0.003750
v 0.010712 0.003405 0.003750
v 0.010631 0.003796 0.004116
v 0.010621 0.003786 0.004116
v 0.010592 0.003757 0.004116
v 0.010581 0.003747 0.004116
v 0.010631 0.003796 0.004634
v 0.010621 0.003786 0.004634
v 0.010592 0.003757 0.004634
v 0.010581 0.003747 0.004634
v 0.010973 0.003666 0.005000
v 0.010911 0.003562 0.005000
v 0.010816 0.003467 0.005000
v 0.010712 0.003405 0.005000
v -0.000992 0.002499 0.003750
v -0.000625 0.002865 0.003750
v -0.000625 0.003383 0.003750
v -0.000992 0.003749 0.003750
v -0.001509 0.003749 0.003750
v -0.001875 0.003383 0.003750
v -0.001875 0.002865 0.003750
v -0.001509 0.002499 0.003750
v -0.000626 0.002865 0.003750
v -0.000626 0.002499 0.004116
v -0.000626 0.003383 0.003750
v -0.000626 0.003749 0.004116
v -0.000626 0.003749 0.004634
v -0.000626 0.003383 0.005000
v -0.000626 0.002865 0.005000
v -0.000626 0.002499 0.004634
v -0.000896 0.002499 0.004580
v -0.001131 0.002499 0.004445
v -0.001320 0.002499 0.004255
v -0.001456 0.002499 0.004021
v -0.001798 0.002865 0.004151
v -0.001611 0.002865 0.004479
v -0.001354 0.002865 0.004735
v -0.001027 0.002865 0.004922
v -0.001798 0.003383 0.004151
v -0.001611 0.003383 0.004479
v -0.001354 0.003383 0.004735
v -0.001027 0.003383 0.004922
v -0.001456 0.003749 0.004021
v -0.001320 0.003749 0.004255
v -0.001131 0.003749 0.004445
v -0.000896 0.003749 0.004580
v -0.000972 0.003749 0.003836
v -0.000910 0.003749 0.003939
v -0.000815 0.003749 0.004035
v -0.000711 0.003749 0.004096
v -0.000630 0.003383 0.003705
v -0.000620 0.003383 0.003716
v -0.000592 0.003383 0.003744
v -0.000581 0.003383 0.003754
v -0.000630 0.002865 0.003705
v -0.000620 0.002865 0.003716
v -0.000592 0.002865 0.003744
v -0.000581 0.002865 0.003754
v -0.000972 0.002499 0.003836
v -0.000910 0.002499 0.003939
v -0.000815 0.002499 0.004035
v -0.000711 0.002499 0.004096
v 0.003751 0.017500 0.004116
v 0.003751 0.017866 0.003750
v 0.003751 0.018384 0.003750
v 0.003751 0.018750 0.004116
v 0.003751 0.018750 0.004634
v 0.003751 0.018384 0.005000
v 0.003751 0.017866 0.005000
v 0.003751 0.017500 0.004634
v 0.003750 0.017866 0.003750
v 0.004116 0.017500 0.003750
v 0.003750 0.018384 0.003750
v 0.004116 0.018750 0.003750
v 0.004634 0.018750 0.003750
v 0.005000 0.018384 0.003750
v 0.005000 0.017866 0.003750
v 0.004634 0.017500 0.003750
v 0.004580 0.017500 0.004021
v 0.004445 0.017500 0.004256
v 0.004256 0.017500 0.004445
v 0.004021 0.017500 0.004580
v 0.004152 0.017866 0.004922
v 0.004479 0.017866 0.004735
v 0.004735 0.017866 0.004479
v 0.004922 0.017866 0.004152
v 0.004152 0.018384 0.004922
v 0.004479 0.018384 0.004735
v 0.004735 0.018384 0.004479
v 0.004922 0.018384 0.004152
v 0.004021 0.018750 0.004580
v 0.004256 0.018750 0.004445
v 0.004445 0.018750 0.004256
v 0.004580 0.018750 0.004021
v 0.003836 0.018750 0.004097
v 0.003940 0.018750 0.004035
v 0.004035 0.018750 0.003940
v 0.004097 0.018750 0.003836
v 0.003705 0.018384 0.003755
v 0.003716 0.018384 0.003745
v 0.003745 0.018384 0.003716
v 0.003755 0.018384 0.003705
v 0.003705 0.017866 0.003755
v 0.003716 0.017866 0.003745
v 0.003745 0.017866 0.003716
v 0.003755 0.017866 0.003705
v 0.003836 0.017500 0.004097
v 0.003940 0.017500 0.004035
v 0.004035 0.017500 0.003940
v 0.004097 0.017500 0.003836
vn 0.7071 0.7071 -0.0000
vn -0.0000 1.0000 -0.0000
vn -0.7071 0.7071 -0.0000
vn -1.0000 -0.0000 -0.0000
vn -0.7071 -0.7071 -0.0000
vn -0.0000 -1.0000 -0.0000
vn 0.7071 -0.7071 -0.0000
vn -0.0000 -0.0000 1.0000
vn 1.0000 -0.0000 -0.0000
vn -0.0000 -0.0000 -1.0000
vn 0.7071 -0.0000 0.7071
vn 0.7071 -0.0000 -0.7071
vn -0.7071 -0.0000 -0.7071
vn -0.7071 -0.0000 0.7071
vn -0.0000 -0.7071 0.7071
vn -0.0000 -0.7071 -0.7071
vn -0.0000 0.7071 -0.7071
vn -0.0000 0.7071 0.7071
vn -0.7011 0.6997 -0.1371
vn -0.0000 0.9817 -0.1905
vn 0.7011 0.6997 -0.1371
vn 0.6957 -0.6731 0.2509
vn -0.6957 -0.6731 0.2508
vn -0.7033 0.6168 -0.3535
vn -0.7041 0.5022 -0.5020
vn -0.7033 0.3537 -0.6167
vn -0.7011 0.1372 -0.6997
vn -0.0000 0.8683 -0.4960
vn -0.0000 0.7072 -0.7070
vn -0.0000 0.4963 -0.8682
vn -0.0000 0.1907 -0.9817
vn 0.7033 0.6168 -0.3535
vn 0.7041 0.5022 -0.5020
vn 0.7033 0.3537 -0.6167
vn 0.7011 0.1372 -0.6997
vn 0.7029 -0.6034 0.3765
vn 0.7041 -0.5022 0.5020
vn 0.7029 -0.3768 0.6033
vn 0.6956 -0.2520 0.6728
vn -0.0000 -0.7455 0.6665
vn -0.0000 -0.7073 0.7069
vn -0.0000 -0.6683 0.7439
vn -0.7029 -0.6034 0.3765
vn -0.7041 -0.5022 0.5020
vn -0.7029 -0.3768 0.6032
vn -0.6956 -0.2519 0.6728
vn -0.1371 0.6997 0.7011
vn -0.1905 0.9817 -0.0000
vn -0.1371 0.6997 -0.7011
vn 0.2511 -0.6730 -0.6957
vn 0.2511 -0.6730 0.6957
vn -0.3535 0.6168 0.7033
vn -0.5020 0.5022 0.7041
vn -0.6167 0.3537 0.7033
vn -0.6997 0.1372 0.7011
vn -0.4960 0.8683 -0.0000
vn -0.7070 0.7072 -0.0000
vn -0.8681 0.4963 -0.0000
vn -0.9817 0.1907 -0.0000
vn -0.3535 0.6168 -0.7033
vn -0.5020 0.5022 -0.7041
vn -0.6167 0.3537 -0.7033
vn -0.6997 0.1372 -0.7011
vn 0.3765 -0.6034 -0.7029
vn 0.5020 -0.5022 -0.7041
vn 0.6032 -0.3768 -0.7029
vn 0.6728 -0.2518 -0.6956
vn 0.6662 -0.7458 -0.0000
vn 0.7070 -0.7072 -0.0000
vn 0.7437 -0.6685 -0.0000
vn 0.3765 -0.6034 0.7029
vn 0.5020 -0.5022 0.7041
vn 0.6032 -0.3768 0.7029
vn 0.6728 -0.2518 0.6956
vn -0.1371 0.6997 -0.7012
vn 0.2509 -0.6731 -0.6957
vn 0.2509 -0.6731 0.6957
vn -0.6167 0.3536 0.7033
vn -0.8682 0.4963 -0.0000
vn -0.5020 0.5022 -0.7042
vn -0.6167 0.3536 -0.7033
vn 0.3766 -0.6034 -0.7029
vn 0.6728 -0.2520 -0.6956
vn 0.6664 -0.7456 -0.0000
vn 0.7069 -0.7073 -0.0000
vn 0.7439 -0.6683 -0.0000
vn 0.6728 -0.2519 0.6956
vn -0.6997 -0.1371 0.7011
vn -0.9817 -0.1905 -0.0000
vn -0.6997 -0.1371 -0.7011
vn 0.6730 0.2511 -0.6957
vn 0.6731 0.2509 0.6957
vn -0.6168 -0.3535 0.7033
vn -0.5022 -0.5020 0.7042
vn -0.3537 -0.6167 0.7033
vn -0.1372 -0.6997 0.7011
vn -0.8683 -0.4960 -0.0000
vn -0.7072 -0.7070 -0.0000
vn -0.4963 -0.8682 -0.0000
vn -0.1907 -0.9817 -0.0000
vn -0.6168 -0.3535 -0.7033
vn -0.5022 -0.5020 -0.7041
vn -0.3537 -0.6167 -0.7033
vn -0.1372 -0.6997 -0.7011
vn 0.6034 0.3765 -0.7029
vn 0.5022 0.5020 -0.7041
vn 0.3768 0.6032 -0.7029
vn 0.2518 0.6729 -0.6956
vn 0.7456 0.6664 -0.0000
vn 0.7073 0.7069 -0.0000
vn 0.6680 0.7442 -0.0000
vn 0.6034 0.3765 0.7029
vn 0.5022 0.5020 0.7041
vn 0.3768 0.6032 0.7029
vn 0.2517 0.6729 0.6956
vn -0.1371 -0.6997 -0.7011
vn -0.1905 -0.9817 -0.0000
vn -0.1371 -0.6997 0.7011
vn 0.2510 0.6731 0.6957
vn 0.2510 0.6731 -0.6957
vn -0.3535 -0.6168 -0.7033
vn -0.5020 -0.5022 -0.7041
vn -0.6167 -0.3537 -0.7033
vn -0.6997 -0.1372 -0.7011
vn -0.4960 -0.8683 -0.0000
vn -0.7070 -0.7072 -0.0000
vn -0.8681 -0.4963 -0.0000
vn -0.9817 -0.1907 -0.0000
vn -0.3535 -0.6167 0.7033
vn -0.5020 -0.5022 0.7041
vn -0.6166 -0.3537 0.7033
vn -0.6997 -0.1372 0.7011
vn 0.3765 0.6034 0.7029
vn 0.5020 0.5022 0.7041
vn 0.6032 0.3768 0.7029
vn 0.6729 0.2517 0.6956
vn 0.6662 0.7458 -0.0000
vn 0.7070 0.7072 -0.0000
vn 0.7437 0.6685 -0.0000
vn 0.3765 0.6034 -0.7029
vn 0.5020 0.5022 -0.7041
vn 0.6032 0.3768 -0.7029
vn 0.6729 0.2517 -0.6956
vn 0.1371 0.6997 -0.7011
vn 0.1905 0.9817 -0.0000
vn 0.1371 0.6997 0.7011
vn -0.2511 -0.6730 0.6957
vn -0.2510 -0.6731 -0.6957
vn 0.3535 0.6168 -0.7033
vn 0.6167 0.3537 -0.7033
vn 0.6997 0.1372 -0.7011
vn 0.4960 0.8683 -0.0000
vn 0.8682 0.4963 -0.0000
vn 0.9817 0.1907 -0.0000
vn 0.3535 0.6167 0.7033
vn 0.6167 0.3537 0.7033
vn 0.6997 0.1372 0.7011
vn -0.3765 -0.6034 0.7030
vn -0.6032 -0.3768 0.7029
vn -0.6729 -0.2517 0.6956
vn -0.6664 -0.7456 -0.0000
vn -0.7069 -0.7074 -0.0000
vn -0.7441 -0.6681 -0.0000
vn -0.3765 -0.6034 -0.7029
vn -0.6033 -0.3768 -0.7029
vn -0.6729 -0.2517 -0.6956
vn 0.1371 -0.6997 0.7011
vn 0.1905 -0.9817 -0.0000
vn 0.1371 -0.6997 -0.7012
vn -0.2508 0.6731 -0.6957
vn -0.2508 0.6731 0.6957
vn 0.3535 -0.6168 0.7033
vn 0.6167 -0.3536 0.7033
vn 0.6997 -0.1372 0.7011
vn 0.4960 -0.8683 -0.0000
vn 0.8682 -0.4963 -0.0000
vn 0.9817 -0.1907 -0.0000
vn 0.3535 -0.6168 -0.7033
vn 0.6167 -0.3536 -0.7033
vn 0.6997 -0.1372 -0.7011
vn -0.3766 0.6034 -0.7029
vn -0.6032 0.3768 -0.7029
vn -0.6728 0.2520 -0.6956
vn -0.6666 0.7455 -0.0000
vn -0.7439 0.6682 -0.0000
vn -0.3765 0.6034 0.7029
vn -0.6032 0.3768 0.7029
vn -0.6728 0.2520 0.6956
vn -0.2510 -0.6731 0.6957
vn -0.2509 -0.6731 -0.6957
vn 0.3535 0.6167 -0.7033
vn 0.3535 0.6168 0.7033
vn -0.3765 -0.6034 0.7029
vn -0.6662 -0.7458 -0.0000
vn -0.7439 -0.6683 -0.0000
vn -0.6032 -0.3768 -0.7029
vn -0.6729 -0.2516 -0.6957
vn 0.1371 -0.6997 -0.7011
vn 0.6167 -0.3537 0.7033
vn 0.8681 -0.4963 -0.0000
vn 0.6167 -0.3537 -0.7033
vn -0.6033 0.3768 -0.7029
vn -0.6728 0.2518 -0.6956
vn -0.6665 0.7455 -0.0000
vn -0.7069 0.7073 -0.0000
vn -0.7440 0.6682 -0.0000
vn -0.3766 0.6034 0.7029
vn -0.6033 0.3768 0.7029
vn -0.6728 0.2518 0.6956
vn -0.1371 -0.7011 0.6997
vn -0.1905 -0.0000 0.9817
vn -0.1371 0.7012 0.6997
vn 0.2510 0.6957 -0.6731
vn 0.2510 -0.6957 -0.6731
vn -0.3535 -0.7033 0.6168
vn -0.5020 -0.7041 0.5022
vn -0.6167 -0.7033 0.3536
vn -0.6997 -0.7011 0.1372
vn -0.4960 -0.0000 0.8683
vn -0.7070 -0.0000 0.7072
vn -0.8682 -0.0000 0.4963
vn -0.9817 -0.0000 0.1907
vn -0.3535 0.7033 0.6168
vn -0.5020 0.7042 0.5022
vn -0.6167 0.7033 0.3536
vn -0.6997 0.7011 0.1372
vn 0.3765 0.7029 -0.6034
vn 0.5020 0.7042 -0.5022
vn 0.6032 0.7029 -0.3768
vn 0.6728 0.6956 -0.2518
vn 0.6666 -0.0000 -0.7455
vn 0.7070 -0.0000 -0.7072
vn 0.7437 -0.0000 -0.6685
vn 0.3765 -0.7029 -0.6034
vn 0.5020 -0.7041 -0.5022
vn 0.6032 -0.7029 -0.3768
vn 0.6728 -0.6956 -0.2518
vn 0.6997 -0.7011 0.1371
vn 0.9817 -0.0000 0.1905
vn 0.6997 0.7011 0.1371
vn -0.6730 0.6957 -0.2511
vn -0.6731 -0.6957 -0.2510
vn 0.6168 -0.7033 0.3535
vn 0.5022 -0.7041 0.5020
vn 0.3537 -0.7033 0.6167
vn 0.1372 -0.7011 0.6997
vn 0.8683 -0.0000 0.4960
vn 0.7072 -0.0000 0.7070
vn 0.4963 -0.0000 0.8682
vn 0.1907 -0.0000 0.9817
vn 0.6168 0.7033 0.3535
vn 0.5022 0.7041 0.5020
vn 0.3537 0.7033 0.6167
vn 0.1372 0.7011 0.6997
vn -0.6034 0.7029 -0.3765
vn -0.5022 0.7041 -0.5020
vn -0.3768 0.7029 -0.6032
vn -0.2517 0.6956 -0.6729
vn -0.7456 -0.0000 -0.6664
vn -0.7074 -0.0000 -0.7069
vn -0.6681 -0.0000 -0.7441
vn -0.6034 -0.7029 -0.3765
vn -0.5022 -0.7041 -0.5020
vn -0.3768 -0.7029 -0.6032
vn -0.2517 -0.6956 -0.6729
vt 0.728608 0.980838
vt 0.728420 0.989401
vt 0.723549 0.989401
vt 0.723737 0.980838
vt 0.213855 0.826092
vt 0.213855 0.838201
vt 0.210536 0.838201
vt 0.210536 0.826092
vt 0.059691 0.960393
vt 0.059503 0.951830
vt 0.064374 0.951830
vt 0.064562 0.960393
vt 0.059503 0.939721
vt 0.064374 0.939721
vt 0.059691 0.931159
vt 0.064562 0.931159
vt 0.210536 0.850310
vt 0.210536 0.838201
vt 0.213851 0.838201
vt 0.213851 0.850310
vt 0.728420 0.960167
vt 0.728608 0.968730
vt 0.723737 0.968730
vt 0.723549 0.960167
vt 0.517846 0.960146
vt 0.511551 0.951584
vt 0.511551 0.939475
vt 0.517846 0.930913
vt 0.526749 0.930914
vt 0.533044 0.939476
vt 0.533044 0.951585
vt 0.526749 0.960147
vt 0.049077 0.960393
vt 0.040185 0.960393
vt 0.033898 0.951831
vt 0.033898 0.939722
vt 0.040185 0.931160
vt 0.049077 0.931159
vt 0.055364 0.939721
vt 0.055364 0.951830
vt 0.155712 0.877002
vt 0.163002 0.877002
vt 0.163002 0.925724
vt 0.155712 0.925724
vt 0.173091 0.877002
vt 0.173091 0.925724
vt 0.180067 0.877002
vt 0.180067 0.925724
vt 0.890926 0.484399
vt 0.901017 0.484400
vt 0.901017 0.520176
vt 0.890926 0.520176
vt 0.107002 0.877002
vt 0.113978 0.877001
vt 0.113978 0.925724
vt 0.107002 0.925724
vt 0.124067 0.877001
vt 0.124067 0.925724
vt 0.979030 0.304153
vt 0.979030 0.294062
vt 0.983885 0.286926
vt 0.990750 0.286926
vt 0.995604 0.294062
vt 0.995604 0.304153
vt 0.990750 0.311288
vt 0.983885 0.311288
vt 0.131357 0.877002
vt 0.131357 0.925724
vt 0.634608 0.975232
vt 0.639469 0.968096
vt 0.646343 0.968097
vt 0.651203 0.975232
vt 0.651203 0.985322
vt 0.646343 0.992458
vt 0.639469 0.992458
vt 0.634608 0.985322
vt 0.623968 0.850577
vt 0.634059 0.850576
vt 0.634059 0.886399
vt 0.623969 0.886400
vt 0.582284 0.925863
vt 0.582284 0.852797
vt 0.589420 0.852640
vt 0.589420 0.925706
vt 0.572194 0.925863
vt 0.572194 0.852797
vt 0.565058 0.925706
vt 0.565058 0.852640
vt 0.623665 0.811245
vt 0.623665 0.761521
vt 0.633756 0.761521
vt 0.633756 0.811245
vt 0.778418 0.926915
vt 0.778418 0.853849
vt 0.785553 0.853692
vt 0.785553 0.926758
vt 0.768328 0.926915
vt 0.768328 0.853849
vt 0.761192 0.926758
vt 0.761192 0.853692
vt 0.973958 0.898140
vt 0.979204 0.891005
vt 0.986623 0.891005
vt 0.991869 0.898141
vt 0.991869 0.908231
vt 0.986623 0.915367
vt 0.979204 0.915366
vt 0.973958 0.908231
vt 0.095226 0.805505
vt 0.095226 0.755720
vt 0.105316 0.755720
vt 0.105316 0.805505
vt 0.991846 0.922502
vt 0.991846 0.932592
vt 0.986606 0.939728
vt 0.979197 0.939728
vt 0.973958 0.932593
vt 0.973958 0.922502
vt 0.979197 0.915367
vt 0.986606 0.915367
vt 0.379359 0.974684
vt 0.379359 0.755434
vt 0.389442 0.755434
vt 0.389442 0.974684
vt 0.372493 0.974684
vt 0.372493 0.755434
vt 0.241579 0.755434
vt 0.241579 0.974685
vt 0.231496 0.974685
vt 0.231496 0.755434
vt 0.248988 0.755434
vt 0.248988 0.974684
vt 0.308597 0.974684
vt 0.308597 0.755434
vt 0.318681 0.755434
vt 0.318681 0.974684
vt 0.301723 0.974684
vt 0.301723 0.755434
vt 0.960198 -0.000000
vt 0.960198 0.219250
vt 0.950115 0.219250
vt 0.950115 0.000000
vt 0.966834 0.673422
vt 0.966834 0.683512
vt 0.959701 0.690647
vt 0.949613 0.690647
vt 0.942479 0.683512
vt 0.942479 0.673422
vt 0.949612 0.666286
vt 0.959701 0.666286
vt 0.967617 0.000000
vt 0.967617 0.219251
vt 0.865871 0.950963
vt 0.873004 0.943828
vt 0.883093 0.943828
vt 0.890226 0.950963
vt 0.890226 0.961054
vt 0.883093 0.968189
vt 0.873004 0.968189
vt 0.865871 0.961054
vt 0.158907 0.976482
vt 0.158719 0.985044
vt 0.153848 0.985044
vt 0.154036 0.976482
vt 0.213855 0.813983
vt 0.213855 0.826092
vt 0.210536 0.826092
vt 0.210536 0.813983
vt 0.860393 0.960955
vt 0.860205 0.952393
vt 0.865076 0.952393
vt 0.865264 0.960955
vt 0.860205 0.940284
vt 0.865076 0.940284
vt 0.860393 0.931722
vt 0.865264 0.931722
vt 0.210536 0.862419
vt 0.213851 0.850310
vt 0.213851 0.862419
vt 0.158719 0.955811
vt 0.158907 0.964373
vt 0.154036 0.964373
vt 0.153848 0.955811
vt 0.767488 0.956148
vt 0.761192 0.947586
vt 0.761192 0.935477
vt 0.767488 0.926915
vt 0.776391 0.926915
vt 0.782686 0.935478
vt 0.782686 0.947587
vt 0.776391 0.956149
vt 0.079740 0.960393
vt 0.070849 0.960393
vt 0.064562 0.951831
vt 0.064562 0.939722
vt 0.070849 0.931160
vt 0.079740 0.931159
vt 0.086028 0.939721
vt 0.086028 0.951830
vt 0.834264 0.926776
vt 0.826974 0.926776
vt 0.826974 0.853692
vt 0.834264 0.853692
vt 0.816886 0.926776
vt 0.816886 0.853692
vt 0.809909 0.926776
vt 0.809909 0.853692
vt 0.741610 0.365663
vt 0.751700 0.365664
vt 0.751700 0.419328
vt 0.741610 0.419328
vt 0.785553 0.853692
vt 0.792530 0.853692
vt 0.792530 0.926776
vt 0.785553 0.926776
vt 0.802618 0.853692
vt 0.802618 0.926776
vt 0.623665 0.707787
vt 0.633756 0.707786
vt 0.633756 0.761521
vt 0.623665 0.761521
vt 0.658963 0.975232
vt 0.663824 0.968096
vt 0.670698 0.968096
vt 0.675559 0.975232
vt 0.675559 0.985322
vt 0.670698 0.992458
vt 0.663824 0.992458
vt 0.658963 0.985322
vt 0.023814 0.974970
vt 0.023814 0.755720
vt 0.033898 0.755720
vt 0.033898 0.974970
vt 0.016949 0.974970
vt 0.016949 0.755720
vt 0.259071 0.755434
vt 0.259071 0.974685
vt 0.248988 0.974685
vt 0.248988 0.755434
vt 0.266481 0.755434
vt 0.266481 0.974684
vt 0.290847 0.974684
vt 0.290847 0.755434
vt 0.300931 0.755434
vt 0.300931 0.974684
vt 0.283973 0.974684
vt 0.283973 0.755434
vt 0.949037 0.731921
vt 0.949037 0.951172
vt 0.938954 0.951172
vt 0.938954 0.731921
vt 0.968682 0.616165
vt 0.968682 0.626255
vt 0.961549 0.633390
vt 0.951460 0.633390
vt 0.944327 0.626255
vt 0.944327 0.616165
vt 0.951460 0.609029
vt 0.961549 0.609029
vt 0.956456 0.731922
vt 0.956456 0.951172
vt 0.942479 0.697783
vt 0.949612 0.690647
vt 0.959701 0.690647
vt 0.966834 0.697783
vt 0.966834 0.707873
vt 0.959701 0.715009
vt 0.949612 0.715009
vt 0.942479 0.707873
vt 0.006865 0.974970
vt 0.006865 0.755720
vt 0.016949 0.755720
vt 0.016949 0.974970
vt -0.000000 0.974970
vt -0.000000 0.755720
vt 0.276564 0.755434
vt 0.276564 0.974685
vt 0.266481 0.974685
vt 0.266481 0.755434
vt 0.283973 0.755434
vt 0.283973 0.974684
vt 0.325555 0.974684
vt 0.325555 0.755434
vt 0.335639 0.755434
vt 0.335639 0.974684
vt 0.318681 0.974684
vt 0.966538 0.731921
vt 0.966538 0.951172
vt 0.956456 0.951172
vt 0.956456 0.731921
vt 0.180085 0.967311
vt 0.180085 0.957220
vt 0.187219 0.950085
vt 0.197307 0.950085
vt 0.204440 0.957220
vt 0.204440 0.967311
vt 0.197307 0.974446
vt 0.187219 0.974446
vt 0.973957 0.731922
vt 0.973957 0.951172
vt 0.785553 0.959107
vt 0.792687 0.951972
vt 0.802775 0.951972
vt 0.809909 0.959107
vt 0.809909 0.969198
vt 0.802775 0.976333
vt 0.792687 0.976333
vt 0.785553 0.969198
vt 0.359462 0.974684
vt 0.359462 0.755434
vt 0.369546 0.755434
vt 0.369546 0.974684
vt 0.352597 0.974684
vt 0.352597 0.755434
vt 0.224086 0.755434
vt 0.224086 0.974685
vt 0.214003 0.974685
vt 0.214003 0.755434
vt 0.231496 0.755434
vt 0.231496 0.974684
vt 0.342513 0.974684
vt 0.342513 0.755434
vt 0.352597 0.755434
vt 0.352597 0.974684
vt 0.335639 0.974684
vt 0.335639 0.755434
vt 0.729424 0.941126
vt 0.736557 0.933991
vt 0.746645 0.933991
vt 0.753779 0.941126
vt 0.753779 0.951216
vt 0.746645 0.958352
vt 0.736557 0.958352
vt 0.729424 0.951216
vt 0.954409 0.389778
vt 0.954409 0.609029
vt 0.944327 0.609029
vt 0.944327 0.389778
vt 0.950115 0.236477
vt 0.950115 0.226386
vt 0.957249 0.219251
vt 0.967337 0.219251
vt 0.974470 0.226386
vt 0.974470 0.236477
vt 0.967337 0.243612
vt 0.957249 0.243612
vt 0.961828 0.389779
vt 0.961828 0.609029
vt 0.438489 0.877240
vt 0.445779 0.877240
vt 0.445779 0.925962
vt 0.438489 0.925962
vt 0.455868 0.877240
vt 0.455868 0.925962
vt 0.462844 0.877240
vt 0.462844 0.925962
vt 0.890926 0.520176
vt 0.901016 0.520177
vt 0.901016 0.555953
vt 0.890926 0.555952
vt 0.703509 0.858471
vt 0.710486 0.858471
vt 0.710486 0.907193
vt 0.703509 0.907193
vt 0.720574 0.858471
vt 0.720574 0.907193
vt 0.727865 0.858471
vt 0.727865 0.907193
vt 0.995079 0.346767
vt 0.995079 0.356858
vt 0.990224 0.363993
vt 0.983359 0.363993
vt 0.978504 0.356858
vt 0.978504 0.346767
vt 0.983359 0.339632
vt 0.990224 0.339632
vt 0.890926 0.341057
vt 0.901016 0.341056
vt 0.901016 0.376879
vt 0.890926 0.376880
vt 0.744929 0.907193
vt 0.744929 0.858471
vt 0.752220 0.858471
vt 0.752220 0.907193
vt 0.734841 0.907193
vt 0.734841 0.858471
vt 0.727865 0.907193
vt 0.727865 0.858471
vt 0.890926 0.627506
vt 0.890926 0.591729
vt 0.901016 0.591730
vt 0.901016 0.627506
vt 0.396755 0.877240
vt 0.396755 0.925962
vt 0.389779 0.925962
vt 0.389779 0.877240
vt 0.406844 0.877240
vt 0.406844 0.925962
vt 0.414134 0.877240
vt 0.414134 0.925962
vt 0.865871 0.985415
vt 0.865871 0.975324
vt 0.870732 0.968189
vt 0.877605 0.968189
vt 0.882466 0.975324
vt 0.882466 0.985415
vt 0.877605 0.992550
vt 0.870732 0.992550
vt 0.890926 0.412703
vt 0.890926 0.376880
vt 0.901016 0.376880
vt 0.901016 0.412703
vt 0.995610 0.275392
vt 0.990755 0.282528
vt 0.983890 0.282528
vt 0.979035 0.275392
vt 0.979035 0.265302
vt 0.983890 0.258166
vt 0.990755 0.258166
vt 0.995610 0.265302
vt 0.693425 0.943735
vt 0.693425 0.858471
vt 0.703509 0.858471
vt 0.703509 0.943735
vt 0.686560 0.943735
vt 0.686560 0.858471
vt 0.662193 0.858471
vt 0.662193 0.943735
vt 0.652110 0.943735
vt 0.652110 0.858471
vt 0.669602 0.858471
vt 0.669602 0.943735
vt 0.676476 0.943735
vt 0.676476 0.858471
vt 0.686560 0.943735
vt 0.669602 0.943735
vt 0.669602 0.858471
vt 0.644691 0.858471
vt 0.644691 0.943735
vt 0.634608 0.943735
vt 0.634608 0.858471
vt 0.951135 0.382643
vt 0.951135 0.372553
vt 0.958268 0.365417
vt 0.968357 0.365417
vt 0.975490 0.372553
vt 0.975490 0.382643
vt 0.968357 0.389778
vt 0.958268 0.389778
vt 0.652110 0.858471
vt 0.652110 0.943735
vt 0.599304 0.950849
vt 0.606437 0.943714
vt 0.616525 0.943714
vt 0.623659 0.950849
vt 0.623659 0.960940
vt 0.616526 0.968075
vt 0.606437 0.968075
vt 0.599304 0.960940
vt 0.148422 0.925724
vt 0.148422 0.877002
vt 0.155712 0.877002
vt 0.155712 0.925724
vt 0.138334 0.925724
vt 0.138334 0.877002
vt 0.131357 0.925724
vt 0.131357 0.877002
vt 0.890926 0.591729
vt 0.890926 0.555953
vt 0.901016 0.555953
vt 0.901016 0.591729
vt 0.431512 0.925962
vt 0.431512 0.877240
vt 0.438489 0.877240
vt 0.438489 0.925962
vt 0.421424 0.925962
vt 0.421424 0.877240
vt 0.995079 0.332497
vt 0.990224 0.339632
vt 0.983359 0.339632
vt 0.978504 0.332497
vt 0.978504 0.322406
vt 0.983359 0.315271
vt 0.990224 0.315271
vt 0.995079 0.322406
vt 0.414134 0.925962
vt 0.414134 0.877240
vt 0.976374 0.968398
vt 0.976374 0.958307
vt 0.981234 0.951172
vt 0.988108 0.951172
vt 0.992969 0.958307
vt 0.992969 0.968398
vt 0.988108 0.975533
vt 0.981234 0.975533
vt 0.890926 0.448526
vt 0.890926 0.412704
vt 0.901016 0.412703
vt 0.901016 0.448526
vt 0.457452 0.926377
vt 0.464577 0.925962
vt 0.463342 0.933829
vt 0.456595 0.931681
vt 0.518686 0.896491
vt 0.528776 0.896491
vt 0.528776 0.902929
vt 0.518686 0.902929
vt 0.414147 0.925962
vt 0.421272 0.926377
vt 0.422128 0.931681
vt 0.415381 0.933829
vt 0.431356 0.926741
vt 0.431678 0.928423
vt 0.438492 0.926842
vt 0.438436 0.925962
vt 0.440231 0.926842
vt 0.447368 0.926741
vt 0.447046 0.928423
vt 0.440287 0.925962
vt 0.459932 0.940331
vt 0.454130 0.936344
vt 0.511550 0.911114
vt 0.518686 0.909940
vt 0.518686 0.917001
vt 0.511550 0.916338
vt 0.518686 0.924153
vt 0.511550 0.921479
vt 0.446097 0.942968
vt 0.448880 0.949377
vt 0.441119 0.951178
vt 0.440867 0.944206
vt 0.528776 0.909940
vt 0.528776 0.917001
vt 0.528776 0.924153
vt 0.528776 0.930913
vt 0.518686 0.930913
vt 0.424593 0.936344
vt 0.418791 0.940332
vt 0.535912 0.911114
vt 0.535912 0.916338
vt 0.535912 0.921479
vt 0.429844 0.949378
vt 0.432626 0.942968
vt 0.437857 0.944206
vt 0.437604 0.951178
vt 0.432806 0.930483
vt 0.434595 0.932407
vt 0.428153 0.940171
vt 0.436568 0.933681
vt 0.438221 0.934124
vt 0.438619 0.926182
vt 0.439157 0.926760
vt 0.439362 0.926958
vt 0.438485 0.926838
vt 0.632795 0.521675
vt 0.632795 0.511584
vt 0.633080 0.511584
vt 0.633080 0.521675
vt 0.633869 0.511584
vt 0.633869 0.521675
vt 0.634154 0.511584
vt 0.634154 0.521675
vt 0.445917 0.930483
vt 0.440104 0.926182
vt 0.444128 0.932407
vt 0.439567 0.926760
vt 0.442155 0.933681
vt 0.439362 0.926958
vt 0.440502 0.934124
vt 0.440239 0.926838
vt 0.450571 0.940171
vt 0.973958 0.873778
vt 0.979204 0.866643
vt 0.986623 0.866644
vt 0.991869 0.873779
vt 0.991869 0.883870
vt 0.986623 0.891005
vt 0.979204 0.891005
vt 0.973958 0.883869
vt 0.741631 0.979498
vt 0.732725 0.984223
vt 0.730046 0.976794
vt 0.739841 0.974481
vt 0.965257 0.448011
vt 0.971304 0.451280
vt 0.968562 0.458686
vt 0.962516 0.455417
vt 0.980174 0.456077
vt 0.978341 0.461078
vt 0.318768 0.992791
vt 0.319141 0.985391
vt 0.320822 0.985194
vt 0.324072 0.992288
vt 0.319649 0.975321
vt 0.318768 0.975341
vt 0.807822 0.985608
vt 0.800723 0.978446
vt 0.802106 0.977471
vt 0.807154 0.986180
vt 0.748186 0.976021
vt 0.747652 0.974415
vt 0.729424 0.969905
vt 0.739408 0.969535
vt 0.730326 0.963769
vt 0.740076 0.964996
vt 0.732760 0.958352
vt 0.741811 0.961094
vt 0.972889 0.073135
vt 0.975437 0.080415
vt 0.967617 0.080448
vt 0.967617 0.073158
vt 0.967875 0.465564
vt 0.961828 0.462294
vt 0.986810 0.080225
vt 0.986810 0.090313
vt 0.981814 0.090423
vt 0.981814 0.080335
vt 0.975437 0.090503
vt 0.967617 0.090536
vt 0.977862 0.466016
vt 0.978483 0.470556
vt 0.968715 0.471699
vt 0.980174 0.474464
vt 0.971087 0.477127
vt 0.972889 0.097490
vt 0.967617 0.097513
vt 0.322883 0.984414
vt 0.328735 0.990588
vt 0.324808 0.983146
vt 0.332564 0.988064
vt 0.326083 0.981726
vt 0.335363 0.984844
vt 0.326527 0.980523
vt 0.336605 0.981031
vt 0.318989 0.975211
vt 0.319567 0.974830
vt 0.319765 0.974684
vt 0.319645 0.975326
vt 0.633411 0.703398
vt 0.633411 0.693309
vt 0.633602 0.693305
vt 0.633602 0.703393
vt 0.634160 0.693292
vt 0.634160 0.703381
vt 0.634372 0.693288
vt 0.634372 0.703376
vt 0.804160 0.976675
vt 0.807404 0.986129
vt 0.806438 0.976333
vt 0.808088 0.986027
vt 0.808333 0.976537
vt 0.808333 0.986003
vt 0.633654 0.567665
vt 0.632795 0.560000
vt 0.634422 0.560364
vt 0.632795 0.567471
vt 0.747486 0.972218
vt 0.747822 0.969936
vt 0.748569 0.968178
vt 0.744744 0.958352
vt 0.749473 0.967266
vt 0.445635 0.975539
vt 0.438502 0.968404
vt 0.438502 0.958313
vt 0.445635 0.951178
vt 0.455724 0.951178
vt 0.462857 0.958313
vt 0.462857 0.968404
vt 0.455724 0.975539
vt 0.773400 0.977295
vt 0.764493 0.982020
vt 0.761815 0.974590
vt 0.771610 0.972277
vt 0.963587 0.315271
vt 0.969634 0.318541
vt 0.966892 0.325947
vt 0.960846 0.322677
vt 0.978504 0.323337
vt 0.976671 0.328339
vt 0.267169 0.992791
vt 0.267541 0.985391
vt 0.269222 0.985195
vt 0.272472 0.992288
vt 0.268049 0.975321
vt 0.267169 0.975341
vt 0.404488 0.985945
vt 0.397389 0.978785
vt 0.398771 0.977808
vt 0.403819 0.986518
vt 0.779954 0.973818
vt 0.779420 0.972212
vt 0.761192 0.967702
vt 0.771177 0.967332
vt 0.762095 0.961566
vt 0.771844 0.962793
vt 0.764529 0.956149
vt 0.773580 0.958891
vt 0.972889 0.000000
vt 0.975437 0.007280
vt 0.967617 0.007313
vt 0.967617 0.000023
vt 0.966205 0.332825
vt 0.960158 0.329555
vt 0.986810 0.007090
vt 0.986810 0.017178
vt 0.981814 0.017288
vt 0.981814 0.007200
vt 0.975437 0.017368
vt 0.967617 0.017402
vt 0.976192 0.333277
vt 0.976813 0.337816
vt 0.967045 0.338960
vt 0.978504 0.341724
vt 0.969418 0.344387
vt 0.972889 0.024355
vt 0.967617 0.024378
vt 0.271283 0.984414
vt 0.277135 0.990588
vt 0.273208 0.983146
vt 0.280964 0.988064
vt 0.274483 0.981726
vt 0.283763 0.984844
vt 0.274927 0.980523
vt 0.285005 0.981031
vt 0.267389 0.975212
vt 0.267967 0.974831
vt 0.268165 0.974685
vt 0.268045 0.975326
vt 0.633411 0.683179
vt 0.633411 0.673091
vt 0.633602 0.673086
vt 0.633602 0.683174
vt 0.634160 0.673074
vt 0.634160 0.683162
vt 0.634372 0.673069
vt 0.634372 0.683158
vt 0.400825 0.977013
vt 0.404069 0.986467
vt 0.403104 0.976671
vt 0.404754 0.986364
vt 0.404998 0.976875
vt 0.404998 0.986341
vt 0.633654 0.575330
vt 0.632795 0.567665
vt 0.634422 0.568029
vt 0.632795 0.575136
vt 0.779255 0.970014
vt 0.779591 0.967733
vt 0.780338 0.965975
vt 0.776513 0.956149
vt 0.781242 0.965063
vt 0.909546 0.975533
vt 0.902413 0.968397
vt 0.902413 0.958307
vt 0.909546 0.951172
vt 0.919635 0.951172
vt 0.926768 0.958307
vt 0.926768 0.968397
vt 0.919635 0.975533
vt 0.986809 0.170671
vt 0.986809 0.177961
vt 0.978991 0.177928
vt 0.981538 0.170648
vt 0.986809 0.188050
vt 0.978991 0.188016
vt 0.986809 0.195026
vt 0.981538 0.195003
vt 0.090758 0.985990
vt 0.086028 0.977077
vt 0.086931 0.976165
vt 0.093686 0.983250
vt 0.963214 0.306897
vt 0.970007 0.312225
vt 0.970593 0.311947
vt 0.962165 0.307631
vt 0.634423 0.529145
vt 0.632795 0.522040
vt 0.634423 0.521675
vt 0.633567 0.529340
vt 0.241574 0.986972
vt 0.231496 0.986463
vt 0.232738 0.982645
vt 0.242018 0.985765
vt 0.961829 0.479786
vt 0.970913 0.477127
vt 0.973287 0.482556
vt 0.963521 0.483696
vt 0.974129 0.488693
vt 0.964144 0.488237
vt 0.973441 0.495572
vt 0.963664 0.493175
vt 0.970695 0.502979
vt 0.961829 0.498177
vt 0.972614 0.187936
vt 0.972614 0.177848
vt 0.967617 0.187826
vt 0.967617 0.177738
vt 0.980165 0.491962
vt 0.979478 0.498842
vt 0.976732 0.506249
vt 0.102741 0.985990
vt 0.095417 0.979352
vt 0.105169 0.980577
vt 0.096083 0.974814
vt 0.106069 0.974444
vt 0.095648 0.969870
vt 0.105444 0.967556
vt 0.093856 0.964852
vt 0.102763 0.960125
vt 0.087677 0.974408
vt 0.088011 0.972127
vt 0.087845 0.969931
vt 0.087312 0.968326
vt 0.970502 0.312177
vt 0.961121 0.309225
vt 0.970281 0.312832
vt 0.960387 0.311407
vt 0.970213 0.313077
vt 0.960158 0.313597
vt 0.970007 0.312217
vt 0.960397 0.315271
vt 0.633410 0.632611
vt 0.633410 0.622522
vt 0.633623 0.622526
vt 0.633623 0.632615
vt 0.634182 0.622539
vt 0.634182 0.632627
vt 0.634372 0.622543
vt 0.634372 0.632632
vt 0.248336 0.992802
vt 0.243293 0.984343
vt 0.248535 0.992655
vt 0.245218 0.983072
vt 0.249113 0.992273
vt 0.247277 0.982291
vt 0.249332 0.992144
vt 0.248957 0.982094
vt 0.248449 0.992164
vt 0.235536 0.979420
vt 0.239364 0.976892
vt 0.244027 0.975189
vt 0.249332 0.974685
vt 0.969182 0.286927
vt 0.975975 0.292255
vt 0.979030 0.301872
vt 0.976558 0.310144
vt 0.960158 0.297280
vt 0.962630 0.289008
vt 0.519377 0.964872
vt 0.528284 0.960147
vt 0.530964 0.967576
vt 0.521168 0.969890
vt 0.976734 0.593612
vt 0.970696 0.590343
vt 0.973440 0.582938
vt 0.979478 0.586207
vt 0.961828 0.585543
vt 0.963663 0.580542
vt 0.701156 0.972497
vt 0.700783 0.979907
vt 0.699102 0.980104
vt 0.695853 0.973001
vt 0.700276 0.989976
vt 0.701156 0.989956
vt 0.829535 0.976951
vt 0.830416 0.986997
vt 0.828729 0.986864
vt 0.830416 0.976938
vt 0.512832 0.968345
vt 0.513366 0.969951
vt 0.531590 0.974463
vt 0.521603 0.974834
vt 0.530691 0.980597
vt 0.520939 0.979372
vt 0.528264 0.986012
vt 0.519208 0.983272
vt 0.981538 0.073112
vt 0.978989 0.066125
vt 0.986810 0.066158
vt 0.986810 0.073135
vt 0.974128 0.576059
vt 0.980165 0.579328
vt 0.967617 0.065935
vt 0.967617 0.055846
vt 0.972612 0.055956
vt 0.972612 0.066045
vt 0.978989 0.056036
vt 0.986810 0.056070
vt 0.964143 0.575603
vt 0.963521 0.571062
vt 0.973287 0.569922
vt 0.961828 0.567152
vt 0.970913 0.564491
vt 0.981538 0.048757
vt 0.986810 0.048780
vt 0.697041 0.980885
vt 0.691189 0.974704
vt 0.695116 0.982156
vt 0.687360 0.977232
vt 0.693841 0.983577
vt 0.684561 0.980456
vt 0.693397 0.984782
vt 0.683319 0.984275
vt 0.700936 0.990085
vt 0.700357 0.990467
vt 0.700159 0.990613
vt 0.634422 0.537005
vt 0.633564 0.544670
vt 0.634422 0.544475
vt 0.632795 0.537369
vt 0.634372 0.642762
vt 0.634372 0.652851
vt 0.634181 0.652846
vt 0.634181 0.642758
vt 0.633623 0.652834
vt 0.633623 0.642745
vt 0.633411 0.652830
vt 0.633411 0.642741
vt 0.826641 0.986163
vt 0.830191 0.976818
vt 0.824670 0.984971
vt 0.829599 0.976460
vt 0.823344 0.983604
vt 0.829395 0.976322
vt 0.822856 0.982421
vt 0.829540 0.976956
vt 0.513532 0.972148
vt 0.513198 0.974430
vt 0.512453 0.976186
vt 0.516280 0.986012
vt 0.511550 0.977098
vt 0.720731 0.935806
vt 0.727865 0.942941
vt 0.727865 0.953032
vt 0.720731 0.960167
vt 0.710643 0.960167
vt 0.703509 0.953032
vt 0.703509 0.942941
vt 0.710643 0.935806
vt 0.961828 0.397845
vt 0.970699 0.393048
vt 0.973441 0.400454
vt 0.963661 0.402846
vt 0.976745 0.389778
vt 0.979487 0.397184
vt 0.581806 0.981041
vt 0.572900 0.976317
vt 0.574690 0.971299
vt 0.584485 0.973612
vt 0.566346 0.972839
vt 0.566880 0.971233
vt 0.397388 0.978784
vt 0.390289 0.985945
vt 0.390958 0.986518
vt 0.396006 0.977808
vt 0.317888 0.975321
vt 0.318395 0.985391
vt 0.316714 0.985194
vt 0.318768 0.975341
vt 0.318768 0.992791
vt 0.313465 0.992288
vt 0.974128 0.407332
vt 0.964141 0.407784
vt 0.973288 0.413467
vt 0.963520 0.412323
vt 0.970915 0.418894
vt 0.961828 0.416232
vt 0.981538 0.048734
vt 0.978989 0.041746
vt 0.986810 0.041780
vt 0.986810 0.048757
vt 0.980174 0.404062
vt 0.967617 0.041557
vt 0.967617 0.031468
vt 0.972612 0.031578
vt 0.972612 0.041666
vt 0.978989 0.031658
vt 0.986810 0.031691
vt 0.575123 0.966353
vt 0.585107 0.966723
vt 0.574455 0.961814
vt 0.584205 0.960587
vt 0.572720 0.957912
vt 0.581771 0.955169
vt 0.981538 0.024378
vt 0.986810 0.024401
vt 0.567045 0.969035
vt 0.566709 0.966753
vt 0.565962 0.964996
vt 0.565058 0.964083
vt 0.569787 0.955169
vt 0.390707 0.986467
vt 0.393952 0.977013
vt 0.390023 0.986364
vt 0.391673 0.976671
vt 0.389778 0.986341
vt 0.389778 0.976875
vt 0.634422 0.529340
vt 0.633564 0.537005
vt 0.634422 0.536810
vt 0.632795 0.529704
vt 0.634370 0.632653
vt 0.634371 0.642741
vt 0.634179 0.642736
vt 0.634179 0.632648
vt 0.633621 0.642724
vt 0.633621 0.632636
vt 0.633410 0.642720
vt 0.633410 0.632632
vt 0.314653 0.984414
vt 0.318548 0.975212
vt 0.312728 0.983145
vt 0.317969 0.974830
vt 0.311453 0.981726
vt 0.317772 0.974684
vt 0.311009 0.980522
vt 0.317892 0.975326
vt 0.308802 0.990588
vt 0.304972 0.988064
vt 0.302173 0.984844
vt 0.300931 0.981030
vt 0.641742 0.968096
vt 0.634608 0.960961
vt 0.634608 0.950871
vt 0.641742 0.943735
vt 0.651830 0.943735
vt 0.658963 0.950871
vt 0.658963 0.960961
vt 0.651830 0.968096
vt 0.980166 0.527301
vt 0.971298 0.532102
vt 0.968554 0.524696
vt 0.978331 0.522300
vt 0.965260 0.535370
vt 0.962516 0.527965
vt 0.480804 0.960383
vt 0.489711 0.965109
vt 0.487919 0.970126
vt 0.478124 0.967813
vt 0.496256 0.968581
vt 0.495722 0.970187
vt 0.748636 0.581838
vt 0.749516 0.571793
vt 0.748636 0.571780
vt 0.750323 0.581705
vt 0.180965 0.991926
vt 0.180458 0.981856
vt 0.182139 0.982053
vt 0.180085 0.991906
vt 0.180085 0.974446
vt 0.185389 0.974950
vt 0.967866 0.517817
vt 0.977851 0.517361
vt 0.968707 0.511680
vt 0.978473 0.512820
vt 0.971081 0.506249
vt 0.980166 0.508910
vt 0.972889 0.097513
vt 0.975437 0.104793
vt 0.967617 0.104827
vt 0.967617 0.097536
vt 0.961829 0.521086
vt 0.986810 0.104603
vt 0.986810 0.114692
vt 0.981814 0.114801
vt 0.981814 0.104713
vt 0.975437 0.114882
vt 0.967617 0.114915
vt 0.487484 0.975070
vt 0.477498 0.974699
vt 0.488149 0.979608
vt 0.478396 0.980833
vt 0.489880 0.983507
vt 0.480824 0.986248
vt 0.972889 0.121868
vt 0.967617 0.121892
vt 0.495556 0.972385
vt 0.495890 0.974665
vt 0.496635 0.976422
vt 0.497537 0.977334
vt 0.492808 0.986248
vt 0.748861 0.571659
vt 0.752411 0.581005
vt 0.749452 0.571301
vt 0.754381 0.579812
vt 0.749656 0.571163
vt 0.755708 0.578445
vt 0.749512 0.571798
vt 0.756195 0.577263
vt 0.633411 0.693288
vt 0.633411 0.683200
vt 0.633602 0.683195
vt 0.633602 0.693284
vt 0.634160 0.683183
vt 0.634160 0.693271
vt 0.634372 0.683179
vt 0.634372 0.693267
vt 0.184200 0.982834
vt 0.180305 0.992035
vt 0.186125 0.984105
vt 0.180884 0.992417
vt 0.187400 0.985526
vt 0.181082 0.992563
vt 0.633654 0.560000
vt 0.632795 0.552335
vt 0.634422 0.552699
vt 0.632795 0.559805
vt 0.190052 0.976653
vt 0.193881 0.979181
vt 0.196680 0.982405
vt 0.197922 0.986224
vt 0.187844 0.986731
vt 0.959701 0.641925
vt 0.966834 0.649060
vt 0.966834 0.659151
vt 0.959701 0.666286
vt 0.949613 0.666286
vt 0.942479 0.659151
vt 0.942479 0.649060
vt 0.949612 0.641925
vt 0.961828 0.426961
vt 0.970699 0.422164
vt 0.973440 0.429570
vt 0.963661 0.431962
vt 0.976745 0.418894
vt 0.979487 0.426300
vt 0.150547 0.981683
vt 0.141640 0.976958
vt 0.143430 0.971941
vt 0.153225 0.974253
vt 0.135086 0.973481
vt 0.135620 0.971875
vt 0.800723 0.978446
vt 0.793624 0.985607
vt 0.794292 0.986180
vt 0.799340 0.977470
vt 0.266288 0.975321
vt 0.266796 0.985391
vt 0.265114 0.985194
vt 0.267169 0.975341
vt 0.267169 0.992791
vt 0.261865 0.992288
vt 0.974128 0.436448
vt 0.964141 0.436900
vt 0.973288 0.442583
vt 0.963520 0.441439
vt 0.970915 0.448011
vt 0.961828 0.445348
vt 0.981538 0.170625
vt 0.978989 0.163638
vt 0.986810 0.163671
vt 0.986810 0.170648
vt 0.980174 0.433178
vt 0.967617 0.163448
vt 0.967617 0.153360
vt 0.972612 0.153470
vt 0.972612 0.163558
vt 0.978989 0.153550
vt 0.986810 0.153583
vt 0.143863 0.966995
vt 0.153848 0.967365
vt 0.143195 0.962455
vt 0.152945 0.961229
vt 0.141461 0.958554
vt 0.150512 0.955811
vt 0.981538 0.146270
vt 0.986810 0.146293
vt 0.135785 0.969677
vt 0.135450 0.967395
vt 0.134703 0.965638
vt 0.133799 0.964725
vt 0.138528 0.955811
vt 0.794042 0.986129
vt 0.797286 0.976675
vt 0.793357 0.986026
vt 0.795008 0.976333
vt 0.793113 0.986003
vt 0.793113 0.976537
vt 0.634422 0.575330
vt 0.633563 0.582996
vt 0.634422 0.582801
vt 0.632795 0.575695
vt 0.634372 0.662981
vt 0.634372 0.673069
vt 0.634181 0.673065
vt 0.634181 0.662976
vt 0.633623 0.673052
vt 0.633623 0.662964
vt 0.633411 0.673048
vt 0.633411 0.662960
vt 0.263054 0.984414
vt 0.266948 0.975212
vt 0.261129 0.983146
vt 0.266370 0.974830
vt 0.259853 0.981726
vt 0.266172 0.974685
vt 0.259410 0.980523
vt 0.266293 0.975326
vt 0.257202 0.990588
vt 0.253373 0.988064
vt 0.250574 0.984844
vt 0.249332 0.981030
vt 0.431368 0.951178
vt 0.438502 0.958313
vt 0.438502 0.968404
vt 0.431368 0.975539
vt 0.421280 0.975539
vt 0.414147 0.968404
vt 0.414147 0.958313
vt 0.421280 0.951178
vt 0.980166 0.556422
vt 0.971298 0.561223
vt 0.968554 0.553817
vt 0.978331 0.551421
vt 0.965260 0.564491
vt 0.962516 0.557086
vt 0.706815 0.960167
vt 0.715722 0.964893
vt 0.713931 0.969910
vt 0.704135 0.967596
vt 0.722267 0.968365
vt 0.721733 0.969971
vt 0.785554 0.987008
vt 0.786434 0.976963
vt 0.785554 0.976950
vt 0.787241 0.986875
vt 0.214539 0.992164
vt 0.214032 0.982094
vt 0.215713 0.982291
vt 0.213659 0.992144
vt 0.213659 0.974685
vt 0.218963 0.975189
vt 0.967866 0.546938
vt 0.977851 0.546482
vt 0.968706 0.540801
vt 0.978473 0.541942
vt 0.971081 0.535370
vt 0.980166 0.538031
vt 0.972889 0.121892
vt 0.975437 0.129171
vt 0.967617 0.129205
vt 0.967617 0.121915
vt 0.961828 0.550206
vt 0.986810 0.128982
vt 0.986810 0.139070
vt 0.981814 0.139180
vt 0.981814 0.129091
vt 0.975437 0.139260
vt 0.967617 0.139293
vt 0.713495 0.974854
vt 0.703509 0.974483
vt 0.714160 0.979392
vt 0.704408 0.980617
vt 0.715891 0.983291
vt 0.706836 0.986031
vt 0.972889 0.146247
vt 0.967617 0.146270
vt 0.721567 0.972168
vt 0.721901 0.974449
vt 0.722646 0.976206
vt 0.723549 0.977117
vt 0.718820 0.986031
vt 0.785779 0.976829
vt 0.789329 0.986175
vt 0.786370 0.976471
vt 0.791299 0.984982
vt 0.786574 0.976333
vt 0.792625 0.983616
vt 0.786430 0.976968
vt 0.793113 0.982433
vt 0.633411 0.652872
vt 0.633602 0.652867
vt 0.633602 0.662955
vt 0.634160 0.652855
vt 0.634160 0.662943
vt 0.634372 0.662939
vt 0.217774 0.983072
vt 0.213880 0.992273
vt 0.219699 0.984343
vt 0.214458 0.992655
vt 0.220974 0.985764
vt 0.214656 0.992801
vt 0.633654 0.552335
vt 0.632795 0.544670
vt 0.634422 0.545034
vt 0.632795 0.552140
vt 0.223626 0.976891
vt 0.227455 0.979419
vt 0.230254 0.982643
vt 0.231496 0.986462
vt 0.221418 0.986970
vt 0.666097 0.968096
vt 0.658963 0.960961
vt 0.658963 0.950870
vt 0.666097 0.943735
vt 0.676185 0.943735
vt 0.683319 0.950870
vt 0.683319 0.960961
vt 0.676185 0.968096
vt 0.973824 0.646664
vt 0.982725 0.641925
vt 0.985488 0.649312
vt 0.975672 0.651652
vt 0.963386 0.258166
vt 0.970020 0.261488
vt 0.967439 0.268940
vt 0.960805 0.265618
vt 0.979035 0.266002
vt 0.977310 0.271033
vt 0.336605 0.974684
vt 0.343469 0.975041
vt 0.343643 0.976722
vt 0.337044 0.979986
vt 0.353540 0.975564
vt 0.353526 0.974684
vt 0.411967 0.986103
vt 0.404998 0.978815
vt 0.406384 0.977849
vt 0.411291 0.986667
vt 0.967764 0.649890
vt 0.968318 0.651486
vt 0.986297 0.656106
vt 0.976240 0.656529
vt 0.985645 0.662114
vt 0.975758 0.660974
vt 0.983528 0.667371
vt 0.974250 0.664760
vt 0.972285 0.667371
vt 0.974686 0.674506
vt 0.966834 0.674506
vt 0.966991 0.667371
vt 0.966792 0.275748
vt 0.960158 0.272426
vt 0.986246 0.674506
vt 0.986246 0.684597
vt 0.981142 0.684597
vt 0.981142 0.674506
vt 0.974686 0.684597
vt 0.966834 0.684597
vt 0.976859 0.275920
vt 0.977443 0.280347
vt 0.967583 0.281732
vt 0.979035 0.284089
vt 0.969816 0.286927
vt 0.972285 0.691732
vt 0.966991 0.691732
vt 0.344356 0.978780
vt 0.338597 0.984644
vt 0.345523 0.980702
vt 0.340919 0.988467
vt 0.346834 0.981974
vt 0.343892 0.991259
vt 0.347948 0.982415
vt 0.347425 0.992492
vt 0.353645 0.974904
vt 0.353995 0.975482
vt 0.354130 0.975679
vt 0.634402 0.605734
vt 0.633551 0.613313
vt 0.634402 0.613096
vt 0.632795 0.606143
vt 0.754726 0.514683
vt 0.754726 0.504592
vt 0.754912 0.504592
vt 0.754912 0.514683
vt 0.755458 0.504592
vt 0.755458 0.514683
vt 0.755665 0.504592
vt 0.755665 0.514683
vt 0.408407 0.977044
vt 0.411535 0.986613
vt 0.410622 0.976671
vt 0.412201 0.986501
vt 0.412438 0.976830
vt 0.412438 0.986473
vt 0.633646 0.605734
vt 0.632795 0.598154
vt 0.634402 0.598563
vt 0.632795 0.605517
vt 0.968545 0.653652
vt 0.968303 0.655886
vt 0.967656 0.657593
vt 0.971576 0.667371
vt 0.966834 0.658463
vt 0.810691 0.959096
vt 0.817825 0.951960
vt 0.827913 0.951960
vt 0.835046 0.959096
vt 0.835046 0.969186
vt 0.827913 0.976322
vt 0.817825 0.976322
vt 0.810691 0.969186
vt 0.986089 0.691732
vt 0.986246 0.698867
vt 0.978396 0.698867
vt 0.980796 0.691732
vt 0.986246 0.708958
vt 0.978396 0.708958
vt 0.986089 0.716093
vt 0.980796 0.716093
vt 0.376252 0.992490
vt 0.375727 0.982413
vt 0.376843 0.981972
vt 0.379784 0.991257
vt 0.634404 0.583405
vt 0.632795 0.590359
vt 0.633644 0.590575
vt 0.632795 0.582996
vt 0.634404 0.597938
vt 0.632795 0.590985
vt 0.634404 0.590575
vt 0.633555 0.598154
vt 0.179124 0.976947
vt 0.174381 0.985853
vt 0.171708 0.983243
vt 0.178302 0.976075
vt 0.162430 0.985853
vt 0.160313 0.980598
vt 0.170200 0.979458
vt 0.159660 0.974591
vt 0.169717 0.975013
vt 0.160468 0.967796
vt 0.170284 0.970136
vt 0.163232 0.960408
vt 0.172133 0.965148
vt 0.971940 0.708958
vt 0.971940 0.698867
vt 0.966834 0.708958
vt 0.966834 0.698867
vt 0.702196 0.957997
vt 0.695562 0.961320
vt 0.694915 0.954511
vt 0.701549 0.951189
vt 0.692333 0.947058
vt 0.698967 0.943735
vt 0.692538 0.972497
vt 0.683319 0.969660
vt 0.684911 0.965919
vt 0.694771 0.967304
vt 0.685496 0.961492
vt 0.685045 0.956605
vt 0.683319 0.951573
vt 0.378153 0.980700
vt 0.382757 0.988467
vt 0.379321 0.978779
vt 0.385080 0.984645
vt 0.380034 0.976721
vt 0.386633 0.979986
vt 0.380208 0.975042
vt 0.387072 0.974684
vt 0.369546 0.975678
vt 0.369682 0.975480
vt 0.370033 0.974903
vt 0.370151 0.974684
vt 0.370137 0.975567
vt 0.754187 0.417280
vt 0.754187 0.407190
vt 0.754396 0.407190
vt 0.754396 0.417280
vt 0.754942 0.407190
vt 0.754942 0.417280
vt 0.755128 0.407190
vt 0.755128 0.417280
vt 0.107002 0.986685
vt 0.107002 0.977042
vt 0.108818 0.976882
vt 0.107240 0.986712
vt 0.111032 0.977255
vt 0.107905 0.986824
vt 0.113055 0.978060
vt 0.108148 0.986877
vt 0.114439 0.979025
vt 0.107470 0.986311
vt 0.177655 0.974369
vt 0.177412 0.972134
vt 0.177638 0.969969
vt 0.178192 0.968375
vt 0.979710 0.243612
vt 0.974470 0.236477
vt 0.974470 0.226387
vt 0.979710 0.219251
vt 0.987119 0.219251
vt 0.992359 0.226386
vt 0.992359 0.236477
vt 0.987119 0.243612
s 0
g piping1_
usemtl blue
f 860/1618/381 862/1619/381 864/1620/381 866/1621/381 868/1622/381 870/1623/381 872/1624/381 874/1625/381
f 861/1630/383 875/1631/383 873/1632/383 871/1633/383 869/1634/383 867/1635/383 865/1636/383 863/1637/383
f 924/1779/382 926/1780/382 928/1781/382 930/1782/382 932/1783/382 934/1784/382 936/1785/382 938/1786/382
f 941/1808/377 955/1809/377 953/1810/377 951/1811/377 949/1812/377 947/1813/377 945/1814/377 943/1815/377
f 957/1856/377 971/1857/377 969/1858/377 967/1859/377 965/1860/377 963/1861/377 961/1862/377 959/1863/377
f 972/1886/379 986/1887/379 984/1888/379 982/1889/379 980/1890/379 978/1891/379 976/1892/379 974/1893/379
f 1004/1969/382 1006/1970/382 1008/1971/382 1010/1972/382 1012/1973/382 1014/1974/382 1016/1975/382 1018/1976/382
f 1020/1995/379 1022/1996/379 1024/1997/379 1026/1998/379 1028/1999/379 1030/2000/379 1032/2001/379 1034/2002/379
g piping1_blue
usemtl blue
f 828/1518/374 830/1519/374 831/1520/374 829/1521/374
f 830/1522/375 832/1523/375 833/1524/375 831/1525/375
f 832/1526/376 834/1527/376 835/1528/376 833/1529/376
f 834/1527/377 836/1530/377 837/1531/377 835/1528/377
f 836/1530/378 838/1532/378 839/1533/378 837/1531/378
f 838/1534/379 840/1535/379 841/1536/379 839/1537/379
f 840/1538/380 842/1539/380 843/1540/380 841/1541/380
f 829/1542/381 831/1543/381 833/1544/381 835/1545/381 837/1546/381 839/1547/381 841/1548/381 843/1549/381
f 842/1539/382 828/1518/382 829/1521/382 843/1540/382
f 828/1550/383 842/1551/383 840/1552/383 838/1553/383 836/1554/383 834/1555/383 832/1556/383 830/1557/383
f 844/1558/384 846/1559/384 847/1560/384 845/1561/384
f 846/1559/382 848/1562/382 849/1563/382 847/1560/382
f 848/1562/385 850/1564/385 851/1565/385 849/1563/385
f 850/1566/383 852/1567/383 853/1568/383 851/1569/383
f 852/1570/386 854/1571/386 855/1572/386 853/1573/386
f 854/1571/377 856/1574/377 857/1575/377 855/1572/377
f 844/1576/379 858/1577/379 856/1578/379 854/1579/379 852/1580/379 850/1581/379 848/1582/379 846/1583/379
f 856/1574/387 858/1584/387 859/1585/387 857/1575/387
f 845/1586/375 847/1587/375 849/1588/375 851/1589/375 853/1590/375 855/1591/375 857/1592/375 859/1593/375
f 858/1594/381 844/1595/381 845/1596/381 859/1597/381
f 863/1598/376 862/1599/376 860/1600/376 861/1601/376
f 865/1602/377 864/1603/377 862/1599/377 863/1598/377
f 867/1604/378 866/1605/378 864/1603/378 865/1602/378
f 869/1606/379 868/1607/379 866/1608/379 867/1609/379
f 871/1610/380 870/1611/380 868/1612/380 869/1613/380
f 873/1614/382 872/1615/382 870/1611/382 871/1610/382
f 875/1616/374 874/1617/374 872/1615/374 873/1614/374
f 861/1626/375 860/1627/375 874/1628/375 875/1629/375
f 879/1638/388 878/1639/388 876/1640/388 877/1641/388
f 881/1642/379 880/1643/379 878/1639/379 879/1638/379
f 883/1644/389 882/1645/389 880/1646/389 881/1647/389
f 885/1648/383 884/1649/383 882/1645/383 883/1644/383
f 887/1650/390 886/1651/390 884/1652/390 885/1653/390
f 889/1654/375 888/1655/375 886/1651/375 887/1650/375
f 891/1656/391 890/1657/391 888/1658/391 889/1659/391
f 877/1660/377 891/1661/377 889/1662/377 887/1663/377 885/1664/377 883/1665/377 881/1666/377 879/1667/377
f 877/1668/381 876/1669/381 890/1657/381 891/1656/381
f 876/1670/382 878/1671/382 880/1672/382 882/1673/382 884/1674/382 886/1675/382 888/1676/382 890/1677/382
f 892/1678/374 894/1679/374 895/1680/374 893/1681/374
f 894/1682/375 896/1683/375 897/1684/375 895/1685/375
f 896/1686/376 898/1687/376 899/1688/376 897/1689/376
f 898/1687/377 900/1690/377 901/1691/377 899/1688/377
f 900/1690/378 902/1692/378 903/1693/378 901/1691/378
f 902/1694/379 904/1534/379 905/1695/379 903/1696/379
f 904/1697/380 906/1698/380 907/1699/380 905/1700/380
f 893/1701/381 895/1702/381 897/1703/381 899/1704/381 901/1705/381 903/1706/381 905/1707/381 907/1708/381
f 906/1698/382 892/1678/382 893/1681/382 907/1699/382
f 892/1709/383 906/1710/383 904/1711/383 902/1712/383 900/1713/383 898/1714/383 896/1715/383 894/1716/383
f 908/1717/384 910/1718/384 911/1719/384 909/1720/384
f 910/1718/382 912/1721/382 913/1722/382 911/1719/382
f 912/1721/385 914/1723/385 915/1724/385 913/1722/385
f 914/1725/383 916/1726/383 917/1727/383 915/1728/383
f 916/1729/386 918/1730/386 919/1731/386 917/1732/386
f 918/1730/377 920/1733/377 921/1734/377 919/1731/377
f 920/1733/387 922/1724/387 923/1723/387 921/1734/387
f 922/1735/381 908/1736/381 909/1737/381 923/1738/381
f 909/1739/375 911/1740/375 913/1741/375 915/1742/375 917/1743/375 919/1744/375 921/1745/375 923/1746/375
f 927/1747/388 926/1748/388 924/1749/388 925/1750/388
f 929/1751/379 928/1752/379 926/1748/379 927/1747/379
f 931/1753/389 930/1754/389 928/1755/389 929/1756/389
f 933/1757/383 932/1758/383 930/1754/383 931/1753/383
f 935/1759/390 934/1760/390 932/1761/390 933/1762/390
f 937/1763/375 936/1764/375 934/1760/375 935/1759/375
f 939/1765/391 938/1766/391 936/1767/391 937/1768/391
f 925/1769/377 939/1770/377 937/1771/377 935/1772/377 933/1773/377 931/1774/377 929/1775/377 927/1776/377
f 925/1777/381 924/1778/381 938/1766/381 939/1765/381
f 943/1787/388 942/1788/388 940/1789/388 941/1790/388
f 945/1791/379 944/1792/379 942/1788/379 943/1787/379
f 947/1793/389 946/1794/389 944/1795/389 945/1796/389
f 949/1797/383 948/1798/383 946/1794/383 947/1793/383
f 951/1799/390 950/1800/390 948/1801/390 949/1802/390
f 953/1803/375 952/1652/375 950/1800/375 951/1799/375
f 955/1804/391 954/1805/391 952/1806/391 953/1807/391
f 941/1816/381 940/1817/381 954/1805/381 955/1804/381
f 940/1818/382 942/1819/382 944/1820/382 946/1821/382 948/1822/382 950/1823/382 952/1824/382 954/1825/382
f 959/1826/388 958/1827/388 956/1828/388 957/1829/388
f 961/1830/379 960/1831/379 958/1827/379 959/1826/379
f 963/1832/389 962/1833/389 960/1834/389 961/1835/389
f 965/1836/383 964/1837/383 962/1833/383 963/1832/383
f 967/1838/390 966/1839/390 964/1840/390 965/1841/390
f 969/1842/375 968/1843/375 966/1839/375 967/1838/375
f 956/1844/382 958/1845/382 960/1846/382 962/1847/382 964/1848/382 966/1849/382 968/1850/382 970/1851/382
f 971/1852/391 970/1853/391 968/1854/391 969/1855/391
f 957/1864/381 956/1865/381 970/1853/381 971/1852/381
f 972/1866/384 974/1867/384 975/1868/384 973/1869/384
f 974/1867/382 976/1870/382 977/1871/382 975/1868/382
f 976/1870/385 978/1872/385 979/1873/385 977/1871/385
f 978/1874/383 980/1875/383 981/1876/383 979/1877/383
f 980/1878/386 982/1879/386 983/1880/386 981/1881/386
f 982/1879/377 984/1882/377 985/1883/377 983/1880/377
f 984/1882/387 986/1884/387 987/1885/387 985/1883/387
f 986/1894/381 972/1895/381 973/1896/381 987/1897/381
f 991/1898/387 990/1899/387 988/1900/387 989/1901/387
f 993/1902/377 992/1903/377 990/1899/377 991/1898/377
f 995/1904/386 994/1905/386 992/1903/386 993/1902/386
f 997/1906/383 996/1907/383 994/1908/383 995/1909/383
f 999/1910/385 998/1911/385 996/1912/385 997/1913/385
f 1001/1914/382 1000/1915/382 998/1911/382 999/1910/382
f 1003/1916/384 1002/1917/384 1000/1915/384 1001/1914/384
f 989/1918/375 1003/1919/375 1001/1920/375 999/1921/375 997/1922/375 995/1923/375 993/1924/375 991/1925/375
f 989/1926/381 988/1927/381 1002/1928/381 1003/1929/381
f 988/1930/379 990/1931/379 992/1932/379 994/1933/379 996/1934/379 998/1935/379 1000/1936/379 1002/1937/379
f 1007/1938/388 1006/1939/388 1004/1940/388 1005/1941/388
f 1009/1942/379 1008/1943/379 1006/1939/379 1007/1938/379
f 1011/1944/389 1010/1945/389 1008/1946/389 1009/1947/389
f 1013/1948/383 1012/1949/383 1010/1945/383 1011/1944/383
f 1015/1950/390 1014/1951/390 1012/1943/390 1013/1952/390
f 1017/1953/375 1016/1954/375 1014/1951/375 1015/1950/375
f 1019/1955/391 1018/1956/391 1016/1957/391 1017/1958/391
f 1005/1959/377 1019/1960/377 1017/1961/377 1015/1962/377 1013/1963/377 1011/1964/377 1009/1965/377 1007/1966/377
f 1005/1967/381 1004/1968/381 1018/1956/381 1019/1955/381
f 1023/1977/387 1022/1978/387 1020/1979/387 1021/1980/387
f 1025/1981/377 1024/1982/377 1022/1978/377 1023/1977/377
f 1027/1983/386 1026/1984/386 1024/1982/386 1025/1981/386
f 1029/1985/383 1028/1986/383 1026/1987/383 1027/1988/383
f 1031/1989/385 1030/1990/385 1028/1991/385 1029/1992/385
f 1033/1993/382 1032/1994/382 1030/1990/382 1031/1989/382
f 1035/2003/384 1034/2004/384 1032/1994/384 1033/1993/384
f 1021/2005/375 1035/2006/375 1033/2007/375 1031/2008/375 1029/2009/375 1027/2010/375 1025/2011/375 1023/2012/375
f 1021/2013/381 1020/2014/381 1034/2015/381 1035/2016/381
f 1051/2017/392 1050/2018/392 1059/2019/392 1052/2020/392
f 1050/2021/393 1049/2022/393 1063/2023/393 1059/2024/393
f 1049/2025/394 1048/2026/394 1067/2027/394 1063/2028/394
f 1048/2026/382 1047/2029/382 1071/2030/382 1067/2027/382
f 1047/2029/395 1046/2031/395 1075/2032/395 1071/2030/395
f 1044/2033/396 1045/2034/396 1083/2035/396 1079/2036/396
f 1045/2034/377 1051/2017/377 1052/2020/377 1083/2035/377
f 1052/2020/397 1059/2019/397 1058/2037/397 1053/2038/397
f 1053/2039/398 1058/2040/398 1057/2041/398 1054/2042/398
f 1054/2042/399 1057/2041/399 1056/2043/399 1055/2044/399
f 1055/2045/400 1056/2046/400 1042/2047/400 1043/2048/400
f 1059/2024/401 1063/2023/401 1062/2049/401 1058/2040/401
f 1058/2040/402 1062/2049/402 1061/2050/402 1057/2041/402
f 1057/2041/403 1061/2050/403 1060/2051/403 1056/2043/403
f 1056/2043/404 1060/2051/404 1041/2052/404 1042/2053/404
f 1063/2028/405 1067/2027/405 1066/2054/405 1062/2055/405
f 1062/2049/406 1066/2056/406 1065/2057/406 1061/2050/406
f 1061/2050/407 1065/2057/407 1064/2058/407 1060/2051/407
f 1060/2059/408 1064/2060/408 1040/2061/408 1041/2062/408
f 1067/2027/382 1071/2030/382 1070/2063/382 1066/2054/382
f 1066/2054/382 1070/2063/382 1069/2064/382 1065/2065/382
f 1065/2065/382 1069/2064/382 1068/2066/382 1064/2060/382
f 1064/2060/382 1068/2066/382 1039/2067/382 1040/2061/382
f 1071/2030/409 1075/2032/409 1074/2068/409 1070/2063/409
f 1070/2063/410 1074/2068/410 1073/2069/410 1069/2064/410
f 1069/2064/411 1073/2069/411 1072/2070/411 1068/2066/411
f 1068/2066/412 1072/2070/412 1038/2071/412 1039/2067/412
f 1075/2072/413 1079/2073/413 1078/2074/413 1074/2075/413
f 1074/2075/414 1078/2074/414 1077/2076/414 1073/2077/414
f 1073/2077/415 1077/2076/415 1076/2078/415 1072/2079/415
f 1079/2036/416 1083/2035/416 1082/2080/416 1078/2081/416
f 1078/2081/417 1082/2080/417 1081/2082/417 1077/2083/417
f 1077/2083/418 1081/2082/418 1080/2084/418 1076/2085/418
f 1076/2085/419 1080/2084/419 1036/2086/419 1037/2087/419
f 1083/2035/377 1052/2020/377 1053/2038/377 1082/2080/377
f 1082/2080/377 1053/2038/377 1054/2088/377 1081/2082/377
f 1081/2082/377 1054/2088/377 1055/2045/377 1080/2084/377
f 1080/2084/377 1055/2045/377 1043/2048/377 1036/2086/377
f 1050/2089/381 1051/2090/381 1045/2091/381 1044/2092/381 1046/2093/381 1047/2094/381 1048/2095/381 1049/2096/381
f 1099/2097/420 1098/2098/420 1107/2099/420 1100/2100/420
f 1098/2101/421 1097/2102/421 1111/2103/421 1107/2104/421
f 1097/2102/422 1096/2105/422 1115/2106/422 1111/2103/422
f 1096/2107/383 1095/2108/383 1119/2109/383 1115/2110/383
f 1095/2108/423 1094/2111/423 1123/2112/423 1119/2109/423
f 1092/2113/424 1093/2114/424 1131/2115/424 1127/2116/424
f 1093/2117/381 1099/2097/381 1100/2100/381 1131/2118/381
f 1100/2100/425 1107/2099/425 1106/2119/425 1101/2120/425
f 1101/2120/426 1106/2119/426 1105/2121/426 1102/2122/426
f 1102/2122/427 1105/2121/427 1104/2123/427 1103/2124/427
f 1103/2125/428 1104/2126/428 1090/2127/428 1091/2128/428
f 1107/2104/429 1111/2103/429 1110/2129/429 1106/2130/429
f 1106/2131/430 1110/2132/430 1109/2133/430 1105/2134/430
f 1105/2134/431 1109/2133/431 1108/2135/431 1104/2126/431
f 1104/2126/432 1108/2135/432 1089/2136/432 1090/2127/432
f 1111/2103/433 1115/2106/433 1114/2137/433 1110/2129/433
f 1110/2129/434 1114/2137/434 1113/2138/434 1109/2139/434
f 1109/2139/435 1113/2138/435 1112/2140/435 1108/2141/435
f 1108/2135/436 1112/2142/436 1088/2143/436 1089/2136/436
f 1115/2110/383 1119/2109/383 1118/2144/383 1114/2145/383
f 1114/2145/383 1118/2144/383 1117/2146/383 1113/2147/383
f 1113/2147/383 1117/2146/383 1116/2148/383 1112/2149/383
f 1112/2149/383 1116/2148/383 1087/2150/383 1088/2151/383
f 1119/2109/437 1123/2112/437 1122/2152/437 1118/2144/437
f 1118/2144/438 1122/2152/438 1121/2153/438 1117/2146/438
f 1117/2146/439 1121/2153/439 1120/2154/439 1116/2148/439
f 1116/2148/440 1120/2154/440 1086/2155/440 1087/2150/440
f 1123/2156/441 1127/2157/441 1126/2158/441 1122/2159/441
f 1122/2159/442 1126/2158/442 1125/2160/442 1121/2161/442
f 1121/2161/443 1125/2160/443 1124/2162/443 1120/2163/443
f 1127/2116/444 1131/2115/444 1130/2164/444 1126/2165/444
f 1126/2165/445 1130/2164/445 1129/2166/445 1125/2167/445
f 1125/2167/446 1129/2166/446 1128/2168/446 1124/2169/446
f 1124/2170/447 1128/2171/447 1084/2172/447 1085/2173/447
f 1131/2118/381 1100/2100/381 1101/2120/381 1130/2174/381
f 1130/2174/381 1101/2120/381 1102/2122/381 1129/2175/381
f 1129/2175/381 1102/2122/381 1103/2124/381 1128/2176/381
f 1128/2176/381 1103/2124/381 1091/2177/381 1084/2178/381
f 1098/2179/382 1099/2180/382 1093/2181/382 1092/2182/382 1094/2183/382 1095/2184/382 1096/2185/382 1097/2186/382
f 1147/2187/420 1146/2188/420 1155/2189/420 1148/2190/420
f 1146/2191/421 1145/2192/421 1159/2193/421 1155/2194/421
f 1145/2192/448 1144/2195/448 1163/2196/448 1159/2193/448
f 1144/2197/383 1143/2198/383 1167/2199/383 1163/2200/383
f 1143/2198/449 1142/2201/449 1171/2202/449 1167/2199/449
f 1140/2203/450 1141/2204/450 1179/2205/450 1175/2206/450
f 1141/2207/381 1147/2187/381 1148/2190/381 1179/2208/381
f 1148/2190/425 1155/2189/425 1154/2209/425 1149/2210/425
f 1149/2210/426 1154/2209/426 1153/2211/426 1150/2212/426
f 1150/2212/451 1153/2211/451 1152/2213/451 1151/2214/451
f 1151/2215/428 1152/2216/428 1138/2217/428 1139/2218/428
f 1155/2194/429 1159/2193/429 1158/2219/429 1154/2220/429
f 1154/2221/430 1158/2222/430 1157/2223/430 1153/2224/430
f 1153/2224/452 1157/2223/452 1156/2225/452 1152/2216/452
f 1152/2216/432 1156/2225/432 1137/2226/432 1138/2217/432
f 1159/2193/433 1163/2196/433 1162/2227/433 1158/2219/433
f 1158/2219/453 1162/2227/453 1161/2228/453 1157/2229/453
f 1157/2229/454 1161/2228/454 1160/2230/454 1156/2231/454
f 1156/2225/436 1160/2232/436 1136/2233/436 1137/2226/436
f 1163/2200/383 1167/2199/383 1166/2234/383 1162/2235/383
f 1162/2235/383 1166/2234/383 1165/2236/383 1161/2237/383
f 1161/2237/383 1165/2236/383 1164/2238/383 1160/2239/383
f 1160/2239/383 1164/2238/383 1135/2240/383 1136/2241/383
f 1167/2199/455 1171/2202/455 1170/2242/455 1166/2234/455
f 1166/2234/438 1170/2242/438 1169/2243/438 1165/2236/438
f 1165/2236/439 1169/2243/439 1168/2244/439 1164/2238/439
f 1164/2238/456 1168/2244/456 1134/2245/456 1135/2240/456
f 1171/2246/457 1175/2247/457 1174/2248/457 1170/2249/457
f 1170/2249/458 1174/2248/458 1173/2250/458 1169/2251/458
f 1169/2251/459 1173/2250/459 1172/2252/459 1168/2253/459
f 1175/2206/444 1179/2205/444 1178/2254/444 1174/2255/444
f 1174/2255/445 1178/2254/445 1177/2256/445 1173/2257/445
f 1173/2257/446 1177/2256/446 1176/2258/446 1172/2259/446
f 1172/2260/460 1176/2261/460 1132/2262/460 1133/2263/460
f 1179/2208/381 1148/2190/381 1149/2210/381 1178/2264/381
f 1178/2264/381 1149/2210/381 1150/2212/381 1177/2265/381
f 1177/2265/381 1150/2212/381 1151/2214/381 1176/2266/381
f 1176/2266/381 1151/2214/381 1139/2267/381 1132/2268/381
f 1146/2269/382 1147/2270/382 1141/2271/382 1140/2272/382 1142/2273/382 1143/2274/382 1144/2275/382 1145/2276/382
f 1195/2277/461 1194/2278/461 1203/2279/461 1196/2280/461
f 1194/2278/462 1193/2281/462 1207/2282/462 1203/2279/462
f 1193/2281/463 1192/2283/463 1211/2284/463 1207/2282/463
f 1192/2285/383 1191/2286/383 1215/2287/383 1211/2288/383
f 1191/2289/464 1190/2290/464 1219/2291/464 1215/2292/464
f 1188/2293/465 1189/2294/465 1227/2295/465 1223/2296/465
f 1189/2297/381 1195/2298/381 1196/2299/381 1227/2300/381
f 1196/2301/466 1203/2302/466 1202/2303/466 1197/2304/466
f 1197/2304/467 1202/2303/467 1201/2305/467 1198/2306/467
f 1198/2306/468 1201/2305/468 1200/2307/468 1199/2308/468
f 1199/2308/469 1200/2307/469 1186/2309/469 1187/2310/469
f 1203/2279/470 1207/2282/470 1206/2311/470 1202/2312/470
f 1202/2312/471 1206/2311/471 1205/2313/471 1201/2314/471
f 1201/2305/472 1205/2315/472 1204/2316/472 1200/2307/472
f 1200/2307/473 1204/2316/473 1185/2317/473 1186/2309/473
f 1207/2318/474 1211/2288/474 1210/2319/474 1206/2320/474
f 1206/2320/475 1210/2319/475 1209/2321/475 1205/2322/475
f 1205/2322/476 1209/2321/476 1208/2323/476 1204/2324/476
f 1204/2324/477 1208/2323/477 1184/2325/477 1185/2326/477
f 1211/2288/383 1215/2287/383 1214/2327/383 1210/2319/383
f 1210/2319/383 1214/2327/383 1213/2328/383 1209/2321/383
f 1209/2321/383 1213/2328/383 1212/2329/383 1208/2323/383
f 1208/2323/383 1212/2329/383 1183/2330/383 1184/2325/383
f 1215/2292/478 1219/2291/478 1218/2331/478 1214/2332/478
f 1214/2332/479 1218/2331/479 1217/2333/479 1213/2334/479
f 1213/2334/480 1217/2333/480 1216/2335/480 1212/2336/480
f 1212/2336/481 1216/2335/481 1182/2337/481 1183/2338/481
f 1219/2339/482 1223/2340/482 1222/2341/482 1218/2342/482
f 1218/2342/483 1222/2341/483 1221/2343/483 1217/2344/483
f 1217/2344/484 1221/2343/484 1220/2345/484 1216/2346/484
f 1223/2347/485 1227/2300/485 1226/2348/485 1222/2349/485
f 1222/2349/486 1226/2348/486 1225/2350/486 1221/2351/486
f 1221/2351/487 1225/2350/487 1224/2352/487 1220/2353/487
f 1220/2353/488 1224/2352/488 1180/2354/488 1181/2355/488
f 1227/2300/381 1196/2299/381 1197/2356/381 1226/2348/381
f 1226/2348/381 1197/2356/381 1198/2357/381 1225/2350/381
f 1225/2350/381 1198/2357/381 1199/2358/381 1224/2352/381
f 1224/2352/381 1199/2358/381 1187/2359/381 1180/2354/381
f 1194/2360/375 1195/2361/375 1189/2362/375 1188/2363/375 1190/2290/375 1191/2289/375 1192/2364/375 1193/2365/375
f 1243/2366/489 1242/2367/489 1251/2368/489 1244/2369/489
f 1242/2370/490 1241/2371/490 1255/2372/490 1251/2373/490
f 1241/2371/491 1240/2374/491 1259/2375/491 1255/2372/491
f 1240/2376/381 1239/2377/381 1263/2378/381 1259/2379/381
f 1239/2377/492 1238/2380/492 1267/2381/492 1263/2378/492
f 1236/2382/493 1237/2383/493 1275/2384/493 1271/2385/493
f 1237/2386/383 1243/2366/383 1244/2369/383 1275/2387/383
f 1244/2369/494 1251/2368/494 1250/2388/494 1245/2389/494
f 1245/2389/495 1250/2388/495 1249/2390/495 1246/2391/495
f 1246/2391/496 1249/2390/496 1248/2392/496 1247/2393/496
f 1247/2394/497 1248/2395/497 1234/2396/497 1235/2397/497
f 1251/2373/498 1255/2372/498 1254/2398/498 1250/2399/498
f 1250/2400/499 1254/2401/499 1253/2402/499 1249/2403/499
f 1249/2403/500 1253/2402/500 1252/2404/500 1248/2395/500
f 1248/2395/501 1252/2404/501 1233/2405/501 1234/2396/501
f 1255/2372/502 1259/2375/502 1258/2406/502 1254/2398/502
f 1254/2398/503 1258/2406/503 1257/2407/503 1253/2408/503
f 1253/2408/504 1257/2407/504 1256/2409/504 1252/2410/504
f 1252/2404/505 1256/2411/505 1232/2412/505 1233/2405/505
f 1259/2379/381 1263/2378/381 1262/2413/381 1258/2414/381
f 1258/2414/381 1262/2413/381 1261/2415/381 1257/2416/381
f 1257/2416/381 1261/2415/381 1260/2417/381 1256/2418/381
f 1256/2418/381 1260/2417/381 1231/2419/381 1232/2420/381
f 1263/2378/506 1267/2381/506 1266/2421/506 1262/2413/506
f 1262/2413/507 1266/2421/507 1265/2422/507 1261/2415/507
f 1261/2415/508 1265/2422/508 1264/2423/508 1260/2417/508
f 1260/2424/509 1264/2425/509 1230/2426/509 1231/2427/509
f 1267/2428/510 1271/2429/510 1270/2430/510 1266/2431/510
f 1266/2431/511 1270/2430/511 1269/2432/511 1265/2433/511
f 1265/2433/512 1269/2432/512 1268/2434/512 1264/2435/512
f 1271/2385/513 1275/2384/513 1274/2436/513 1270/2437/513
f 1270/2437/514 1274/2436/514 1273/2438/514 1269/2439/514
f 1269/2439/515 1273/2438/515 1272/2440/515 1268/2441/515
f 1268/2441/516 1272/2440/516 1228/2442/516 1229/2443/516
f 1275/2387/383 1244/2369/383 1245/2389/383 1274/2444/383
f 1274/2444/383 1245/2389/383 1246/2391/383 1273/2445/383
f 1273/2445/383 1246/2391/383 1247/2393/383 1272/2446/383
f 1272/2446/383 1247/2393/383 1235/2447/383 1228/2448/383
f 1242/2449/382 1243/2450/382 1237/2451/382 1236/2452/382 1238/2453/382 1239/2454/382 1240/2455/382 1241/2456/382
f 1291/2457/517 1290/2458/517 1299/2459/517 1292/2460/517
f 1290/2458/518 1289/2461/518 1303/2462/518 1299/2459/518
f 1289/2463/519 1288/2464/519 1307/2465/519 1303/2466/519
f 1288/2464/381 1287/2467/381 1311/2468/381 1307/2465/381
f 1287/2469/520 1286/2470/520 1315/2471/520 1311/2472/520
f 1284/2473/521 1285/2474/521 1323/2475/521 1319/2476/521
f 1285/2474/383 1291/2477/383 1292/2478/383 1323/2475/383
f 1292/2460/522 1299/2459/522 1298/2479/522 1293/2480/522
f 1293/2480/514 1298/2479/514 1297/2481/514 1294/2482/514
f 1294/2482/523 1297/2481/523 1296/2483/523 1295/2484/523
f 1295/2485/524 1296/2486/524 1282/2487/524 1283/2488/524
f 1299/2459/525 1303/2462/525 1302/2489/525 1298/2479/525
f 1298/2490/511 1302/2491/511 1301/2492/511 1297/2493/511
f 1297/2493/526 1301/2492/526 1300/2494/526 1296/2486/526
f 1296/2486/527 1300/2494/527 1281/2495/527 1282/2487/527
f 1303/2466/528 1307/2465/528 1306/2496/528 1302/2497/528
f 1302/2497/507 1306/2496/507 1305/2498/507 1301/2499/507
f 1301/2499/529 1305/2498/529 1304/2500/529 1300/2501/529
f 1300/2494/530 1304/2502/530 1280/2503/530 1281/2495/530
f 1307/2465/381 1311/2468/381 1310/2504/381 1306/2496/381
f 1306/2496/381 1310/2504/381 1309/2505/381 1305/2498/381
f 1305/2498/381 1309/2505/381 1308/2506/381 1304/2500/381
f 1304/2500/381 1308/2506/381 1279/2507/381 1280/2508/381
f 1311/2472/531 1315/2471/531 1314/2509/531 1310/2510/531
f 1310/2510/503 1314/2509/503 1313/2511/503 1309/2512/503
f 1309/2512/532 1313/2511/532 1312/2513/532 1308/2514/532
f 1308/2515/533 1312/2516/533 1278/2517/533 1279/2518/533
f 1315/2519/534 1319/2520/534 1318/2521/534 1314/2522/534
f 1314/2522/535 1318/2521/535 1317/2523/535 1313/2524/535
f 1313/2524/536 1317/2523/536 1316/2525/536 1312/2526/536
f 1319/2476/537 1323/2475/537 1322/2527/537 1318/2528/537
f 1318/2528/495 1322/2527/495 1321/2529/495 1317/2530/495
f 1317/2530/538 1321/2529/538 1320/2531/538 1316/2532/538
f 1316/2532/539 1320/2531/539 1276/2533/539 1277/2534/539
f 1323/2475/383 1292/2478/383 1293/2535/383 1322/2527/383
f 1322/2527/383 1293/2535/383 1294/2536/383 1321/2529/383
f 1321/2529/383 1294/2536/383 1295/2537/383 1320/2531/383
f 1320/2531/383 1295/2537/383 1283/2538/383 1276/2533/383
f 1290/2539/377 1291/2540/377 1285/2541/377 1284/2542/377 1286/2543/377 1287/2544/377 1288/2545/377 1289/2546/377
f 1339/2547/540 1338/2548/540 1347/2549/540 1340/2550/540
f 1338/2548/541 1337/2551/541 1351/2552/541 1347/2549/541
f 1337/2553/542 1336/2554/542 1355/2555/542 1351/2556/542
f 1336/2554/383 1335/2557/383 1359/2558/383 1355/2555/383
f 1335/2559/543 1334/2560/543 1363/2561/543 1359/2562/543
f 1332/2563/544 1333/2564/544 1371/2565/544 1367/2566/544
f 1333/2564/381 1339/2567/381 1340/2568/381 1371/2565/381
f 1340/2550/545 1347/2549/545 1346/2569/545 1341/2570/545
f 1341/2570/445 1346/2569/445 1345/2571/445 1342/2572/445
f 1342/2572/546 1345/2571/546 1344/2573/546 1343/2574/546
f 1343/2575/547 1344/2576/547 1330/2577/547 1331/2578/547
f 1347/2549/548 1351/2552/548 1350/2579/548 1346/2569/548
f 1346/2580/442 1350/2581/442 1349/2582/442 1345/2583/442
f 1345/2583/549 1349/2582/549 1348/2584/549 1344/2576/549
f 1344/2576/550 1348/2584/550 1329/2585/550 1330/2577/550
f 1351/2556/551 1355/2555/551 1354/2586/551 1350/2587/551
f 1350/2587/438 1354/2586/438 1353/2588/438 1349/2589/438
f 1349/2589/552 1353/2588/552 1352/2590/552 1348/2591/552
f 1348/2584/553 1352/2592/553 1328/2593/553 1329/2585/553
f 1355/2555/383 1359/2558/383 1358/2594/383 1354/2586/383
f 1354/2586/383 1358/2594/383 1357/2595/383 1353/2588/383
f 1353/2588/383 1357/2595/383 1356/2596/383 1352/2590/383
f 1352/2590/383 1356/2596/383 1327/2597/383 1328/2598/383
f 1359/2562/554 1363/2561/554 1362/2599/554 1358/2600/554
f 1358/2600/434 1362/2599/434 1361/2601/434 1357/2602/434
f 1357/2602/555 1361/2601/555 1360/2603/555 1356/2604/555
f 1356/2604/556 1360/2603/556 1326/2605/556 1327/2606/556
f 1363/2607/557 1367/2608/557 1366/2609/557 1362/2610/557
f 1362/2610/430 1366/2609/430 1365/2611/430 1361/2612/430
f 1361/2612/558 1365/2611/558 1364/2613/558 1360/2614/558
f 1367/2566/559 1371/2565/559 1370/2615/559 1366/2616/559
f 1366/2616/426 1370/2615/426 1369/2617/426 1365/2618/426
f 1365/2618/560 1369/2617/560 1368/2619/560 1364/2620/560
f 1364/2621/561 1368/2622/561 1324/2623/561 1325/2624/561
f 1371/2565/381 1340/2568/381 1341/2625/381 1370/2615/381
f 1370/2615/381 1341/2625/381 1342/2626/381 1369/2617/381
f 1369/2617/381 1342/2626/381 1343/2627/381 1368/2619/381
f 1368/2619/381 1343/2627/381 1331/2628/381 1324/2629/381
f 1338/2630/377 1339/2631/377 1333/2632/377 1332/2633/377 1334/2634/377 1335/2635/377 1336/2636/377 1337/2637/377
f 1387/2638/517 1386/2639/517 1395/2640/517 1388/2641/517
f 1386/2639/518 1385/2642/518 1399/2643/518 1395/2640/518
f 1385/2644/519 1384/2645/519 1403/2646/519 1399/2647/519
f 1384/2645/381 1383/2648/381 1407/2649/381 1403/2646/381
f 1383/2650/562 1382/2651/562 1411/2652/562 1407/2653/562
f 1380/2654/563 1381/2655/563 1419/2656/563 1415/2657/563
f 1381/2655/383 1387/2658/383 1388/2659/383 1419/2656/383
f 1388/2641/564 1395/2640/564 1394/2660/564 1389/2661/564
f 1389/2661/514 1394/2660/514 1393/2662/514 1390/2663/514
f 1390/2663/523 1393/2662/523 1392/2664/523 1391/2665/523
f 1391/2666/524 1392/2667/524 1378/2668/524 1379/2669/524
f 1395/2640/525 1399/2643/525 1398/2670/525 1394/2660/525
f 1394/2671/511 1398/2672/511 1397/2673/511 1393/2674/511
f 1393/2674/526 1397/2673/526 1396/2675/526 1392/2667/526
f 1392/2667/527 1396/2675/527 1377/2676/527 1378/2668/527
f 1399/2647/565 1403/2646/565 1402/2677/565 1398/2678/565
f 1398/2678/507 1402/2677/507 1401/2679/507 1397/2680/507
f 1397/2680/529 1401/2679/529 1400/2681/529 1396/2682/529
f 1396/2675/530 1400/2683/530 1376/2684/530 1377/2676/530
f 1403/2646/381 1407/2649/381 1406/2685/381 1402/2677/381
f 1402/2677/381 1406/2685/381 1405/2686/381 1401/2679/381
f 1401/2679/381 1405/2686/381 1404/2687/381 1400/2681/381
f 1400/2681/381 1404/2687/381 1375/2688/381 1376/2689/381
f 1407/2653/566 1411/2652/566 1410/2690/566 1406/2691/566
f 1406/2691/503 1410/2690/503 1409/2692/503 1405/2693/503
f 1405/2693/532 1409/2692/532 1408/2694/532 1404/2695/532
f 1404/2696/533 1408/2697/533 1374/2698/533 1375/2699/533
f 1411/2700/567 1415/2701/567 1414/2702/567 1410/2703/567
f 1410/2703/499 1414/2702/499 1413/2704/499 1409/2705/499
f 1409/2705/568 1413/2704/568 1412/2706/568 1408/2707/568
f 1415/2657/537 1419/2656/537 1418/2708/537 1414/2709/537
f 1414/2709/495 1418/2708/495 1417/2710/495 1413/2711/495
f 1413/2711/569 1417/2710/569 1416/2712/569 1412/2713/569
f 1412/2713/570 1416/2712/570 1372/2714/570 1373/2715/570
f 1419/2656/383 1388/2659/383 1389/2716/383 1418/2708/383
f 1418/2708/383 1389/2716/383 1390/2717/383 1417/2710/383
f 1417/2710/383 1390/2717/383 1391/2718/383 1416/2712/383
f 1416/2712/383 1391/2718/383 1379/2719/383 1372/2714/383
f 1386/2720/377 1387/2721/377 1381/2722/377 1380/2723/377 1382/2724/377 1383/2725/377 1384/2726/377 1385/2727/377
f 1435/2728/540 1434/2729/540 1443/2730/540 1436/2731/540
f 1434/2729/541 1433/2732/541 1447/2733/541 1443/2730/541
f 1433/2734/571 1432/2735/571 1451/2736/571 1447/2737/571
f 1432/2735/383 1431/2738/383 1455/2739/383 1451/2736/383
f 1431/2740/543 1430/2741/543 1459/2742/543 1455/2743/543
f 1428/2744/544 1429/2745/544 1467/2746/544 1463/2747/544
f 1429/2745/381 1435/2748/381 1436/2749/381 1467/2746/381
f 1436/2731/545 1443/2730/545 1442/2750/545 1437/2751/545
f 1437/2751/445 1442/2750/445 1441/2752/445 1438/2753/445
f 1438/2753/572 1441/2752/572 1440/2754/572 1439/2755/572
f 1439/2756/547 1440/2757/547 1426/2758/547 1427/2759/547
f 1443/2730/548 1447/2733/548 1446/2760/548 1442/2750/548
f 1442/2761/442 1446/2762/442 1445/2763/442 1441/2764/442
f 1441/2764/573 1445/2763/573 1444/2765/573 1440/2757/573
f 1440/2757/550 1444/2765/550 1425/2766/550 1426/2758/550
f 1447/2737/551 1451/2736/551 1450/2767/551 1446/2768/551
f 1446/2768/438 1450/2767/438 1449/2769/438 1445/2770/438
f 1445/2770/574 1449/2769/574 1448/2771/574 1444/2772/574
f 1444/2765/553 1448/2773/553 1424/2774/553 1425/2766/553
f 1451/2736/383 1455/2739/383 1454/2775/383 1450/2767/383
f 1450/2767/383 1454/2775/383 1453/2776/383 1449/2769/383
f 1449/2769/383 1453/2776/383 1452/2777/383 1448/2771/383
f 1448/2771/383 1452/2777/383 1423/2778/383 1424/2779/383
f 1455/2743/554 1459/2742/554 1458/2780/554 1454/2781/554
f 1454/2781/434 1458/2780/434 1457/2782/434 1453/2783/434
f 1453/2783/575 1457/2782/575 1456/2784/575 1452/2785/575
f 1452/2785/576 1456/2784/576 1422/2786/576 1423/2787/576
f 1459/2707/577 1463/2788/577 1462/2789/577 1458/2790/577
f 1458/2790/578 1462/2789/578 1461/2791/578 1457/2792/578
f 1457/2792/579 1461/2791/579 1460/2429/579 1456/2793/579
f 1463/2747/580 1467/2746/580 1466/2794/580 1462/2795/580
f 1462/2795/426 1466/2794/426 1465/2796/426 1461/2797/426
f 1461/2797/581 1465/2796/581 1464/2798/581 1460/2799/581
f 1460/2800/582 1464/2801/582 1420/2802/582 1421/2803/582
f 1467/2746/381 1436/2749/381 1437/2804/381 1466/2794/381
f 1466/2794/381 1437/2804/381 1438/2805/381 1465/2796/381
f 1465/2796/381 1438/2805/381 1439/2806/381 1464/2798/381
f 1464/2798/381 1439/2806/381 1427/2807/381 1420/2808/381
f 1434/2809/377 1435/2810/377 1429/2811/377 1428/2812/377 1430/2813/377 1431/2814/377 1432/2815/377 1433/2816/377
f 1483/2817/583 1482/2818/583 1491/2819/583 1484/2820/583
f 1482/2821/584 1481/2822/584 1495/2823/584 1491/2824/584
f 1481/2822/585 1480/2825/585 1499/2826/585 1495/2823/585
f 1480/2827/375 1479/2828/375 1503/2829/375 1499/2830/375
f 1479/2828/586 1478/2831/586 1507/2832/586 1503/2829/586
f 1476/2833/587 1477/2834/587 1515/2835/587 1511/2836/587
f 1477/2837/379 1483/2817/379 1484/2820/379 1515/2838/379
f 1484/2820/588 1491/2819/588 1490/2839/588 1485/2840/588
f 1485/2840/589 1490/2839/589 1489/2841/589 1486/2842/589
f 1486/2842/590 1489/2841/590 1488/2843/590 1487/2844/590
f 1487/2845/591 1488/2846/591 1474/2847/591 1475/2848/591
f 1491/2824/592 1495/2823/592 1494/2849/592 1490/2850/592
f 1490/2851/593 1494/2852/593 1493/2853/593 1489/2854/593
f 1489/2854/594 1493/2853/594 1492/2855/594 1488/2846/594
f 1488/2846/595 1492/2855/595 1473/2856/595 1474/2847/595
f 1495/2823/596 1499/2826/596 1498/2857/596 1494/2849/596
f 1494/2849/597 1498/2857/597 1497/2858/597 1493/2859/597
f 1493/2859/598 1497/2858/598 1496/2860/598 1492/2861/598
f 1492/2855/599 1496/2862/599 1472/2863/599 1473/2856/599
f 1499/2830/375 1503/2829/375 1502/2864/375 1498/2865/375
f 1498/2865/375 1502/2864/375 1501/2866/375 1497/2867/375
f 1497/2867/375 1501/2866/375 1500/2868/375 1496/2869/375
f 1496/2869/375 1500/2868/375 1471/2870/375 1472/2871/375
f 1503/2829/600 1507/2832/600 1506/2872/600 1502/2864/600
f 1502/2864/601 1506/2872/601 1505/2873/601 1501/2866/601
f 1501/2866/602 1505/2873/602 1504/2874/602 1500/2868/602
f 1500/2875/603 1504/2876/603 1470/2877/603 1471/2878/603
f 1507/2879/604 1511/2880/604 1510/2881/604 1506/2882/604
f 1506/2882/605 1510/2881/605 1509/2883/605 1505/2884/605
f 1505/2884/606 1509/2883/606 1508/2885/606 1504/2886/606
f 1511/2836/607 1515/2835/607 1514/2887/607 1510/2888/607
f 1510/2888/608 1514/2887/608 1513/2889/608 1509/2890/608
f 1509/2890/609 1513/2889/609 1512/2891/609 1508/2892/609
f 1508/2893/610 1512/2894/610 1468/2895/610 1469/2896/610
f 1515/2838/379 1484/2820/379 1485/2840/379 1514/2897/379
f 1514/2897/379 1485/2840/379 1486/2842/379 1513/2898/379
f 1513/2898/379 1486/2842/379 1487/2844/379 1512/2899/379
f 1512/2899/379 1487/2844/379 1475/2900/379 1468/2901/379
f 1482/2902/382 1483/2903/382 1477/2904/382 1476/2905/382 1478/2906/382 1479/2907/382 1480/2908/382 1481/2909/382
f 1531/2910/611 1530/2911/611 1539/2912/611 1532/2913/611
f 1530/2911/612 1529/2914/612 1543/2915/612 1539/2912/612
f 1529/2914/613 1528/2916/613 1547/2917/613 1543/2915/613
f 1528/2918/375 1527/2919/375 1551/2920/375 1547/2921/375
f 1527/2922/614 1526/2923/614 1555/2924/614 1551/2925/614
f 1524/2926/615 1525/2927/615 1563/2928/615 1559/2929/615
f 1525/2930/379 1531/2931/379 1532/2932/379 1563/2933/379
f 1532/2932/616 1539/2934/616 1538/2935/616 1533/2936/616
f 1533/2936/617 1538/2935/617 1537/2937/617 1534/2938/617
f 1534/2938/618 1537/2937/618 1536/2939/618 1535/2940/618
f 1535/2940/619 1536/2939/619 1522/2941/619 1523/2942/619
f 1539/2912/620 1543/2915/620 1542/2943/620 1538/2944/620
f 1538/2944/621 1542/2943/621 1541/2945/621 1537/2946/621
f 1537/2947/622 1541/2948/622 1540/2949/622 1536/2950/622
f 1536/2950/623 1540/2949/623 1521/2951/623 1522/2952/623
f 1543/2953/624 1547/2954/624 1546/2955/624 1542/2956/624
f 1542/2956/625 1546/2955/625 1545/2957/625 1541/2948/625
f 1541/2948/626 1545/2957/626 1544/2958/626 1540/2949/626
f 1540/2949/627 1544/2958/627 1520/2959/627 1521/2951/627
f 1547/2921/375 1551/2920/375 1550/2960/375 1546/2961/375
f 1546/2961/375 1550/2960/375 1549/2962/375 1545/2963/375
f 1545/2963/375 1549/2962/375 1548/2964/375 1544/2965/375
f 1544/2965/375 1548/2964/375 1519/2966/375 1520/2967/375
f 1551/2920/628 1555/2968/628 1554/2969/628 1550/2960/628
f 1550/2960/629 1554/2969/629 1553/2970/629 1549/2962/629
f 1549/2962/630 1553/2970/630 1552/2971/630 1548/2964/630
f 1548/2964/631 1552/2971/631 1518/2972/631 1519/2966/631
f 1555/2973/632 1559/2974/632 1558/2975/632 1554/2976/632
f 1554/2976/633 1558/2975/633 1557/2977/633 1553/2978/633
f 1553/2978/634 1557/2977/634 1556/2979/634 1552/2980/634
f 1559/2981/635 1563/2982/635 1562/2983/635 1558/2984/635
f 1558/2984/636 1562/2983/636 1561/2985/636 1557/2986/636
f 1557/2986/637 1561/2985/637 1560/2987/637 1556/2988/637
f 1556/2988/638 1560/2987/638 1516/2989/638 1517/2990/638
f 1563/2933/379 1532/2932/379 1533/2936/379 1562/2991/379
f 1562/2991/379 1533/2936/379 1534/2938/379 1561/2992/379
f 1561/2992/379 1534/2938/379 1535/2940/379 1560/2993/379
f 1560/2993/379 1535/2940/379 1523/2942/379 1516/2994/379
f 1530/2995/383 1531/2996/383 1525/2997/383 1524/2998/383 1526/2999/383 1527/3000/383 1528/3001/383 1529/3002/383
g firebox_cylinder.060
v 0.011005 0.001250 0.003125
v 0.011005 0.020000 0.003125
v 0.012745 0.001250 0.002120
v 0.012745 0.020000 0.002120
v 0.013750 0.001250 0.000380
v 0.013750 0.020000 0.000380
v 0.013750 0.001250 -0.001630
v 0.013750 0.020000 -0.001630
v 0.012745 0.001250 -0.003370
v 0.012745 0.020000 -0.003370
v 0.011005 0.001250 -0.004375
v 0.011005 0.020000 -0.004375
v 0.008995 0.001250 -0.004375
v 0.008995 0.020000 -0.004375
v 0.007255 0.001250 -0.003370
v 0.007255 0.020000 -0.003370
v 0.006250 0.001250 -0.001630
v 0.006250 0.020000 -0.001630
v 0.006250 0.001250 0.000380
v 0.006250 0.020000 0.000380
v 0.007255 0.001250 0.002120
v 0.007255 0.020000 0.002120
v 0.008995 0.001250 0.003125
v 0.008995 0.020000 0.003125
v 0.014375 0.020625 -0.001875
v 0.014375 0.020625 -0.002500
v 0.014375 0.020000 -0.001875
v 0.014375 0.020000 -0.002500
v 0.012500 0.020625 -0.002500
v 0.012500 0.020625 -0.001875
v 0.012500 0.020000 -0.002500
v 0.012500 0.020000 -0.001875
v 0.014375 0.020625 0.001250
v 0.014375 0.020625 0.000625
v 0.014375 0.020000 0.001250
v 0.014375 0.020000 0.000625
v 0.012500 0.020625 0.000625
v 0.012500 0.020625 0.001250
v 0.012500 0.020000 0.000625
v 0.012500 0.020000 0.001250
v 0.014375 0.020625 -0.000000
v 0.014375 0.020625 -0.001250
v 0.014375 0.019375 -0.000000
v 0.014375 0.019375 -0.001250
v 0.013750 0.020625 -0.001250
v 0.013750 0.020625 -0.000000
v 0.013750 0.019375 -0.001250
v 0.013750 0.019375 -0.000000
v 0.014104 0.020562 0.001562
v 0.014104 0.020562 -0.002813
v 0.014250 0.020416 0.001562
v 0.014250 0.020416 -0.002813
v 0.014250 0.020209 0.001562
v 0.014250 0.020209 -0.002813
v 0.014104 0.020062 0.001562
v 0.014104 0.020062 -0.002813
v 0.013896 0.020062 0.001562
v 0.013896 0.020062 -0.002813
v 0.013750 0.020209 0.001562
v 0.013750 0.020209 -0.002813
v 0.013750 0.020416 0.001562
v 0.013750 0.020416 -0.002813
v 0.013896 0.020562 0.001562
v 0.013896 0.020562 -0.002813
v 0.010129 0.021451 -0.000313
v 0.010129 0.022076 -0.000313
v 0.010312 0.021451 -0.000496
v 0.010312 0.022076 -0.000496
v 0.010312 0.021451 -0.000754
v 0.010312 0.022076 -0.000754
v 0.010129 0.021451 -0.000938
v 0.010129 0.022076 -0.000938
v 0.009871 0.021451 -0.000938
v 0.009871 0.022076 -0.000938
v 0.009688 0.021451 -0.000754
v 0.009688 0.022076 -0.000754
v 0.009688 0.021451 -0.000496
v 0.009688 0.022076 -0.000496
v 0.009871 0.021451 -0.000313
v 0.009871 0.022076 -0.000313
v 0.010388 0.002187 -0.003500
v 0.010388 0.002187 -0.004750
v 0.010937 0.002737 -0.003500
v 0.010937 0.002737 -0.004750
v 0.010937 0.003513 -0.003500
v 0.010937 0.003513 -0.004750
v 0.010388 0.004062 -0.003500
v 0.010388 0.004062 -0.004750
v 0.009612 0.004062 -0.003500
v 0.009612 0.004062 -0.004750
v 0.009062 0.003513 -0.003500
v 0.009062 0.003513 -0.004750
v 0.009062 0.002737 -0.003500
v 0.009062 0.002737 -0.004750
v 0.009612 0.002187 -0.003500
v 0.009612 0.002187 -0.004750
v 0.010466 0.002000 -0.004750
v 0.010466 0.002000 -0.004875
v 0.011125 0.002659 -0.004750
v 0.011125 0.002659 -0.004875
v 0.011125 0.003591 -0.004750
v 0.011125 0.003591 -0.004875
v 0.010466 0.004250 -0.004750
v 0.010466 0.004250 -0.004875
v 0.009534 0.004250 -0.004750
v 0.009534 0.004250 -0.004875
v 0.008875 0.003591 -0.004750
v 0.008875 0.003591 -0.004875
v 0.008875 0.002659 -0.004750
v 0.008875 0.002659 -0.004875
v 0.009534 0.002000 -0.004750
v 0.009534 0.002000 -0.004875
v 0.010016 0.021541 -0.000608
v 0.009028 0.019993 -0.004369
v 0.009164 0.020772 -0.003863
v 0.009526 0.021330 -0.002487
v 0.011037 0.019980 -0.004354
v 0.010904 0.020761 -0.003851
v 0.010530 0.021324 -0.002480
v 0.012770 0.019966 -0.003337
v 0.012405 0.020749 -0.002970
v 0.011397 0.021325 -0.001971
v 0.013763 0.019956 -0.001590
v 0.013264 0.020740 -0.001457
v 0.011893 0.021320 -0.001097
v 0.013748 0.019952 0.000420
v 0.013252 0.020736 0.000284
v 0.011886 0.021318 -0.000093
v 0.012731 0.019954 0.002153
v 0.012371 0.020739 0.001785
v 0.011377 0.021319 0.000774
v 0.010984 0.019964 0.003146
v 0.010858 0.020747 0.002644
v 0.010504 0.021324 0.001270
v 0.008974 0.019977 0.003131
v 0.009118 0.020758 0.002632
v 0.009499 0.021331 0.001263
v 0.007241 0.019990 0.002114
v 0.007617 0.020770 0.001751
v 0.008632 0.021337 0.000754
v 0.006249 0.020000 0.000367
v 0.006757 0.020779 0.000237
v 0.008136 0.021342 -0.000119
v 0.006263 0.020005 -0.001643
v 0.006770 0.020782 -0.001503
v 0.008143 0.021345 -0.001124
v 0.007280 0.020002 -0.003376
v 0.007651 0.020780 -0.003004
v 0.008652 0.021343 -0.001991
v 0.006263 0.020005 -0.001643
v 0.007280 0.020002 -0.003376
v 0.007241 0.019990 0.002114
v 0.006249 0.020000 0.000367
vn 0.5000 -0.0000 0.8660
vn 0.8660 -0.0000 0.5000
vn 1.0000 -0.0000 -0.0000
vn 0.8660 -0.0000 -0.5000
vn 0.5000 -0.0000 -0.8660
vn -0.0000 -0.0000 -1.0000
vn -0.5000 -0.0000 -0.8660
vn -0.8660 -0.0000 -0.5000
vn -1.0000 -0.0000 -0.0000
vn -0.8660 -0.0000 0.5000
vn -0.5000 -0.0000 0.8660
vn -0.0000 -0.0000 1.0000
vn -0.0000 1.0000 -0.0000
vn -0.0000 -1.0000 -0.0000
vn 0.7071 0.7071 -0.0000
vn 0.7071 -0.7071 -0.0000
vn -0.7071 -0.7071 -0.0000
vn -0.7071 0.7071 -0.0000
vn 0.7071 -0.0000 0.7071
vn 0.7071 -0.0000 -0.7071
vn -0.7071 -0.0000 -0.7071
vn -0.7071 -0.0000 0.7071
vn 0.0095 0.5427 -0.8399
vn 0.0087 0.9259 -0.3777
vn 0.0073 0.9936 -0.1131
vn 0.4292 0.5397 -0.7242
vn 0.1970 0.9235 -0.3290
vn 0.0566 0.9934 -0.0995
vn 0.7349 0.5371 -0.4141
vn 0.3404 0.9213 -0.1879
vn 0.1029 0.9933 -0.0526
vn 0.8446 0.5354 0.0072
vn 0.3906 0.9206 0.0048
vn 0.1174 0.9931 0.0030
vn 0.7289 0.5352 0.4269
vn 0.3377 0.9205 0.1967
vn 0.1021 0.9931 0.0584
vn 0.4188 0.5366 0.7326
vn 0.1959 0.9211 0.3365
vn 0.0612 0.9932 0.0987
vn -0.0025 0.5390 0.8423
vn 0.0032 0.9222 0.3867
vn 0.0056 0.9936 0.1132
vn -0.4222 0.5420 0.7266
vn -0.1887 0.9236 0.3338
vn -0.0497 0.9940 0.0979
vn -0.7279 0.5447 0.4166
vn -0.3285 0.9248 0.1920
vn -0.0900 0.9943 0.0570
vn -0.8376 0.5463 -0.0048
vn -0.3786 0.9256 -0.0007
vn -0.1045 0.9945 0.0014
vn -0.7219 0.5465 -0.4245
vn -0.3257 0.9256 -0.1926
vn -0.0893 0.9945 -0.0539
vn -0.4118 0.5452 -0.7302
vn -0.1803 0.9260 -0.3317
vn -0.0423 0.9941 -0.1002
vt 0.073089 0.389779
vt 0.107002 0.390880
vt 0.107002 0.755720
vt 0.073089 0.754619
vt 0.634608 0.366933
vt 0.668540 0.365944
vt 0.668540 0.730894
vt 0.634608 0.731883
vt 0.707705 0.365945
vt 0.707705 0.730895
vt 0.741610 0.366937
vt 0.741610 0.731887
vt 0.741610 0.364837
vt 0.707672 0.365944
vt 0.707672 0.001113
vt 0.741610 0.000006
vt 0.668507 0.365942
vt 0.668507 0.001110
vt 0.634608 0.364831
vt 0.634608 -0.000000
vt 0.214003 0.755196
vt 0.180085 0.755196
vt 0.180085 0.389778
vt 0.214003 0.389778
vt 0.140920 0.755196
vt 0.140920 0.389778
vt 0.107002 0.755196
vt 0.107002 0.389778
vt 0.000000 0.390879
vt 0.033923 0.389778
vt 0.033923 0.754618
vt 0.000000 0.755718
vt 0.986119 0.805006
vt 0.986119 0.841547
vt 0.973958 0.841548
vt 0.973958 0.805006
vt 0.974461 0.243612
vt 0.974461 0.255793
vt 0.962296 0.255793
vt 0.962296 0.243612
vt 0.890226 0.980370
vt 0.890226 0.943828
vt 0.902388 0.943828
vt 0.902388 0.980370
vt 0.974009 0.605792
vt 0.961828 0.605792
vt 0.961828 0.593612
vt 0.974009 0.593612
vt 0.510010 0.925724
vt 0.510010 0.962265
vt 0.497830 0.962265
vt 0.497830 0.925724
vt 0.865871 0.585886
vt 0.865871 0.622427
vt 0.853690 0.622427
vt 0.853690 0.585886
vt 0.986119 0.768463
vt 0.986119 0.805005
vt 0.973958 0.805006
vt 0.973958 0.768464
vt 0.822856 0.976322
vt 0.822856 0.988502
vt 0.810691 0.988503
vt 0.810691 0.976322
vt 0.973958 0.768463
vt 0.973957 0.731921
vt 0.986119 0.731921
vt 0.986119 0.768463
vt 0.968637 0.731921
vt 0.956456 0.731921
vt 0.956456 0.719741
vt 0.968637 0.719741
vt 0.477498 0.925724
vt 0.477498 0.962265
vt 0.465317 0.962265
vt 0.465317 0.925724
vt 0.475025 0.877240
vt 0.475025 0.913781
vt 0.462844 0.913781
vt 0.462844 0.877240
vt 0.914593 0.999856
vt 0.902413 0.999855
vt 0.902413 0.975533
vt 0.914593 0.975533
vt 0.414109 0.952309
vt 0.414109 0.976670
vt 0.389779 0.976671
vt 0.389779 0.952310
vt 0.934952 0.975504
vt 0.947132 0.975504
vt 0.947132 0.999827
vt 0.934952 0.999827
vt 0.951135 0.389778
vt 0.926774 0.389778
vt 0.926774 0.365417
vt 0.951135 0.365417
vt 0.987250 0.609029
vt 0.999431 0.609029
vt 0.999431 0.633390
vt 0.987250 0.633390
vt 0.992346 0.535370
vt 0.980166 0.535370
vt 0.980166 0.511009
vt 0.992346 0.511009
vt 0.741610 0.504592
vt 0.744604 0.504594
vt 0.744604 0.589858
vt 0.741610 0.589856
vt 0.748635 0.504594
vt 0.748635 0.589858
vt 0.741610 0.419328
vt 0.744464 0.419328
vt 0.744464 0.504592
vt 0.741610 0.504592
vt 0.748500 0.419328
vt 0.748500 0.504592
vt 0.623665 0.622522
vt 0.626519 0.622522
vt 0.626519 0.707786
vt 0.623665 0.707786
vt 0.630555 0.622522
vt 0.630555 0.707786
vt 0.633410 0.622522
vt 0.633410 0.707786
vt 0.973958 0.942582
vt 0.976808 0.939728
vt 0.980837 0.939728
vt 0.983687 0.942582
vt 0.983686 0.946618
vt 0.980837 0.949473
vt 0.976807 0.949473
vt 0.973958 0.946618
vt 0.748500 0.419328
vt 0.752536 0.419328
vt 0.752536 0.504592
vt 0.748500 0.504592
vt 0.472574 0.916635
vt 0.472574 0.920672
vt 0.469724 0.923526
vt 0.465694 0.923526
vt 0.462844 0.920672
vt 0.462844 0.916636
vt 0.465694 0.913781
vt 0.469724 0.913781
vt 0.947132 0.975684
vt 0.950702 0.975504
vt 0.950702 0.987669
vt 0.947132 0.987849
vt 0.955748 0.975504
vt 0.955748 0.987669
vt 0.987652 0.257965
vt 0.984081 0.258166
vt 0.984081 0.246005
vt 0.987652 0.245804
vt 0.979035 0.258166
vt 0.979035 0.246005
vt 0.980817 0.731921
vt 0.977250 0.731921
vt 0.977250 0.719741
vt 0.980817 0.719741
vt 0.972204 0.731921
vt 0.972204 0.719741
vt 0.968637 0.731921
vt 0.968637 0.719741
vt 0.460474 0.979107
vt 0.460474 0.984152
vt 0.456907 0.987719
vt 0.451861 0.987719
vt 0.448294 0.984152
vt 0.448294 0.979107
vt 0.451861 0.975539
vt 0.456907 0.975539
vt 0.822459 0.610613
vt 0.827504 0.610613
vt 0.827504 0.622774
vt 0.822459 0.622774
vt 0.860156 0.952615
vt 0.835795 0.952615
vt 0.835795 0.941912
vt 0.860156 0.941912
vt 0.389779 0.937192
vt 0.414140 0.937192
vt 0.414140 0.952309
vt 0.389779 0.952309
vt 0.389785 0.925962
vt 0.414147 0.925962
vt 0.980165 0.501488
vt 0.980165 0.477127
vt 0.995302 0.477127
vt 0.995302 0.501488
vt 0.790332 0.600561
vt 0.765971 0.600561
vt 0.765971 0.589858
vt 0.790332 0.589858
vt 0.790332 0.615697
vt 0.765971 0.615697
vt 0.790332 0.626400
vt 0.765971 0.626400
vt 0.835795 0.926776
vt 0.860156 0.926776
vt 0.754136 0.409513
vt 0.751700 0.409513
vt 0.751700 0.396670
vt 0.754136 0.396670
vt 0.752536 0.432805
vt 0.754972 0.432804
vt 0.754977 0.450944
vt 0.752541 0.450945
vt 0.752541 0.419329
vt 0.754977 0.419328
vt 0.790332 0.589858
vt 0.792768 0.589858
vt 0.792768 0.608021
vt 0.790332 0.608021
vt 0.754972 0.463788
vt 0.752536 0.463788
vt 0.752536 0.450945
vt 0.754972 0.450945
vt 0.754972 0.481952
vt 0.752536 0.481952
vt 0.565059 0.865483
vt 0.565059 0.883646
vt 0.552236 0.896491
vt 0.534102 0.896492
vt 0.521279 0.883649
vt 0.521279 0.865486
vt 0.534102 0.852641
vt 0.552236 0.852640
vt 0.754136 0.378507
vt 0.751700 0.378507
vt 0.751700 0.365663
vt 0.754136 0.365663
vt 0.477498 0.865484
vt 0.490321 0.852641
vt 0.508456 0.852640
vt 0.521279 0.865484
vt 0.521279 0.883647
vt 0.508456 0.896490
vt 0.490321 0.896491
vt 0.477498 0.883648
vt 0.960158 0.331122
vt 0.944422 0.328556
vt 0.944422 0.294639
vt 0.960158 0.291957
vt 0.634608 0.812138
vt 0.661375 0.804981
vt 0.671166 0.821940
vt 0.651567 0.841512
vt 0.697923 0.795192
vt 0.943500 0.265375
vt 0.959093 0.258166
vt 0.688126 0.831730
vt 0.680941 0.858471
vt 0.942383 0.365166
vt 0.926774 0.358039
vt 0.927741 0.328555
vt 0.943500 0.331120
vt 0.707708 0.831730
vt 0.714859 0.858471
vt 0.927741 0.294638
vt 0.943500 0.291956
vt 0.724667 0.821939
vt 0.744233 0.841512
vt 0.926774 0.265375
vt 0.942383 0.258166
vt 0.734458 0.804980
vt 0.761192 0.812138
vt 0.848241 0.624887
vt 0.863859 0.632014
vt 0.862868 0.661497
vt 0.847097 0.658931
vt 0.734458 0.785397
vt 0.761192 0.778220
vt 0.862869 0.695415
vt 0.847097 0.698096
vt 0.724667 0.768438
vt 0.744233 0.748846
vt 0.863860 0.724678
vt 0.848241 0.731887
vt 0.707708 0.758647
vt 0.714859 0.731887
vt 0.617835 0.901363
vt 0.632988 0.908535
vt 0.632988 0.938029
vt 0.617835 0.935420
vt 0.688126 0.758647
vt 0.680941 0.731887
vt 0.927254 0.641925
vt 0.942420 0.644452
vt 0.942479 0.678369
vt 0.927322 0.681089
vt 0.671166 0.768438
vt 0.651567 0.748846
vt 0.942420 0.707621
vt 0.927254 0.714867
vt 0.661375 0.785397
vt 0.634608 0.778220
vt 0.959093 0.365166
vt 0.943500 0.358039
s 0
g firebox_blue
usemtl blue
f 1564/3003/639 1566/3004/639 1567/3005/639 1565/3006/639
f 1566/3007/640 1568/3008/640 1569/3009/640 1567/3010/640
f 1568/3008/641 1570/3011/641 1571/3012/641 1569/3009/641
f 1570/3011/642 1572/3013/642 1573/3014/642 1571/3012/642
f 1572/3015/643 1574/3016/643 1575/3017/643 1573/3018/643
f 1574/3016/644 1576/3019/644 1577/3020/644 1575/3017/644
f 1576/3019/645 1578/3021/645 1579/3022/645 1577/3020/645
f 1578/3023/646 1580/3024/646 1581/3025/646 1579/3026/646
f 1580/3024/647 1582/3027/647 1583/3028/647 1581/3025/647
f 1582/3027/648 1584/3029/648 1585/3030/648 1583/3028/648
f 1584/3031/649 1586/3032/649 1587/3033/649 1585/3034/649
f 1586/3032/650 1564/3003/650 1565/3006/650 1587/3033/650
f 1591/3035/644 1594/3036/644 1592/3037/644 1589/3038/644
f 1590/3039/641 1591/3040/641 1589/3041/641 1588/3042/641
f 1595/3043/650 1590/3044/650 1588/3045/650 1593/3046/650
f 1594/3047/647 1595/3048/647 1593/3049/647 1592/3050/647
f 1593/3051/651 1588/3052/651 1589/3053/651 1592/3054/651
f 1594/3055/652 1591/3056/652 1590/3057/652 1595/3058/652
f 1599/3059/644 1602/3060/644 1600/3061/644 1597/3062/644
f 1598/3063/641 1599/3064/641 1597/3065/641 1596/3066/641
f 1603/3067/650 1598/3068/650 1596/3069/650 1601/3070/650
f 1602/3071/647 1603/3072/647 1601/3073/647 1600/3074/647
f 1601/3075/651 1596/3076/651 1597/3077/651 1600/3078/651
f 1602/3079/652 1599/3080/652 1598/3081/652 1603/3082/652
f 1607/3083/644 1610/3084/644 1608/3085/644 1605/3086/644
f 1606/3087/641 1607/3088/641 1605/3089/641 1604/3090/641
f 1611/3091/650 1606/3092/650 1604/3093/650 1609/3094/650
f 1610/3095/647 1611/3096/647 1609/3097/647 1608/3098/647
f 1609/3099/651 1604/3100/651 1605/3101/651 1608/3102/651
f 1610/3103/652 1607/3104/652 1606/3105/652 1611/3106/652
f 1612/3107/653 1614/3108/653 1615/3109/653 1613/3110/653
f 1614/3108/641 1616/3111/641 1617/3112/641 1615/3109/641
f 1616/3113/654 1618/3114/654 1619/3115/654 1617/3116/654
f 1618/3114/652 1620/3117/652 1621/3118/652 1619/3115/652
f 1620/3119/655 1622/3120/655 1623/3121/655 1621/3122/655
f 1622/3120/647 1624/3123/647 1625/3124/647 1623/3121/647
f 1624/3123/656 1626/3125/656 1627/3126/656 1625/3124/656
f 1613/3127/644 1615/3128/644 1617/3129/644 1619/3130/644 1621/3131/644 1623/3132/644 1625/3133/644 1627/3134/644
f 1626/3135/651 1612/3136/651 1613/3137/651 1627/3138/651
f 1612/3139/650 1626/3140/650 1624/3141/650 1622/3142/650 1620/3143/650 1618/3144/650 1616/3145/650 1614/3146/650
f 1628/3147/657 1630/3148/657 1631/3149/657 1629/3150/657
f 1630/3148/641 1632/3151/641 1633/3152/641 1631/3149/641
f 1632/3153/658 1634/3154/658 1635/3155/658 1633/3156/658
f 1634/3154/644 1636/3157/644 1637/3158/644 1635/3155/644
f 1636/3159/659 1638/3160/659 1639/3161/659 1637/3162/659
f 1638/3160/647 1640/3163/647 1641/3164/647 1639/3161/647
f 1640/3163/660 1642/3165/660 1643/3166/660 1641/3164/660
f 1629/3167/651 1631/3168/651 1633/3169/651 1635/3170/651 1637/3171/651 1639/3172/651 1641/3173/651 1643/3174/651
f 1642/3175/650 1628/3176/650 1629/3177/650 1643/3178/650
f 1647/3179/654 1646/3180/654 1644/3181/654 1645/3182/654
f 1649/3183/641 1648/3184/641 1646/3185/641 1647/3186/641
f 1651/3187/653 1650/3188/653 1648/3184/653 1649/3183/653
f 1653/3189/651 1652/3190/651 1650/3191/651 1651/3192/651
f 1655/3193/656 1654/3194/656 1652/3195/656 1653/3196/656
f 1657/3197/647 1656/3198/647 1654/3194/647 1655/3193/647
f 1659/3199/655 1658/3200/655 1656/3198/655 1657/3197/655
f 1645/3182/652 1644/3181/652 1658/3201/652 1659/3202/652
f 1663/3203/654 1662/3204/654 1660/3205/654 1661/3206/654
f 1665/3207/641 1664/3208/641 1662/3209/641 1663/3210/641
f 1667/3211/653 1666/3212/653 1664/3208/653 1665/3207/653
f 1669/3213/651 1668/3214/651 1666/3215/651 1667/3216/651
f 1671/3217/656 1670/3218/656 1668/3219/656 1669/3220/656
f 1673/3221/647 1672/3222/647 1670/3218/647 1671/3217/647
f 1661/3223/644 1675/3224/644 1673/3225/644 1671/3226/644 1669/3227/644 1667/3228/644 1665/3229/644 1663/3230/644
f 1675/3231/655 1674/3232/655 1672/3233/655 1673/3234/655
f 1660/3235/650 1662/3236/650 1664/3237/650 1666/3238/650 1668/3239/650 1670/3240/650 1672/3241/650 1674/3242/650
f 1661/3206/652 1660/3205/652 1674/3232/652 1675/3231/652
f 1677/3243/661 1678/3244/661 1681/3245/661 1680/3246/661
f 1678/3247/662 1679/3248/662 1682/3249/662 1681/3250/662
f 1682/3249/663 1679/3248/663 1676/3251/663
f 1680/3246/664 1681/3245/664 1684/3252/664 1683/3253/664
f 1681/3250/665 1682/3249/665 1685/3254/665 1684/3255/665
f 1685/3254/666 1682/3249/666 1676/3251/666
f 1683/3256/667 1684/3257/667 1687/3258/667 1686/3259/667
f 1684/3255/668 1685/3254/668 1688/3260/668 1687/3261/668
f 1688/3260/669 1685/3254/669 1676/3251/669
f 1686/3259/670 1687/3258/670 1690/3262/670 1689/3263/670
f 1687/3261/671 1688/3260/671 1691/3264/671 1690/3265/671
f 1691/3264/672 1688/3260/672 1676/3251/672
f 1689/3263/673 1690/3262/673 1693/3266/673 1692/3267/673
f 1690/3265/674 1691/3264/674 1694/3268/674 1693/3269/674
f 1694/3268/675 1691/3264/675 1676/3251/675
f 1692/3270/676 1693/3271/676 1696/3272/676 1695/3273/676
f 1693/3269/677 1694/3268/677 1697/3274/677 1696/3275/677
f 1697/3274/678 1694/3268/678 1676/3251/678
f 1695/3273/679 1696/3272/679 1699/3276/679 1698/3277/679
f 1696/3275/680 1697/3274/680 1700/3278/680 1699/3279/680
f 1700/3278/681 1697/3274/681 1676/3251/681
f 1698/3277/682 1699/3276/682 1702/3280/682 1715/3281/682
f 1699/3279/683 1700/3278/683 1703/3282/683 1702/3283/683
f 1703/3282/684 1700/3278/684 1676/3251/684
f 1701/3284/685 1702/3285/685 1705/3286/685 1716/3287/685
f 1702/3283/686 1703/3282/686 1706/3288/686 1705/3289/686
f 1706/3288/687 1703/3282/687 1676/3251/687
f 1704/3290/688 1705/3291/688 1708/3292/688 1707/3293/688
f 1705/3289/689 1706/3288/689 1709/3294/689 1708/3295/689
f 1709/3294/690 1706/3288/690 1676/3251/690
f 1707/3293/691 1708/3292/691 1711/3296/691 1710/3297/691
f 1708/3295/692 1709/3294/692 1712/3298/692 1711/3299/692
f 1712/3298/693 1709/3294/693 1676/3251/693
f 1710/3300/694 1711/3301/694 1678/3244/694 1677/3243/694
f 1711/3299/695 1712/3298/695 1679/3248/695 1678/3247/695
f 1679/3248/696 1712/3298/696 1676/3251/696
l 1713 1714
