# Blender 4.2.0
# www.blender.org
mtllib tiny-gasifier.mtl
g gasifier-base_base
v -0.284177 0.010954 -0.377888
v -0.284177 0.010954 -0.632722
v -0.284177 -0.019593 -0.377888
v -0.284177 -0.019593 -0.632722
v -0.688191 0.010954 -0.632722
v -0.688191 0.010954 -0.377888
v -0.688191 -0.019593 -0.632722
v -0.688191 -0.019593 -0.377888
vn -0.0000 -0.0000 -1.0000
vn 1.0000 -0.0000 -0.0000
vn -0.0000 -0.0000 1.0000
vn -1.0000 -0.0000 -0.0000
vn -0.0000 1.0000 -0.0000
vn -0.0000 -1.0000 -0.0000
vt 0.599304 0.901363
vt 0.599304 0.511584
vt 0.623665 0.511584
vt 0.623665 0.901363
vt 0.858637 0.731887
vt 0.858637 0.926776
vt 0.834276 0.926776
vt 0.834276 0.731887
vt 0.902413 0.389778
vt 0.902413 -0.000000
vt 0.926774 0.000000
vt 0.926774 0.389778
vt 0.180085 0.950085
vt 0.180085 0.755196
vt 0.204446 0.755196
vt 0.204446 0.950085
vt 0.000000 0.389778
vt 0.000000 0.000000
vt 0.194889 0.000000
vt 0.194889 0.389778
vt 0.389779 0.000000
vt 0.389778 0.389778
vt 0.194889 0.389778
vt 0.194889 -0.000000
s 0
g gasifier-base_blue
usemtl blue
f 4/1/1 7/2/1 5/3/1 2/4/1
f 3/5/2 4/6/2 2/7/2 1/8/2
f 8/9/3 3/10/3 1/11/3 6/12/3
f 7/13/4 8/14/4 6/15/4 5/16/4
f 6/17/5 1/18/5 2/19/5 5/20/5
f 7/21/6 4/22/6 3/23/6 8/24/6
g piping2_cylinder.002
v -0.688191 0.108921 -0.489378
v -0.688191 0.117868 -0.498708
v -0.688191 0.117868 -0.511902
v -0.688191 0.108921 -0.521232
v -0.688191 0.096268 -0.521232
v -0.688191 0.087321 -0.511902
v -0.688191 0.087321 -0.498708
v -0.688191 0.096268 -0.489378
v -0.684917 0.096268 -0.489378
v -0.684917 0.087321 -0.498708
v -0.684917 0.087321 -0.511902
v -0.684917 0.096268 -0.521232
v -0.684917 0.108921 -0.521232
v -0.684917 0.117868 -0.511902
v -0.684917 0.117868 -0.498708
v -0.684917 0.108921 -0.489378
v -0.688191 0.110186 -0.486192
v -0.693242 0.110186 -0.486192
v -0.688191 0.120922 -0.497388
v -0.693242 0.120922 -0.497388
v -0.688191 0.120922 -0.513222
v -0.693242 0.120922 -0.513222
v -0.688191 0.110186 -0.524418
v -0.693242 0.110186 -0.524418
v -0.688191 0.095003 -0.524418
v -0.693242 0.095003 -0.524418
v -0.688191 0.084266 -0.513222
v -0.693242 0.084266 -0.513222
v -0.688191 0.084266 -0.497388
v -0.693242 0.084266 -0.497388
v -0.688191 0.095003 -0.486192
v -0.693242 0.095003 -0.486192
v -0.615027 0.545516 -0.521638
v -0.615027 0.524896 -0.521638
v -0.614117 0.545516 -0.508494
v -0.614117 0.524896 -0.508494
v -0.606106 0.545516 -0.500011
v -0.606106 0.524896 -0.500011
v -0.595686 0.545516 -0.501160
v -0.595686 0.524896 -0.501160
v -0.588962 0.545516 -0.511266
v -0.588962 0.524896 -0.511266
v -0.589872 0.545516 -0.524410
v -0.589872 0.524896 -0.524410
v -0.597883 0.545516 -0.532893
v -0.597883 0.524896 -0.532893
v -0.608303 0.545516 -0.531745
v -0.608303 0.524896 -0.531745
v -0.615030 0.545512 -0.521486
v -0.614119 0.545512 -0.508341
v -0.606108 0.545512 -0.499859
v -0.595688 0.545512 -0.501007
v -0.588964 0.545512 -0.511113
v -0.589874 0.545512 -0.524258
v -0.597886 0.545512 -0.532740
v -0.608305 0.545512 -0.531592
v -0.614117 0.545503 -0.508345
v -0.619782 0.554449 -0.514343
v -0.606105 0.545503 -0.499862
v -0.600440 0.554449 -0.493864
v -0.600440 0.567102 -0.493864
v -0.606105 0.576049 -0.499862
v -0.614117 0.576049 -0.508345
v -0.619782 0.567102 -0.514343
v -0.616269 0.565789 -0.519622
v -0.613222 0.562489 -0.524202
v -0.610759 0.557855 -0.527904
v -0.609004 0.552123 -0.530542
v -0.598898 0.555318 -0.531219
v -0.601327 0.563315 -0.527568
v -0.604657 0.569579 -0.522563
v -0.608907 0.574146 -0.516176
v -0.590887 0.555318 -0.522736
v -0.593316 0.563315 -0.519085
v -0.596646 0.569579 -0.514080
v -0.600895 0.574146 -0.507693
v -0.589663 0.552123 -0.510063
v -0.591418 0.557854 -0.507426
v -0.593881 0.562489 -0.503723
v -0.596928 0.565789 -0.499144
v -0.595943 0.547603 -0.500624
v -0.596744 0.550133 -0.499419
v -0.597983 0.552462 -0.497558
v -0.599328 0.553970 -0.495536
v -0.606049 0.544407 -0.499947
v -0.606176 0.544673 -0.499756
v -0.606548 0.545373 -0.499197
v -0.606690 0.545612 -0.498983
v -0.614061 0.544407 -0.508429
v -0.614187 0.544673 -0.508239
v -0.614560 0.545373 -0.507679
v -0.614702 0.545612 -0.507465
v -0.615285 0.547603 -0.521102
v -0.616086 0.550133 -0.519898
v -0.617324 0.552463 -0.518037
v -0.618669 0.553970 -0.516015
v -0.677703 0.087529 -0.487698
v -0.685027 0.096259 -0.489310
v -0.685027 0.108912 -0.489310
v -0.677703 0.118076 -0.487698
v -0.667244 0.118076 -0.487698
v -0.659848 0.109129 -0.487698
v -0.659848 0.096476 -0.487698
v -0.667244 0.087529 -0.487698
v -0.685023 0.096259 -0.489300
v -0.685023 0.087312 -0.498630
v -0.685023 0.108912 -0.489300
v -0.685023 0.117859 -0.498630
v -0.685023 0.117859 -0.511825
v -0.685023 0.108912 -0.521154
v -0.685023 0.096259 -0.521154
v -0.685023 0.087312 -0.511825
v -0.679559 0.087312 -0.510455
v -0.674821 0.087312 -0.507013
v -0.670988 0.087312 -0.502181
v -0.668259 0.087312 -0.496204
v -0.661351 0.096259 -0.499536
v -0.665129 0.096259 -0.507875
v -0.670309 0.096259 -0.514407
v -0.676919 0.096259 -0.519170
v -0.661351 0.108912 -0.499536
v -0.665129 0.108912 -0.507875
v -0.670309 0.108912 -0.514407
v -0.676919 0.108912 -0.519170
v -0.668259 0.117859 -0.496204
v -0.670988 0.117859 -0.502181
v -0.674821 0.117859 -0.507013
v -0.679559 0.117859 -0.510455
v -0.678028 0.117859 -0.491491
v -0.679274 0.117859 -0.494129
v -0.681201 0.117859 -0.496558
v -0.683293 0.117859 -0.498130
v -0.685007 0.109129 -0.486546
v -0.685133 0.108912 -0.488435
v -0.685712 0.108912 -0.489165
v -0.685933 0.108912 -0.489415
v -0.685007 0.096476 -0.486547
v -0.685133 0.096259 -0.488435
v -0.685712 0.096259 -0.489165
v -0.685933 0.096259 -0.489415
v -0.678028 0.087312 -0.491491
v -0.679274 0.087312 -0.494129
v -0.681201 0.087312 -0.496558
v -0.683293 0.087312 -0.498130
v -0.637662 0.545533 -0.438068
v -0.638572 0.545533 -0.451212
v -0.663727 0.545533 -0.448440
v -0.662817 0.545533 -0.435296
v -0.654805 0.545533 -0.426813
v -0.644386 0.545533 -0.427962
v -0.600449 0.554470 -0.494001
v -0.631201 0.554470 -0.447779
v -0.606114 0.545524 -0.499999
v -0.636866 0.545524 -0.453777
v -0.614125 0.545524 -0.508481
v -0.644877 0.545524 -0.462260
v -0.619790 0.554470 -0.514479
v -0.650542 0.554470 -0.468258
v -0.619790 0.567123 -0.514479
v -0.650542 0.567123 -0.468258
v -0.614125 0.576070 -0.508481
v -0.644877 0.576070 -0.462260
v -0.606114 0.576070 -0.499999
v -0.636866 0.576070 -0.453777
v -0.600449 0.567123 -0.494001
v -0.631201 0.567123 -0.447779
v -0.636866 0.545524 -0.453777
v -0.631201 0.554470 -0.447779
v -0.644877 0.545524 -0.462260
v -0.650542 0.554470 -0.468258
v -0.650542 0.567123 -0.468258
v -0.644877 0.576070 -0.462260
v -0.636866 0.576070 -0.453777
v -0.631201 0.567123 -0.447779
v -0.636866 0.545524 -0.453777
v -0.631201 0.554470 -0.447779
v -0.644877 0.545524 -0.462260
v -0.650542 0.554470 -0.468258
v -0.650542 0.567123 -0.468258
v -0.644877 0.576070 -0.462260
v -0.636866 0.576070 -0.453777
v -0.631201 0.567123 -0.447779
v -0.636866 0.545524 -0.453777
v -0.631201 0.554470 -0.447779
v -0.644877 0.545524 -0.462260
v -0.650542 0.554470 -0.468258
v -0.650542 0.567123 -0.468258
v -0.644877 0.576070 -0.462260
v -0.636866 0.576070 -0.453777
v -0.631201 0.567123 -0.447779
v -0.638568 0.545524 -0.451219
v -0.632903 0.554470 -0.445221
v -0.646579 0.545524 -0.459702
v -0.652244 0.554470 -0.465700
v -0.652244 0.567123 -0.465700
v -0.646579 0.576070 -0.459702
v -0.638568 0.576070 -0.451219
v -0.632903 0.567123 -0.445221
v -0.636866 0.545524 -0.453777
v -0.631201 0.554470 -0.447779
v -0.644877 0.545524 -0.462260
v -0.650542 0.554470 -0.468258
v -0.650542 0.567123 -0.468258
v -0.644877 0.576070 -0.462260
v -0.636866 0.576070 -0.453777
v -0.631201 0.567123 -0.447779
v -0.615825 0.567123 -0.470890
v -0.621490 0.576070 -0.476888
v -0.629501 0.576070 -0.485370
v -0.635166 0.567123 -0.491368
v -0.635166 0.554470 -0.491368
v -0.629501 0.545524 -0.485370
v -0.615825 0.554470 -0.470890
v -0.621490 0.545524 -0.476888
v -0.638575 0.545524 -0.451209
v -0.632910 0.554470 -0.445211
v -0.646586 0.545524 -0.459691
v -0.652251 0.554470 -0.465689
v -0.652251 0.567123 -0.465689
v -0.646586 0.576070 -0.459691
v -0.638575 0.576070 -0.451209
v -0.632910 0.567123 -0.445211
v -0.637662 0.545533 -0.438068
v -0.638572 0.545533 -0.451212
v -0.646584 0.545533 -0.459695
v -0.657003 0.545533 -0.458547
v -0.663727 0.545533 -0.448440
v -0.662817 0.545533 -0.435296
v -0.654805 0.545533 -0.426813
v -0.644386 0.545533 -0.427962
v -0.638575 0.545524 -0.451209
v -0.632910 0.554470 -0.445211
v -0.646586 0.545524 -0.459691
v -0.652251 0.554470 -0.465689
v -0.652251 0.567123 -0.465689
v -0.646586 0.576070 -0.459691
v -0.638575 0.576070 -0.451209
v -0.632910 0.567123 -0.445211
v -0.636422 0.565810 -0.439931
v -0.639469 0.562510 -0.435352
v -0.641933 0.557875 -0.431649
v -0.643687 0.552143 -0.429012
v -0.653793 0.555339 -0.428335
v -0.651364 0.563336 -0.431986
v -0.648034 0.569599 -0.436991
v -0.643785 0.574167 -0.443378
v -0.661805 0.555339 -0.436817
v -0.659375 0.563336 -0.440468
v -0.656046 0.569599 -0.445473
v -0.651796 0.574167 -0.451860
v -0.663029 0.552144 -0.449490
v -0.661274 0.557875 -0.452128
v -0.658810 0.562510 -0.455831
v -0.655764 0.565810 -0.460410
v -0.656748 0.547624 -0.458930
v -0.655947 0.550154 -0.460134
v -0.654709 0.552483 -0.461996
v -0.653363 0.553991 -0.464018
v -0.646642 0.544428 -0.459607
v -0.646515 0.544694 -0.459797
v -0.646143 0.545394 -0.460357
v -0.646001 0.545633 -0.460571
v -0.638631 0.544428 -0.451124
v -0.638504 0.544694 -0.451315
v -0.638132 0.545394 -0.451874
v -0.637990 0.545633 -0.452088
v -0.637407 0.547624 -0.438451
v -0.636606 0.550154 -0.439656
v -0.635367 0.552484 -0.441517
v -0.634022 0.553991 -0.443539
v -0.667258 0.087454 -0.460201
v -0.667258 0.087454 -0.487747
v -0.659891 0.096400 -0.460201
v -0.659891 0.096400 -0.487747
v -0.659891 0.109053 -0.460201
v -0.659891 0.109053 -0.487747
v -0.667258 0.118000 -0.460201
v -0.667258 0.118000 -0.487747
v -0.677677 0.118000 -0.460201
v -0.677677 0.118000 -0.487747
v -0.685044 0.109053 -0.460201
v -0.685044 0.109053 -0.487747
v -0.685044 0.096400 -0.460201
v -0.685044 0.096400 -0.487747
v -0.677677 0.087454 -0.460201
v -0.677677 0.087454 -0.487747
v -0.685402 0.117952 -0.452063
v -0.677752 0.117952 -0.461062
v -0.667299 0.117952 -0.460601
v -0.660166 0.117952 -0.450952
v -0.660531 0.117952 -0.437765
v -0.668181 0.117952 -0.428766
v -0.678634 0.117952 -0.429227
v -0.685767 0.117952 -0.438877
v -0.677752 0.117962 -0.461057
v -0.685144 0.109014 -0.461382
v -0.667300 0.117962 -0.460596
v -0.659908 0.109014 -0.460271
v -0.659908 0.096362 -0.460271
v -0.667300 0.087415 -0.460596
v -0.677752 0.087415 -0.461057
v -0.685144 0.096362 -0.461382
v -0.685334 0.097675 -0.454494
v -0.685500 0.100975 -0.448519
v -0.685634 0.105609 -0.443688
v -0.685729 0.111341 -0.440246
v -0.678579 0.108146 -0.431212
v -0.678447 0.100150 -0.435976
v -0.678266 0.093886 -0.442506
v -0.678035 0.089317 -0.450839
v -0.668126 0.108146 -0.430751
v -0.667994 0.100150 -0.435515
v -0.667813 0.093886 -0.442046
v -0.667582 0.089317 -0.450379
v -0.660493 0.111341 -0.439135
v -0.660398 0.105609 -0.442576
v -0.660264 0.100975 -0.447408
v -0.660099 0.097675 -0.453382
v -0.660152 0.115861 -0.451451
v -0.660109 0.113331 -0.453023
v -0.660042 0.111002 -0.455451
v -0.659969 0.109494 -0.458089
v -0.667303 0.119057 -0.460486
v -0.667296 0.118791 -0.460735
v -0.667276 0.118091 -0.461465
v -0.667268 0.117852 -0.461744
v -0.677756 0.119057 -0.460947
v -0.677749 0.118791 -0.461195
v -0.677728 0.118091 -0.461925
v -0.677721 0.117852 -0.462204
v -0.685388 0.115861 -0.452563
v -0.685344 0.113331 -0.454134
v -0.685277 0.111002 -0.456563
v -0.685204 0.109494 -0.459201
v -0.685402 0.117952 -0.452063
v -0.677752 0.117952 -0.461062
v -0.667299 0.117952 -0.460601
v -0.660166 0.117952 -0.450952
v -0.660531 0.117952 -0.437765
v -0.668181 0.117952 -0.428766
v -0.678634 0.117952 -0.429227
v -0.685767 0.117952 -0.438877
v -0.667268 0.117852 -0.461744
v -0.677721 0.117852 -0.462204
v -0.637682 0.545701 -0.437989
v -0.637682 0.438787 -0.437989
v -0.638592 0.545701 -0.451133
v -0.638592 0.438787 -0.451133
v -0.646604 0.545701 -0.459615
v -0.646604 0.438787 -0.459615
v -0.657023 0.545701 -0.458467
v -0.657023 0.438787 -0.458467
v -0.663747 0.545701 -0.448361
v -0.663747 0.438787 -0.448361
v -0.662837 0.545701 -0.435216
v -0.662837 0.438787 -0.435216
v -0.654826 0.545701 -0.426734
v -0.654826 0.438787 -0.426734
v -0.644406 0.545701 -0.427882
v -0.644406 0.438787 -0.427882
v -0.685402 0.117952 -0.452063
v -0.660166 0.117952 -0.450952
v -0.660531 0.117952 -0.437765
v -0.668181 0.117952 -0.428766
v -0.678634 0.117952 -0.429227
v -0.685767 0.117952 -0.438877
v -0.677752 0.121075 -0.461062
v -0.685402 0.121075 -0.452063
v -0.667299 0.121075 -0.460601
v -0.660166 0.121075 -0.450952
v -0.660531 0.121075 -0.437765
v -0.668181 0.121075 -0.428766
v -0.678634 0.121075 -0.429227
v -0.685767 0.121075 -0.438877
v -0.666989 0.124643 -0.460461
v -0.666112 0.134726 -0.460074
v -0.664749 0.150395 -0.459490
v -0.662981 0.170717 -0.458760
v -0.660886 0.194763 -0.457930
v -0.658542 0.221601 -0.457047
v -0.656020 0.250300 -0.456150
v -0.653391 0.279931 -0.455276
v -0.650723 0.309561 -0.454453
v -0.648101 0.338261 -0.453690
v -0.645614 0.365099 -0.452996
v -0.643356 0.389145 -0.452383
v -0.641424 0.409467 -0.451869
v -0.639918 0.425135 -0.451475
v -0.638941 0.435219 -0.451222
v -0.646962 0.435219 -0.459596
v -0.647971 0.425135 -0.459549
v -0.649530 0.409467 -0.459489
v -0.651539 0.389145 -0.459431
v -0.653898 0.365099 -0.459391
v -0.656514 0.338261 -0.459383
v -0.659297 0.309561 -0.459423
v -0.662161 0.279931 -0.459524
v -0.665027 0.250300 -0.459695
v -0.667814 0.221601 -0.459919
v -0.670435 0.194763 -0.460172
v -0.672800 0.170717 -0.460431
v -0.674815 0.150395 -0.460672
v -0.676379 0.134726 -0.460873
v -0.677393 0.124643 -0.461011
v -0.657328 0.435219 -0.458362
v -0.658191 0.425135 -0.458075
v -0.659533 0.409467 -0.457646
v -0.661276 0.389145 -0.457116
v -0.663341 0.365099 -0.456523
v -0.665654 0.338261 -0.455904
v -0.668145 0.309561 -0.455289
v -0.670744 0.279931 -0.454704
v -0.673383 0.250300 -0.454167
v -0.675980 0.221601 -0.453679
v -0.678443 0.194763 -0.453239
v -0.680681 0.170717 -0.452853
v -0.682595 0.150395 -0.452529
v -0.684087 0.134726 -0.452280
v -0.685056 0.124643 -0.452119
v -0.663967 0.435219 -0.448243
v -0.664592 0.425135 -0.447916
v -0.665574 0.409467 -0.447420
v -0.666863 0.389145 -0.446793
v -0.668411 0.365099 -0.446073
v -0.670168 0.338261 -0.445291
v -0.672084 0.309561 -0.444473
v -0.674111 0.279931 -0.443640
v -0.676194 0.250300 -0.442804
v -0.678257 0.221601 -0.441982
v -0.680220 0.194763 -0.441194
v -0.682005 0.170717 -0.440466
v -0.683532 0.150395 -0.439831
v -0.684721 0.134726 -0.439328
v -0.685492 0.124643 -0.438996
v -0.662989 0.435219 -0.435166
v -0.663423 0.425135 -0.435024
v -0.664113 0.409467 -0.434801
v -0.665027 0.389145 -0.434509
v -0.666138 0.365099 -0.434160
v -0.667410 0.338261 -0.433760
v -0.668808 0.309561 -0.433311
v -0.670291 0.279931 -0.432813
v -0.671812 0.250300 -0.432263
v -0.673310 0.221601 -0.431680
v -0.674725 0.194763 -0.431091
v -0.675998 0.170717 -0.430525
v -0.677077 0.150395 -0.430016
v -0.677908 0.134726 -0.429604
v -0.678444 0.124643 -0.429328
v -0.654967 0.435219 -0.426792
v -0.655370 0.425135 -0.426949
v -0.656006 0.409467 -0.427181
v -0.656844 0.389145 -0.427461
v -0.657853 0.365099 -0.427765
v -0.658997 0.338261 -0.428066
v -0.660234 0.309561 -0.428341
v -0.661520 0.279931 -0.428565
v -0.662805 0.250300 -0.428718
v -0.664038 0.221601 -0.428808
v -0.665176 0.194763 -0.428849
v -0.666179 0.170717 -0.428854
v -0.667011 0.150395 -0.428835
v -0.667641 0.134726 -0.428805
v -0.668041 0.124643 -0.428778
v -0.644601 0.435219 -0.428026
v -0.645150 0.425135 -0.428423
v -0.646003 0.409467 -0.429024
v -0.647107 0.389145 -0.429777
v -0.648410 0.365099 -0.430632
v -0.649856 0.338261 -0.431545
v -0.651386 0.309561 -0.432475
v -0.652937 0.279931 -0.433385
v -0.654448 0.250300 -0.434246
v -0.655872 0.221601 -0.435048
v -0.657168 0.194763 -0.435782
v -0.658299 0.170717 -0.436431
v -0.659231 0.150395 -0.436978
v -0.659933 0.134726 -0.437399
v -0.660377 0.124643 -0.437670
v -0.637963 0.435219 -0.438145
v -0.638750 0.425135 -0.438582
v -0.639963 0.409467 -0.439251
v -0.641520 0.389145 -0.440100
v -0.643340 0.365099 -0.441083
v -0.645343 0.338261 -0.442159
v -0.647446 0.309561 -0.443291
v -0.649570 0.279931 -0.444449
v -0.651638 0.250300 -0.445608
v -0.653595 0.221601 -0.446745
v -0.655391 0.194763 -0.447827
v -0.656974 0.170717 -0.448819
v -0.658294 0.150395 -0.449676
v -0.659300 0.134726 -0.450351
v -0.659941 0.124643 -0.450793
vn -0.0000 0.7218 0.6921
vn -0.0000 1.0000 -0.0000
vn -0.0000 0.7218 -0.6921
vn -0.0000 -0.0000 -1.0000
vn -0.0000 -0.7218 -0.6921
vn -0.0000 -1.0000 -0.0000
vn -0.0000 -0.7218 0.6921
vn -1.0000 -0.0000 -0.0000
vn -0.0000 -0.0000 1.0000
vn 1.0000 -0.0000 -0.0000
vn -0.9976 -0.0000 0.0691
vn -0.7270 -0.0000 0.6866
vn 0.1096 -0.0000 0.9940
vn 0.8326 -0.0000 0.5539
vn 0.9976 -0.0000 -0.0691
vn 0.7270 -0.0000 -0.6866
vn -0.1095 -0.0000 -0.9940
vn -0.8326 -0.0000 -0.5539
vn -0.5253 0.6769 -0.5156
vn 0.1478 0.9791 -0.1396
vn 0.6988 0.6465 0.3063
vn 0.4427 -0.6628 0.6039
vn -0.7609 -0.6098 -0.2216
vn -0.3763 0.6159 -0.6922
vn -0.2667 0.5111 -0.8171
vn -0.1775 0.3647 -0.9141
vn -0.1097 0.1426 -0.9837
vn 0.3791 0.8533 -0.3580
vn 0.5310 0.6830 -0.5015
vn 0.6412 0.4713 -0.6056
vn 0.7153 0.1786 -0.6756
vn 0.8225 0.5474 0.1544
vn 0.8996 0.4332 0.0564
vn 0.9543 0.2983 -0.0163
vn 0.9912 0.1139 -0.0678
vn 0.3591 -0.6044 0.7112
vn 0.2668 -0.5112 0.8170
vn 0.1876 -0.3879 0.9024
vn 0.1258 -0.2613 0.9570
vn -0.5026 -0.7224 0.4748
vn -0.5309 -0.6831 0.5014
vn -0.5568 -0.6430 0.5259
vn -0.8345 -0.5333 -0.1385
vn -0.8995 -0.4332 -0.0564
vn -0.9478 -0.3187 0.0082
vn -0.9761 -0.2106 0.0546
vn 0.1685 -0.7121 -0.6815
vn 0.2378 -0.0000 -0.9713
vn 0.1685 0.7121 -0.6815
vn -0.3046 0.6983 0.6478
vn -0.3046 -0.6983 0.6478
vn 0.4219 -0.6939 -0.5835
vn 0.5799 -0.6724 -0.4599
vn 0.6908 -0.6513 -0.3141
vn 0.7710 -0.6316 -0.0819
vn 0.5847 -0.0000 -0.8113
vn 0.7836 -0.0000 -0.6213
vn 0.9108 -0.0000 -0.4128
vn 0.9920 -0.0000 -0.1259
vn 0.4219 0.6939 -0.5835
vn 0.5799 0.6724 -0.4599
vn 0.6908 0.6513 -0.3141
vn 0.7666 0.6330 -0.1084
vn -0.0080 0.9994 -0.0345
vn -0.4475 0.6905 0.5684
vn -0.5799 0.6724 0.4599
vn -0.7356 0.6497 0.1917
vn -0.7415 0.6338 0.2202
vn -0.7483 -0.0000 0.6634
vn -0.7835 -0.0000 0.6213
vn -0.9978 -0.0000 0.0665
vn -0.4474 -0.6905 0.5684
vn -0.5799 -0.6724 0.4599
vn -0.7155 -0.6530 0.2483
vn -0.7416 -0.6338 0.2200
vn 0.0080 -0.9994 0.0345
vn 0.6193 -0.6684 0.4120
vn -0.6193 -0.6684 -0.4120
vn -0.6193 0.6683 -0.4120
vn 0.6193 0.6683 0.4120
vn 0.6647 -0.7174 -0.2084
vn 0.6648 -0.7174 0.2084
vn 0.9608 -0.0000 -0.2772
vn 0.9608 -0.0000 0.2772
vn -0.6648 -0.7174 -0.2084
vn -0.6648 -0.7174 0.2084
vn -0.6193 0.6684 -0.4120
vn -0.6193 -0.6683 -0.4120
vn 0.6193 -0.6684 0.4121
vn 0.6193 0.6684 0.4120
vn 0.5253 0.6769 0.5156
vn -0.1478 0.9791 0.1396
vn -0.6988 0.6465 -0.3063
vn -0.4425 -0.6628 -0.6040
vn -0.0771 0.9944 0.0728
vn 0.7609 -0.6098 0.2216
vn 0.3763 0.6159 0.6922
vn 0.2667 0.5111 0.8171
vn 0.1775 0.3646 0.9141
vn 0.1097 0.1426 0.9837
vn -0.3791 0.8533 0.3581
vn -0.5310 0.6830 0.5015
vn -0.6412 0.4713 0.6056
vn -0.7153 0.1786 0.6756
vn -0.8225 0.5474 -0.1544
vn -0.8996 0.4331 -0.0564
vn -0.9543 0.2983 0.0163
vn -0.9912 0.1139 0.0678
vn -0.3592 -0.6045 -0.7111
vn -0.2667 -0.5111 -0.8171
vn -0.1876 -0.3879 -0.9024
vn -0.1257 -0.2610 -0.9571
vn 0.5026 -0.7225 -0.4748
vn 0.5309 -0.6831 -0.5015
vn 0.5567 -0.6430 -0.5259
vn -0.7238 0.0930 0.6837
vn 0.8345 -0.5333 0.1386
vn 0.8995 -0.4332 0.0564
vn 0.9478 -0.3187 -0.0082
vn 0.9760 -0.2106 -0.0546
vn -0.7697 -0.6310 0.0973
vn -0.0081 -0.9831 0.1829
vn 0.7615 -0.6329 0.1401
vn 0.9996 -0.0000 0.0277
vn 0.7693 0.6080 -0.1963
vn -0.7543 0.6113 -0.2396
vn -0.9996 -0.0000 -0.0277
vn -0.7807 -0.5565 0.2844
vn -0.7890 -0.4541 0.4138
vn -0.7950 -0.3208 0.5148
vn -0.7984 -0.1249 0.5890
vn -0.0212 -0.8769 0.4801
vn -0.0305 -0.7218 0.6915
vn -0.0378 -0.5119 0.8582
vn -0.0431 -0.1984 0.9792
vn 0.7596 -0.5608 0.3294
vn 0.7591 -0.4592 0.4615
vn 0.7581 -0.3253 0.5652
vn 0.7564 -0.1269 0.6417
vn 0.7814 0.5447 -0.3044
vn 0.7890 0.4542 -0.4137
vn 0.7939 0.3417 -0.5030
vn 0.7918 0.2291 -0.5661
vn 0.0287 0.7589 -0.6505
vn 0.0305 0.7218 -0.6914
vn 0.0321 0.6836 -0.7292
vn -0.7590 0.5492 -0.3498
vn -0.7591 0.4592 -0.4615
vn -0.7578 0.3464 -0.5530
vn -0.7587 0.1468 -0.6347
vn 0.7603 -0.0652 0.6463
vn 0.9546 -0.0000 0.2980
vn 0.9546 -0.0000 -0.2980
vn 0.9454 -0.0000 -0.3258
vn 0.9454 -0.0000 0.3258
vn 0.7940 -0.0000 0.6079
vn 0.7940 -0.0000 -0.6079
vn 0.9999 -0.0000 -0.0138
vn 0.9999 -0.0000 0.0138
vn 0.7941 -0.0000 0.6079
vn 0.0440 -0.0000 -0.9990
vn -0.8042 -0.0000 0.5944
vn -0.0440 -0.0000 0.9990
vn 0.7619 -0.0000 0.6477
vn -0.8041 -0.0000 0.5944
vn 0.7720 -0.6357 -0.0000
vn 0.7720 0.6356 -0.0000
vn -0.7720 0.6356 -0.0000
vn -0.7720 -0.6357 -0.0000
vn 0.1095 -0.0000 0.9940
vn 0.0484 0.0222 -0.9986
vn -0.7576 0.0744 -0.6485
vn -0.9959 0.0858 -0.0303
vn -0.8041 0.0705 0.5903
vn -0.0484 0.0180 0.9987
vn 0.7591 -0.0389 0.6498
vn 0.9981 -0.0541 0.0304
vn 0.8056 -0.0357 -0.5914
vn 0.0651 0.0199 -0.9977
vn 0.0969 0.0159 -0.9952
vn 0.1420 0.0105 -0.9898
vn 0.1980 0.0038 -0.9802
vn 0.2622 -0.0038 -0.9650
vn 0.3312 -0.0122 -0.9435
vn 0.4014 -0.0211 -0.9157
vn 0.4691 -0.0300 -0.8826
vn 0.5313 -0.0382 -0.8463
vn 0.5858 -0.0454 -0.8092
vn 0.6316 -0.0514 -0.7736
vn 0.6681 -0.0564 -0.7419
vn 0.6954 -0.0604 -0.7161
vn 0.7138 -0.0632 -0.6975
vn 0.7231 -0.0649 -0.6877
vn -0.7490 0.0729 -0.6585
vn -0.7321 0.0704 -0.6775
vn -0.7069 0.0669 -0.7042
vn -0.6730 0.0625 -0.7370
vn -0.6304 0.0570 -0.7741
vn -0.5794 0.0506 -0.8135
vn -0.5208 0.0431 -0.8526
vn -0.4566 0.0348 -0.8890
vn -0.3896 0.0266 -0.9206
vn -0.3231 0.0186 -0.9462
vn -0.2609 0.0113 -0.9653
vn -0.2061 0.0049 -0.9785
vn -0.1619 -0.0004 -0.9868
vn -0.1304 -0.0043 -0.9915
vn -0.1139 -0.0067 -0.9935
vn -0.9956 0.0849 -0.0408
vn -0.9946 0.0836 -0.0609
vn -0.9926 0.0819 -0.0895
vn -0.9889 0.0798 -0.1255
vn -0.9828 0.0772 -0.1678
vn -0.9738 0.0741 -0.2148
vn -0.9617 0.0705 -0.2649
vn -0.9464 0.0663 -0.3161
vn -0.9284 0.0621 -0.3662
vn -0.9087 0.0581 -0.4134
vn -0.8884 0.0543 -0.4558
vn -0.8692 0.0508 -0.4918
vn -0.8526 0.0479 -0.5203
vn -0.8403 0.0455 -0.5403
vn -0.8335 0.0441 -0.5507
vn -0.8116 0.0701 0.5801
vn -0.8253 0.0696 0.5604
vn -0.8438 0.0690 0.5323
vn -0.8653 0.0684 0.4966
vn -0.8882 0.0676 0.4545
vn -0.9107 0.0665 0.4076
vn -0.9316 0.0650 0.3576
vn -0.9498 0.0631 0.3066
vn -0.9646 0.0614 0.2565
vn -0.9760 0.0597 0.2095
vn -0.9842 0.0581 0.1671
vn -0.9898 0.0566 0.1310
vn -0.9932 0.0553 0.1024
vn -0.9951 0.0542 0.0823
vn -0.9960 0.0534 0.0717
vn -0.0651 0.0180 0.9977
vn -0.0969 0.0185 0.9951
vn -0.1420 0.0195 0.9897
vn -0.1980 0.0208 0.9800
vn -0.2621 0.0223 0.9648
vn -0.3312 0.0239 0.9433
vn -0.4014 0.0251 0.9156
vn -0.4691 0.0260 0.8827
vn -0.5315 0.0270 0.8466
vn -0.5862 0.0279 0.8097
vn -0.6321 0.0286 0.7743
vn -0.6689 0.0291 0.7428
vn -0.6964 0.0292 0.7171
vn -0.7149 0.0292 0.6986
vn -0.7243 0.0289 0.6889
vn 0.7504 -0.0393 0.6598
vn 0.7334 -0.0397 0.6787
vn 0.7079 -0.0399 0.7052
vn 0.6738 -0.0399 0.7378
vn 0.6310 -0.0398 0.7748
vn 0.5797 -0.0395 0.8139
vn 0.5209 -0.0392 0.8527
vn 0.4566 -0.0389 0.8888
vn 0.3894 -0.0381 0.9203
vn 0.3230 -0.0370 0.9457
vn 0.2607 -0.0358 0.9648
vn 0.2060 -0.0347 0.9779
vn 0.1618 -0.0339 0.9862
vn 0.1304 -0.0334 0.9909
vn 0.1138 -0.0334 0.9929
vn 0.9976 -0.0551 0.0409
vn 0.9965 -0.0565 0.0610
vn 0.9943 -0.0582 0.0896
vn 0.9902 -0.0602 0.1257
vn 0.9838 -0.0623 0.1680
vn 0.9745 -0.0647 0.2150
vn 0.9619 -0.0671 0.2650
vn 0.9462 -0.0697 0.3160
vn 0.9278 -0.0719 0.3660
vn 0.9078 -0.0736 0.4130
vn 0.8872 -0.0750 0.4552
vn 0.8678 -0.0762 0.4910
vn 0.8511 -0.0771 0.5194
vn 0.8386 -0.0779 0.5392
vn 0.8318 -0.0785 0.5495
vn 0.8130 -0.0373 -0.5811
vn 0.8266 -0.0399 -0.5613
vn 0.8450 -0.0434 -0.5330
vn 0.8664 -0.0474 -0.4972
vn 0.8890 -0.0519 -0.4549
vn 0.9113 -0.0567 -0.4078
vn 0.9318 -0.0616 -0.3577
vn 0.9495 -0.0665 -0.3065
vn 0.9640 -0.0709 -0.2563
vn 0.9750 -0.0747 -0.2092
vn 0.9829 -0.0778 -0.1669
vn 0.9881 -0.0804 -0.1308
vn 0.9913 -0.0825 -0.1022
vn 0.9931 -0.0841 -0.0821
vn 0.9938 -0.0851 -0.0716
vt 0.213250 0.974446
vt 0.213569 0.984532
vt 0.210421 0.984629
vt 0.210102 0.974544
vt 0.213250 0.991734
vt 0.210102 0.991832
vt 0.213851 0.862420
vt 0.213851 0.872510
vt 0.210697 0.872509
vt 0.210697 0.862419
vt 0.752536 0.499653
vt 0.752948 0.492132
vt 0.756089 0.492020
vt 0.755677 0.499541
vt 0.752536 0.482064
vt 0.755677 0.481952
vt 0.990599 0.476247
vt 0.989919 0.469407
vt 0.993063 0.469419
vt 0.993743 0.476260
vt 0.989919 0.459324
vt 0.993063 0.459336
vt 0.860112 0.959752
vt 0.860112 0.969842
vt 0.852990 0.976977
vt 0.842918 0.976976
vt 0.835795 0.969840
vt 0.835795 0.959749
vt 0.842918 0.952615
vt 0.852990 0.952616
vt 0.990599 0.451906
vt 0.993743 0.451919
vt 0.656059 0.968097
vt 0.656442 0.980199
vt 0.651586 0.980350
vt 0.651203 0.968247
vt 0.656059 0.988842
vt 0.651203 0.988993
vt 0.978874 0.593613
vt 0.978874 0.605722
vt 0.974009 0.605721
vt 0.974009 0.593612
vt 0.860205 0.982235
vt 0.860700 0.973210
vt 0.865544 0.973037
vt 0.865049 0.982062
vt 0.860205 0.961128
vt 0.865049 0.960955
vt 0.861021 0.931703
vt 0.860205 0.923494
vt 0.865055 0.923513
vt 0.865871 0.931722
vt 0.860205 0.911395
vt 0.865055 0.911414
vt 0.535912 0.905066
vt 0.544449 0.896499
vt 0.556522 0.896491
vt 0.565058 0.905048
vt 0.565058 0.917157
vt 0.556522 0.925724
vt 0.544449 0.925731
vt 0.535912 0.917174
vt 0.861021 0.902493
vt 0.865871 0.902512
vt 0.506678 0.905053
vt 0.506679 0.917162
vt 0.498133 0.925724
vt 0.486047 0.925724
vt 0.477499 0.917162
vt 0.477498 0.905053
vt 0.486044 0.896491
vt 0.498131 0.896491
vt 0.617872 0.974925
vt 0.634301 0.974895
vt 0.634301 0.984976
vt 0.617872 0.985006
vt 0.618169 0.968105
vt 0.634598 0.968075
vt 0.140745 0.937265
vt 0.144507 0.925724
vt 0.154330 0.927388
vt 0.150568 0.938929
vt 0.991914 0.372752
vt 0.975490 0.372731
vt 0.975839 0.365405
vt 0.992263 0.365426
vt 0.991914 0.382839
vt 0.975490 0.382818
vt 0.992263 0.389778
vt 0.975839 0.389757
vt 0.633811 0.886400
vt 0.633811 0.898674
vt 0.623969 0.900156
vt 0.623969 0.887881
vt 0.157514 0.952043
vt 0.150568 0.955811
vt 0.140745 0.954147
vt 0.133799 0.948025
vt 0.133799 0.941033
vt 0.157514 0.945051
vt 0.634598 0.992413
vt 0.618169 0.992443
vt 0.986312 0.866643
vt 0.979075 0.865679
vt 0.973958 0.857929
vt 0.973958 0.847933
vt 0.979075 0.841548
vt 0.986311 0.842513
vt 0.991429 0.850263
vt 0.991429 0.860258
vt 0.159660 0.930985
vt 0.168241 0.926122
vt 0.170077 0.933083
vt 0.160891 0.935694
vt 0.177434 0.925724
vt 0.179271 0.932685
vt 0.114439 0.986713
vt 0.114439 0.976882
vt 0.118209 0.977009
vt 0.120046 0.986921
vt 0.077168 0.965815
vt 0.077357 0.975891
vt 0.076151 0.976240
vt 0.073358 0.966755
vt 0.423933 0.975539
vt 0.421138 0.985031
vt 0.421873 0.985080
vt 0.422408 0.975540
vt 0.704382 0.918310
vt 0.710962 0.923573
vt 0.710547 0.924779
vt 0.704487 0.917668
vt 0.721023 0.924232
vt 0.719872 0.928050
vt 0.170873 0.940305
vt 0.161456 0.940884
vt 0.170874 0.947338
vt 0.161456 0.946088
vt 0.170077 0.954224
vt 0.160891 0.951039
vt 0.168240 0.960408
vt 0.159660 0.955226
vt 0.180067 0.939906
vt 0.180067 0.946940
vt 0.179271 0.953825
vt 0.177434 0.960009
vt 0.066482 0.960393
vt 0.070085 0.969292
vt 0.061917 0.963903
vt 0.067468 0.972909
vt 0.058379 0.968792
vt 0.065640 0.977421
vt 0.055850 0.975087
vt 0.064977 0.982665
vt 0.054892 0.982867
vt 0.074707 0.977400
vt 0.073391 0.979218
vt 0.072555 0.981209
vt 0.072309 0.982867
vt 0.421593 0.985142
vt 0.420124 0.975863
vt 0.420827 0.985330
vt 0.417573 0.976489
vt 0.420553 0.985404
vt 0.415437 0.977249
vt 0.421146 0.985028
vt 0.414147 0.977938
vt 0.423933 0.994106
vt 0.423653 0.994169
vt 0.422887 0.994357
vt 0.422613 0.994430
vt 0.709308 0.926189
vt 0.704292 0.917813
vt 0.707419 0.927438
vt 0.703724 0.918189
vt 0.705383 0.928193
vt 0.703509 0.918315
vt 0.703712 0.928366
vt 0.704389 0.918307
vt 0.717156 0.931249
vt 0.713397 0.933734
vt 0.708787 0.935377
vt 0.703509 0.935806
vt 0.728670 0.919900
vt 0.705136 0.911525
vt 0.712782 0.907193
vt 0.722843 0.907852
vt 0.729424 0.913115
vt 0.105253 0.953210
vt 0.096158 0.957547
vt 0.093717 0.949974
vt 0.103621 0.948095
vt 0.089081 0.960125
vt 0.086640 0.952552
vt 0.474223 0.988479
vt 0.465236 0.983890
vt 0.466986 0.978829
vt 0.476842 0.980985
vt 0.000000 0.984444
vt 0.006371 0.981068
vt 0.007500 0.982348
vt 0.003465 0.988539
vt 0.014903 0.975682
vt 0.014381 0.974970
vt 0.961681 0.345203
vt 0.971254 0.348366
vt 0.970472 0.349885
vt 0.962017 0.344387
vt 0.977963 0.349867
vt 0.975601 0.354687
vt 0.093105 0.942948
vt 0.103194 0.943051
vt 0.093853 0.936689
vt 0.103747 0.938420
vt 0.095965 0.931159
vt 0.105253 0.934438
vt 0.040877 0.960393
vt 0.043022 0.967852
vt 0.033898 0.968070
vt 0.034326 0.960595
vt 0.086028 0.945526
vt 0.054892 0.967464
vt 0.054892 0.977542
vt 0.049606 0.977772
vt 0.049606 0.967693
vt 0.043022 0.977931
vt 0.033898 0.978148
vt 0.467445 0.973823
vt 0.477498 0.974013
vt 0.466851 0.969216
vt 0.476696 0.967785
vt 0.465236 0.965241
vt 0.474430 0.962265
vt 0.040877 0.984725
vt 0.034326 0.984927
vt 0.009333 0.983649
vt 0.007557 0.991515
vt 0.011494 0.984595
vt 0.011857 0.993397
vt 0.013407 0.984934
vt 0.016143 0.994089
vt 0.472574 0.923539
vt 0.472741 0.913921
vt 0.474958 0.913781
vt 0.477470 0.923539
vt 0.014615 0.975087
vt 0.015265 0.975371
vt 0.016143 0.975063
vt 0.014897 0.975681
vt 0.015307 0.984301
vt 0.370057 0.841310
vt 0.370057 0.831228
vt 0.370257 0.831236
vt 0.370257 0.841318
vt 0.370839 0.831258
vt 0.370839 0.841340
vt 0.372288 0.831434
vt 0.372288 0.841516
vt 0.969035 0.351612
vt 0.961822 0.344560
vt 0.967213 0.353090
vt 0.961275 0.345004
vt 0.965492 0.353925
vt 0.960158 0.344853
vt 0.963347 0.353738
vt 0.961687 0.345201
vt 0.972406 0.358611
vt 0.968781 0.361552
vt 0.964910 0.363358
vt 0.960158 0.363264
vt 0.107002 0.969747
vt 0.107002 0.959656
vt 0.114123 0.952521
vt 0.124196 0.952521
vt 0.131318 0.959657
vt 0.131319 0.969747
vt 0.124198 0.976882
vt 0.114125 0.976882
vt 0.900994 0.448526
vt 0.900994 0.467162
vt 0.890926 0.467628
vt 0.890926 0.448992
vt 0.875641 0.925758
vt 0.875641 0.943828
vt 0.865871 0.942259
vt 0.865871 0.924189
vt 0.884334 0.922571
vt 0.884334 0.940641
vt 0.633756 0.832680
vt 0.633756 0.850576
vt 0.623969 0.849025
vt 0.623968 0.831129
vt 0.105300 0.866202
vt 0.105300 0.883222
vt 0.095226 0.882838
vt 0.095226 0.865818
vt 0.104975 0.826510
vt 0.104975 0.845414
vt 0.095225 0.846906
vt 0.095225 0.828002
vt 0.608143 0.925002
vt 0.608143 0.943714
vt 0.599304 0.940866
vt 0.599304 0.922154
vt 0.617835 0.923358
vt 0.617835 0.942070
vt 0.194889 0.389778
vt 0.875641 0.905680
vt 0.865871 0.904111
vt 0.884334 0.902493
vt 0.633756 0.812796
vt 0.623969 0.811244
vt 0.105300 0.847290
vt 0.095226 0.846906
vt 0.104975 0.805505
vt 0.095225 0.806998
vt 0.608143 0.904210
vt 0.599304 0.901363
vt 0.617835 0.902566
vt 0.900994 0.483933
vt 0.890926 0.484399
vt 0.754136 0.376155
vt 0.756101 0.375844
vt 0.756101 0.385753
vt 0.754136 0.386064
vt 0.985642 0.195026
vt 0.987642 0.195202
vt 0.990058 0.204139
vt 0.988057 0.203964
vt 0.987642 0.213735
vt 0.985642 0.213560
vt 0.755998 0.406383
vt 0.754136 0.406297
vt 0.754136 0.396218
vt 0.755998 0.396304
vt 0.033898 0.993541
vt 0.031823 0.993676
vt 0.029555 0.984111
vt 0.031630 0.983976
vt 0.031823 0.975105
vt 0.033898 0.974970
vt 0.756213 0.375844
vt 0.754136 0.375526
vt 0.754137 0.365663
vt 0.756213 0.365981
vt 0.754136 0.386136
vt 0.756026 0.386064
vt 0.756026 0.396146
vt 0.754136 0.396218
vt 0.497830 0.955171
vt 0.489286 0.960033
vt 0.487537 0.953094
vt 0.496657 0.950476
vt 0.480006 0.960383
vt 0.478257 0.953444
vt 0.985876 0.467264
vt 0.985876 0.477127
vt 0.982042 0.477071
vt 0.980174 0.467160
vt 0.961178 0.977451
vt 0.956456 0.968543
vt 0.957342 0.967588
vt 0.964052 0.974576
vt 0.890926 0.681714
vt 0.893755 0.672218
vt 0.893027 0.672166
vt 0.892440 0.681718
vt 0.633756 0.717265
vt 0.633756 0.707978
vt 0.634489 0.707786
vt 0.634489 0.717073
vt 0.985008 0.195903
vt 0.979867 0.203122
vt 0.978670 0.202645
vt 0.985641 0.196040
vt 0.979544 0.213195
vt 0.975758 0.211850
vt 0.486779 0.945879
vt 0.496119 0.945291
vt 0.486778 0.938841
vt 0.496119 0.940084
vt 0.487537 0.931939
vt 0.496657 0.935121
vt 0.489287 0.925724
vt 0.497830 0.930913
vt 0.477498 0.946230
vt 0.477498 0.939191
vt 0.478257 0.932290
vt 0.480006 0.926075
vt 0.973159 0.977451
vt 0.965737 0.970560
vt 0.975523 0.971875
vt 0.966367 0.965930
vt 0.976374 0.965616
vt 0.965908 0.960920
vt 0.975715 0.958638
vt 0.964109 0.955878
vt 0.973024 0.951172
vt 0.958068 0.965780
vt 0.958384 0.963452
vt 0.958207 0.961226
vt 0.957671 0.959612
vt 0.893306 0.672104
vt 0.894719 0.681398
vt 0.894073 0.671917
vt 0.897271 0.680775
vt 0.894348 0.671844
vt 0.899416 0.680015
vt 0.893747 0.672221
vt 0.900718 0.679324
vt 0.890926 0.663152
vt 0.891205 0.663090
vt 0.891972 0.662903
vt 0.892247 0.662830
vt 0.632795 0.620139
vt 0.632795 0.613313
vt 0.633679 0.613338
vt 0.633679 0.620164
vt 0.977246 0.201330
vt 0.985493 0.195838
vt 0.975959 0.199370
vt 0.985106 0.195249
vt 0.975152 0.197287
vt 0.984975 0.195026
vt 0.974928 0.195600
vt 0.985011 0.195911
vt 0.972529 0.208962
vt 0.969969 0.205062
vt 0.968207 0.200349
vt 0.967617 0.195026
vt 0.809687 0.945166
vt 0.808856 0.951972
vt 0.801126 0.950174
vt 0.804477 0.943929
vt 0.894845 0.936936
vt 0.884779 0.936906
vt 0.884468 0.930500
vt 0.894534 0.930530
vt 0.835795 0.926776
vt 0.834851 0.934220
vt 0.829569 0.935052
vt 0.827963 0.927974
vt 0.834487 0.944292
vt 0.832813 0.944607
vt 0.834919 0.951092
vt 0.835795 0.951040
vt 0.809820 0.927651
vt 0.810086 0.935092
vt 0.808439 0.934650
vt 0.810691 0.927770
vt 0.902106 0.927365
vt 0.894400 0.923533
vt 0.902011 0.922334
vt 0.894400 0.916474
vt 0.902011 0.917111
vt 0.894534 0.909311
vt 0.902106 0.911963
vt 0.794046 0.932653
vt 0.786757 0.934639
vt 0.785554 0.926776
vt 0.793211 0.927352
vt 0.884334 0.923503
vt 0.884334 0.916444
vt 0.884468 0.909281
vt 0.884778 0.902493
vt 0.894845 0.902523
vt 0.824927 0.937494
vt 0.821489 0.931352
vt 0.821117 0.941034
vt 0.816339 0.936136
vt 0.818333 0.945490
vt 0.812483 0.942354
vt 0.817100 0.950710
vt 0.810691 0.950099
vt 0.830762 0.945725
vt 0.828846 0.947504
vt 0.827578 0.949469
vt 0.827137 0.951118
vt 0.205649 0.972039
vt 0.207845 0.964475
vt 0.208130 0.964449
vt 0.207920 0.971843
vt 0.208917 0.964375
vt 0.210536 0.971599
vt 0.835000 0.951757
vt 0.834803 0.951960
vt 0.834923 0.951085
vt 0.206908 0.954432
vt 0.207193 0.954406
vt 0.207979 0.954333
vt 0.208262 0.954306
vt 0.209200 0.964348
vt 0.806475 0.933376
vt 0.810486 0.927572
vt 0.205656 0.947599
vt 0.208273 0.947354
vt 0.210536 0.947125
vt 0.809770 0.926776
vt 0.803579 0.929396
vt 0.803264 0.927717
vt 0.800026 0.941136
vt 0.796489 0.937313
vt 0.804697 0.931454
vt 0.634562 0.620164
vt 0.633679 0.620128
vt 0.634562 0.613726
vt 0.884350 0.683243
vt 0.874291 0.683191
vt 0.874312 0.680703
vt 0.884371 0.680755
vt 0.940013 0.001465
vt 0.949968 0.000000
vt 0.950115 0.001853
vt 0.940160 0.003318
vt 0.866619 0.682854
vt 0.866640 0.680367
vt 0.943681 0.641925
vt 0.933618 0.641686
vt 0.933779 0.639855
vt 0.943842 0.640094
vt 0.926679 0.731921
vt 0.920250 0.731578
vt 0.920235 0.729091
vt 0.926664 0.729434
vt 0.910204 0.731589
vt 0.910190 0.729102
vt 0.751700 0.417280
vt 0.751700 0.409601
vt 0.754187 0.409513
vt 0.754187 0.417192
vt 0.935427 0.968030
vt 0.956456 0.968030
vt 0.956052 0.975504
vt 0.935023 0.975504
vt 0.935398 0.957951
vt 0.956426 0.957951
vt 0.934952 0.951172
vt 0.955981 0.951172
vt 0.790332 0.626400
vt 0.790332 0.611347
vt 0.800325 0.610593
vt 0.800325 0.625646
vt 0.535912 0.971952
vt 0.556958 0.971952
vt 0.557256 0.979377
vt 0.536209 0.979377
vt 0.535930 0.961870
vt 0.556976 0.961870
vt 0.536254 0.955037
vt 0.557300 0.955037
vt 0.800325 0.624946
vt 0.810278 0.611622
vt 0.810278 0.625974
vt 0.909838 0.475011
vt 0.909349 0.389850
vt 0.919436 0.389778
vt 0.919925 0.474939
vt 0.902902 0.475408
vt 0.902413 0.390248
vt 0.945084 0.192466
vt 0.950115 0.255911
vt 0.940421 0.258166
vt 0.935390 0.194721
vt 0.882768 0.426713
vt 0.883486 0.341526
vt 0.890926 0.341305
vt 0.890208 0.426492
vt 0.872687 0.426610
vt 0.873405 0.341423
vt 0.865871 0.426243
vt 0.866589 0.341056
vt 0.927254 0.453073
vt 0.932757 0.390373
vt 0.942703 0.389778
vt 0.937199 0.452478
vt 0.926764 0.390075
vt 0.927254 0.475236
vt 0.949935 0.004003
vt 0.940014 0.005416
vt 0.890926 0.680492
vt 0.884424 0.677899
vt 0.890896 0.677634
vt 0.874416 0.677850
vt 0.866733 0.677516
vt 0.933829 0.637768
vt 0.943849 0.638054
vt 0.920301 0.726241
vt 0.926647 0.726585
vt 0.910307 0.726249
vt 0.902413 0.729461
vt 0.902521 0.726604
vt 0.949432 0.010083
vt 0.939604 0.011351
vt 0.948660 0.019535
vt 0.938968 0.020581
vt 0.947676 0.031802
vt 0.938147 0.032566
vt 0.946532 0.046326
vt 0.937178 0.046764
vt 0.945279 0.062552
vt 0.936097 0.062633
vt 0.943962 0.079924
vt 0.934934 0.079629
vt 0.942620 0.097887
vt 0.933716 0.097206
vt 0.941290 0.115884
vt 0.932469 0.114814
vt 0.940002 0.133346
vt 0.931230 0.131893
vt 0.938791 0.149700
vt 0.930040 0.147879
vt 0.937696 0.164371
vt 0.928948 0.162211
vt 0.936761 0.176785
vt 0.928004 0.174330
vt 0.936032 0.186365
vt 0.927260 0.183676
vt 0.935558 0.192536
vt 0.926774 0.189693
vt 0.909767 0.477869
vt 0.902912 0.478268
vt 0.884573 0.669826
vt 0.890816 0.669558
vt 0.884807 0.657282
vt 0.890702 0.657009
vt 0.885110 0.641014
vt 0.890570 0.640734
vt 0.632754 0.622522
vt 0.624975 0.619247
vt 0.624899 0.605882
vt 0.632782 0.608793
vt 0.624783 0.590973
vt 0.632795 0.593492
vt 0.624623 0.575045
vt 0.632794 0.577156
vt 0.624419 0.558621
vt 0.632785 0.560324
vt 0.624178 0.542228
vt 0.632777 0.543530
vt 0.623920 0.526379
vt 0.632779 0.527295
vt 0.623665 0.511584
vt 0.632795 0.512135
vt 0.947316 0.146753
vt 0.946578 0.161650
vt 0.945962 0.174254
vt 0.945490 0.183981
vt 0.945189 0.190247
vt 0.874704 0.669786
vt 0.875144 0.657256
vt 0.875702 0.641005
vt 0.876345 0.621777
vt 0.885473 0.621766
vt 0.877045 0.600318
vt 0.885886 0.600285
vt 0.877779 0.577371
vt 0.886343 0.577315
vt 0.878529 0.553682
vt 0.886841 0.553602
vt 0.879280 0.529996
vt 0.887378 0.529891
vt 0.880017 0.507055
vt 0.887937 0.506926
vt 0.880721 0.485604
vt 0.888493 0.485452
vt 0.881368 0.466386
vt 0.889021 0.466212
vt 0.881929 0.450144
vt 0.889489 0.449952
vt 0.882372 0.437623
vt 0.889866 0.437415
vt 0.882664 0.429564
vt 0.890117 0.429347
vt 0.866990 0.669462
vt 0.867375 0.656946
vt 0.867855 0.640712
vt 0.868396 0.621504
vt 0.868967 0.600066
vt 0.869542 0.577141
vt 0.870097 0.553473
vt 0.870615 0.529807
vt 0.871092 0.506885
vt 0.871524 0.485452
vt 0.871906 0.466249
vt 0.872227 0.450021
vt 0.872473 0.437510
vt 0.872632 0.429459
vt 0.933965 0.631869
vt 0.943869 0.632283
vt 0.934168 0.622695
vt 0.943899 0.623308
vt 0.934416 0.610787
vt 0.943936 0.611654
vt 0.934691 0.596683
vt 0.943981 0.597845
vt 0.934977 0.580923
vt 0.944036 0.582412
vt 0.935265 0.564045
vt 0.944105 0.565883
vt 0.935549 0.546589
vt 0.944199 0.548791
vt 0.935827 0.529096
vt 0.944327 0.531672
vt 0.204446 0.756585
vt 0.213212 0.755196
vt 0.213212 0.771294
vt 0.204509 0.773092
vt 0.213204 0.786322
vt 0.204537 0.788513
vt 0.213186 0.799767
vt 0.204535 0.802320
vt 0.213161 0.811115
vt 0.204512 0.813983
vt 0.866065 0.449655
vt 0.865967 0.437144
vt 0.865897 0.429093
vt 0.920487 0.718188
vt 0.926603 0.718535
vt 0.920777 0.705673
vt 0.926545 0.706024
vt 0.921155 0.689440
vt 0.926486 0.689797
vt 0.927254 0.614714
vt 0.927371 0.600276
vt 0.927469 0.584156
vt 0.927536 0.566909
vt 0.927564 0.549086
vt 0.927551 0.531238
vt 0.927509 0.513925
vt 0.936101 0.512123
vt 0.927453 0.497713
vt 0.936369 0.496227
vt 0.927394 0.483168
vt 0.936621 0.481968
vt 0.927339 0.470860
vt 0.936847 0.469905
vt 0.927295 0.461360
vt 0.937031 0.460596
vt 0.927265 0.455240
vt 0.937154 0.454601
vt 0.910635 0.718186
vt 0.911137 0.705656
vt 0.911774 0.689404
vt 0.912512 0.670174
vt 0.921605 0.670232
vt 0.913319 0.648709
vt 0.922117 0.648792
vt 0.914168 0.625753
vt 0.922680 0.625862
vt 0.915037 0.602051
vt 0.923289 0.602187
vt 0.915907 0.578346
vt 0.923937 0.578510
vt 0.916761 0.555384
vt 0.924603 0.555575
vt 0.917574 0.533909
vt 0.925261 0.534127
vt 0.918320 0.514668
vt 0.925879 0.514910
vt 0.918965 0.498405
vt 0.926424 0.498669
vt 0.919473 0.485865
vt 0.926860 0.486147
vt 0.919806 0.477795
vt 0.927149 0.478088
vt 0.902821 0.718529
vt 0.903273 0.705983
vt 0.903840 0.689710
vt 0.904483 0.670456
vt 0.905170 0.648965
vt 0.905868 0.625984
vt 0.906551 0.602255
vt 0.907198 0.578526
vt 0.907800 0.555539
vt 0.908350 0.534043
vt 0.908837 0.514781
vt 0.909247 0.498501
vt 0.909564 0.485948
s 0
g piping2_
usemtl blue
f 9/47/14 10/48/14 11/49/14 12/50/14 13/51/14 14/52/14 15/53/14 16/54/14
g piping2_blue
usemtl blue
f 119/295/14 120/296/14 114/297/14 113/298/14 115/299/14 116/300/14 117/301/14 118/302/14
f 160/331/15 176/331/15 182/331/15 174/331/15
f 174/331/15 182/331/87 181/331/15 172/331/88
f 172/331/15 181/331/89 180/331/15 170/331/90
f 170/331/15 180/331/91 179/331/15 168/331/92
f 168/331/15 179/331/15 178/331/15 166/331/15
f 166/331/15 178/331/88 177/331/15 164/331/87
f 164/331/15 177/331/90 175/331/15 162/331/89
f 162/331/15 175/331/92 176/331/15 160/331/91
f 176/331/15 184/331/15 190/331/15 182/331/15
f 182/331/15 190/331/87 189/331/15 181/331/88
f 181/331/15 189/331/89 188/331/15 180/331/90
f 180/331/15 188/331/91 187/331/15 179/331/92
f 179/331/15 187/331/15 186/331/15 178/331/15
f 178/331/15 186/331/88 185/331/15 177/331/87
f 177/331/15 185/331/90 183/331/15 175/331/89
f 175/331/15 183/331/92 184/331/15 176/331/91
f 184/331/15 192/331/15 198/331/15 190/331/15
f 190/331/15 198/331/87 197/331/15 189/331/88
f 189/331/15 197/331/89 196/331/15 188/331/90
f 188/331/15 196/331/91 195/331/15 187/331/92
f 187/331/15 195/331/15 194/331/15 186/331/15
f 186/331/15 194/331/88 193/331/15 185/331/87
f 185/331/15 193/331/90 191/331/15 183/331/89
f 183/331/15 191/331/92 192/331/15 184/331/91
f 192/331/15 208/331/15 214/331/15 198/331/15
f 198/331/15 214/331/87 213/331/15 197/331/88
f 197/331/15 213/331/89 212/331/15 196/331/90
f 196/331/15 212/331/91 211/331/15 195/331/92
f 195/331/15 211/331/15 210/331/15 194/331/15
f 194/331/15 210/331/88 209/331/15 193/331/87
f 193/331/15 209/331/90 207/331/15 191/331/89
f 191/331/15 207/331/92 208/331/15 192/331/91
f 241/392/101 239/393/101 274/394/101 270/395/101
f 267/439/122 271/440/122 232/441/122 233/442/122
f 347/331/158 348/331/15 372/331/159 371/331/15
f 349/331/160 350/331/15 374/331/161 373/331/15
f 346/331/162 347/331/15 371/331/163 370/331/15
f 348/331/164 349/331/15 373/331/165 372/331/15
f 350/331/163 343/331/15 369/331/166 374/331/15
g piping2_
usemtl blue
f 24/25/7 23/26/7 10/27/7 9/28/7
f 23/26/8 22/29/8 11/30/8 10/27/8
f 22/31/9 21/32/9 12/33/9 11/34/9
f 21/35/10 20/36/10 13/37/10 12/38/10
f 20/36/11 19/39/11 14/40/11 13/37/11
f 19/41/12 18/42/12 15/43/12 14/44/12
f 18/42/13 17/45/13 16/46/13 15/43/13
f 17/45/15 24/55/15 9/56/15 16/46/15
f 25/57/7 27/58/7 28/59/7 26/60/7
f 27/58/8 29/61/8 30/62/8 28/59/8
f 29/63/9 31/64/9 32/65/9 30/66/9
f 31/67/10 33/68/10 34/69/10 32/70/10
f 33/68/11 35/71/11 36/72/11 34/69/11
f 35/73/12 37/74/12 38/75/12 36/76/12
f 37/74/13 39/77/13 40/78/13 38/75/13
f 25/79/16 39/80/16 37/81/16 35/82/16 33/83/16 31/84/16 29/85/16 27/86/16
f 39/77/15 25/87/15 26/88/15 40/78/15
f 26/89/14 28/90/14 30/91/14 32/92/14 34/93/14 36/94/14 38/95/14 40/96/14
f 44/97/17 43/98/17 41/99/17 42/100/17
f 46/101/18 45/102/18 43/98/18 44/97/18
f 48/103/19 47/104/19 45/105/19 46/106/19
f 50/107/20 49/108/20 47/109/20 48/110/20
f 52/111/21 51/112/21 49/108/21 50/107/21
f 54/113/22 53/114/22 51/112/22 52/111/22
f 56/115/23 55/116/23 53/117/23 54/118/23
f 42/119/12 56/120/12 54/121/12 52/122/12 50/123/12 48/103/12 46/106/12 44/124/12
f 42/100/24 41/99/24 55/125/24 56/126/24
f 41/127/8 43/128/8 45/129/8 47/130/8 49/131/8 51/132/8 53/133/8 55/134/8
f 72/135/25 71/136/25 80/137/25 73/138/25
f 71/136/26 70/139/26 84/140/26 80/137/26
f 70/141/27 69/142/27 88/143/27 84/144/27
f 69/145/20 68/146/20 92/147/20 88/148/20
f 68/149/28 67/150/28 96/151/28 92/152/28
f 65/153/29 66/154/29 104/155/29 100/156/29
f 66/154/24 72/157/24 73/158/24 104/155/24
f 73/138/30 80/137/30 79/159/30 74/160/30
f 74/160/31 79/159/31 78/161/31 75/162/31
f 75/162/32 78/161/32 77/163/32 76/164/32
f 76/164/33 77/163/33 63/165/33 64/166/33
f 80/137/34 84/140/34 83/167/34 79/159/34
f 79/159/35 83/167/35 82/168/35 78/161/35
f 78/161/36 82/168/36 81/169/36 77/163/36
f 77/163/37 81/169/37 62/170/37 63/165/37
f 84/171/38 88/148/38 87/172/38 83/173/38
f 83/173/39 87/172/39 86/174/39 82/175/39
f 82/175/40 86/174/40 85/176/40 81/177/40
f 81/177/41 85/176/41 61/178/41 62/179/41
f 88/148/20 92/147/20 91/180/20 87/172/20
f 87/172/20 91/180/20 90/181/20 86/174/20
f 86/174/20 90/181/20 89/182/20 85/176/20
f 85/176/20 89/182/20 60/183/20 61/178/20
f 92/152/42 96/151/42 95/184/42 91/185/42
f 91/185/43 95/184/43 94/186/43 90/187/43
f 90/187/44 94/186/44 93/188/44 89/189/44
f 89/189/45 93/188/45 59/190/45 60/191/45
f 96/151/46 100/192/46 99/193/46 95/184/46
f 95/184/47 99/193/47 98/194/47 94/186/47
f 94/186/48 98/194/48 97/195/48 93/188/48
f 100/156/49 104/155/49 103/196/49 99/197/49
f 99/197/50 103/196/50 102/198/50 98/199/50
f 98/199/51 102/198/51 101/200/51 97/201/51
f 97/201/52 101/200/52 57/202/52 58/203/52
f 104/155/24 73/158/24 74/204/24 103/196/24
f 103/196/24 74/204/24 75/205/24 102/198/24
f 102/198/24 75/205/24 76/206/24 101/200/24
f 101/200/24 76/206/24 64/207/24 57/202/24
f 71/208/18 72/157/18 66/154/18 65/153/18 67/209/18 68/210/18 69/211/18 70/212/18
f 120/213/53 119/214/53 128/215/53 121/216/53
f 119/214/54 118/217/54 132/218/54 128/215/54
f 118/219/55 117/220/55 136/221/55 132/222/55
f 117/223/8 116/224/8 140/225/8 136/226/8
f 116/224/56 115/227/56 144/228/56 140/225/56
f 113/229/57 114/230/57 152/231/57 148/232/57
f 114/230/12 120/233/12 121/234/12 152/231/12
f 121/216/58 128/215/58 127/235/58 122/236/58
f 122/236/59 127/235/59 126/237/59 123/238/59
f 123/238/60 126/237/60 125/239/60 124/240/60
f 124/241/61 125/242/61 111/243/61 112/244/61
f 128/215/62 132/218/62 131/245/62 127/235/62
f 127/246/63 131/247/63 130/248/63 126/249/63
f 126/249/64 130/248/64 129/250/64 125/242/64
f 125/242/65 129/250/65 110/251/65 111/243/65
f 132/222/66 136/221/66 135/252/66 131/253/66
f 131/253/67 135/252/67 134/254/67 130/255/67
f 130/255/68 134/254/68 133/256/68 129/257/68
f 129/250/69 133/258/69 109/259/69 110/251/69
f 136/226/8 140/225/8 139/260/8 135/261/8
f 135/261/8 139/260/8 138/262/8 134/263/8
f 134/263/8 138/262/8 137/264/8 133/265/8
f 133/266/70 137/267/70 108/268/70 109/269/70
f 140/225/71 144/228/71 143/270/71 139/260/71
f 139/260/72 143/270/72 142/271/72 138/262/72
f 138/262/73 142/271/73 141/272/73 137/264/73
f 137/264/74 141/272/74 107/273/74 108/274/74
f 144/275/75 148/276/75 147/277/75 143/278/75
f 143/278/76 147/277/76 146/279/76 142/280/76
f 142/280/77 146/279/77 145/281/77 141/282/77
f 148/232/78 152/231/78 151/283/78 147/284/78
f 147/284/79 151/283/79 150/285/79 146/286/79
f 146/286/80 150/285/80 149/287/80 145/288/80
f 145/288/81 149/287/81 105/289/81 106/290/81
f 152/231/12 121/234/12 122/291/12 151/283/12
f 151/283/12 122/291/12 123/292/12 150/285/12
f 150/285/12 123/292/12 124/293/12 149/287/12
f 149/287/82 124/293/82 112/294/82 105/289/82
f 224/303/20 221/304/20 215/305/20 230/306/20
f 222/307/83 161/308/83 159/309/83 221/310/83
f 220/311/12 163/312/12 161/308/12 222/307/12
f 219/313/84 165/314/84 163/315/84 220/316/84
f 218/317/24 167/318/24 165/319/24 219/320/24
f 217/321/85 169/322/85 167/323/85 218/324/85
f 216/325/8 171/326/8 169/327/8 217/328/8
f 215/329/86 173/330/86 171/326/86 216/325/86
f 223/332/83 222/307/83 221/310/83 224/333/83
f 225/334/12 220/311/12 222/307/12 223/332/12
f 226/335/84 219/313/84 220/316/84 225/336/84
f 227/337/24 218/317/24 219/320/24 226/338/24
f 228/339/93 217/321/93 218/324/93 227/340/93
f 229/341/8 216/325/8 217/328/8 228/342/8
f 230/343/86 215/329/86 216/325/86 229/341/86
f 221/304/20 159/344/20 173/345/20 215/305/20
f 214/346/94 230/347/94 229/348/94 213/349/94
f 213/350/12 229/351/12 228/352/12 212/353/12
f 212/353/95 228/352/95 227/354/95 211/355/95
f 211/356/20 227/357/20 226/358/20 210/359/20
f 210/360/96 226/361/96 225/362/96 209/363/96
f 209/363/8 225/362/8 223/364/8 207/365/8
f 207/366/93 223/367/93 224/368/93 208/369/93
f 208/370/24 224/371/24 230/372/24 214/373/24
f 246/374/97 245/375/97 254/376/97 247/377/97
f 245/375/98 244/378/98 258/379/98 254/376/98
f 244/380/99 243/381/99 262/382/99 258/383/99
f 243/384/24 242/385/24 266/386/24 262/387/24
f 242/388/100 241/389/100 270/390/100 266/391/100
f 239/396/102 240/397/102 278/398/102 274/399/102
f 240/397/20 246/400/20 247/401/20 278/398/20
f 247/377/103 254/376/103 253/402/103 248/403/103
f 248/403/104 253/402/104 252/404/104 249/405/104
f 249/405/105 252/404/105 251/406/105 250/407/105
f 250/407/106 251/406/106 237/408/106 238/409/106
f 254/376/107 258/379/107 257/410/107 253/402/107
f 253/402/108 257/410/108 256/411/108 252/404/108
f 252/404/109 256/411/109 255/412/109 251/406/109
f 251/406/110 255/412/110 236/413/110 237/408/110
f 258/414/111 262/387/111 261/415/111 257/416/111
f 257/416/112 261/415/112 260/417/112 256/418/112
f 256/418/113 260/417/113 259/419/113 255/420/113
f 255/420/114 259/419/114 235/421/114 236/422/114
f 262/387/24 266/386/24 265/423/24 261/415/24
f 261/415/24 265/423/24 264/424/24 260/417/24
f 260/417/24 264/424/24 263/425/24 259/419/24
f 259/419/24 263/425/24 234/426/24 235/421/24
f 266/391/115 270/390/115 269/427/115 265/428/115
f 265/428/116 269/427/116 268/429/116 264/430/116
f 264/430/117 268/429/117 267/431/117 263/432/117
f 263/432/118 267/431/118 233/433/118 234/434/118
f 270/390/119 274/435/119 273/436/119 269/427/119
f 269/427/120 273/436/120 272/437/120 268/429/120
f 268/429/121 272/437/121 271/438/121 267/431/121
f 274/399/123 278/398/123 277/443/123 273/444/123
f 273/444/124 277/443/124 276/445/124 272/446/124
f 272/446/125 276/445/125 275/447/125 271/448/125
f 271/448/126 275/447/126 231/449/126 232/450/126
f 278/398/20 247/401/20 248/451/20 277/443/20
f 277/443/20 248/451/20 249/452/20 276/445/20
f 276/445/20 249/452/20 250/453/20 275/447/20
f 275/447/20 250/453/20 238/454/20 231/449/20
f 310/455/127 309/456/127 318/457/127 311/458/127
f 309/459/128 308/460/128 322/461/128 318/462/128
f 308/463/129 307/464/129 326/465/129 322/466/129
f 307/464/130 306/467/130 330/468/130 326/465/130
f 306/467/131 305/469/131 334/470/131 330/468/131
f 303/471/132 304/472/132 342/473/132 338/474/132
f 304/472/133 310/455/133 311/458/133 342/473/133
f 311/475/134 318/462/134 317/476/134 312/477/134
f 312/477/135 317/476/135 316/478/135 313/479/135
f 313/479/136 316/478/136 315/480/136 314/481/136
f 314/482/137 315/483/137 301/484/137 302/485/137
f 318/462/138 322/461/138 321/486/138 317/476/138
f 317/476/139 321/486/139 320/487/139 316/478/139
f 316/478/140 320/487/140 319/488/140 315/480/140
f 315/480/141 319/488/141 300/489/141 301/490/141
f 322/466/142 326/465/142 325/491/142 321/492/142
f 321/492/143 325/491/143 324/493/143 320/494/143
f 320/494/144 324/493/144 323/495/144 319/496/144
f 319/496/145 323/495/145 299/497/145 300/498/145
f 326/465/130 330/468/130 329/499/130 325/491/130
f 325/491/130 329/499/130 328/500/130 324/493/130
f 324/493/130 328/500/130 327/501/130 323/495/130
f 323/495/130 327/501/130 298/502/130 299/497/130
f 330/503/146 334/504/146 333/505/146 329/506/146
f 329/506/147 333/505/147 332/507/147 328/508/147
f 328/500/148 332/509/148 331/510/148 327/501/148
f 327/501/149 331/510/149 297/511/149 298/502/149
f 334/504/150 338/512/150 337/513/150 333/505/150
f 333/505/151 337/513/151 336/514/151 332/507/151
f 332/507/152 336/514/152 335/515/152 331/516/152
f 338/474/153 342/473/153 341/517/153 337/518/153
f 337/513/154 341/519/154 340/520/154 336/514/154
f 336/514/155 340/520/155 339/521/155 335/515/155
f 335/522/156 339/523/156 295/524/156
f 342/473/133 311/458/133 312/525/133 341/517/133
f 341/517/133 312/525/133 313/526/133 340/527/133
f 340/527/133 313/526/133 314/482/133 339/523/133
f 339/523/133 314/482/133 302/485/133 295/524/133
f 296/528/157 335/529/157 295/530/157
f 343/531/133 350/532/133 382/533/133 376/534/133
f 345/535/167 296/536/167 375/537/167 377/538/167
f 350/532/168 349/539/168 381/540/168 382/533/168
f 349/541/169 348/542/169 380/543/169 381/544/169
f 348/545/170 347/546/170 379/547/170 380/548/170
f 347/546/130 346/549/130 378/550/130 379/547/130
f 345/551/171 346/552/171 378/553/171 377/554/171
f 282/555/172 281/556/172 279/557/172 280/558/172
f 284/559/16 283/560/16 281/556/16 282/555/16
f 286/561/173 285/562/173 283/560/173 284/559/173
f 288/563/8 287/564/8 285/565/8 286/566/8
f 290/567/174 289/568/174 287/569/174 288/570/174
f 292/571/14 291/572/14 289/568/14 290/567/14
f 294/573/175 293/574/175 291/572/175 292/571/175
f 280/575/12 279/565/12 293/576/12 294/577/12
f 356/578/21 355/579/21 353/580/21 354/581/21
f 358/582/22 357/583/22 355/579/22 356/578/22
f 360/584/23 359/585/23 357/586/23 358/587/23
f 362/588/24 361/589/24 359/590/24 360/591/24
f 364/592/17 363/593/17 361/589/17 362/588/17
f 366/594/18 365/595/18 363/593/18 364/592/18
f 368/596/176 367/597/176 365/598/176 366/599/176
f 354/581/20 353/580/20 367/600/20 368/601/20
f 377/538/177 375/537/177 412/602/177 383/603/177
f 375/604/178 376/534/178 427/605/178 412/606/178
f 376/534/179 382/533/179 442/607/179 427/605/179
f 382/533/180 381/540/180 457/608/180 442/607/180
f 381/544/181 380/543/181 472/609/181 457/610/181
f 380/548/182 379/547/182 487/611/182 472/612/182
f 379/547/183 378/550/183 502/613/183 487/611/183
f 378/550/184 377/614/184 383/615/184 502/613/184
f 383/603/185 412/602/185 411/616/185 384/617/185
f 384/617/186 411/616/186 410/618/186 385/619/186
f 385/619/187 410/618/187 409/620/187 386/621/187
f 386/621/188 409/620/188 408/622/188 387/623/188
f 387/623/189 408/622/189 407/624/189 388/625/189
f 388/625/190 407/624/190 406/626/190 389/627/190
f 389/627/191 406/626/191 405/628/191 390/629/191
f 390/629/192 405/628/192 404/630/192 391/631/192
f 391/631/193 404/630/193 403/632/193 392/633/193
f 392/633/194 403/632/194 402/634/194 393/635/194
f 393/635/195 402/634/195 401/636/195 394/637/195
f 394/637/196 401/636/196 400/638/196 395/639/196
f 395/639/197 400/638/197 399/640/197 396/641/197
f 396/641/198 399/640/198 398/642/198 397/643/198
f 397/644/199 398/645/199 358/582/199 356/578/199
f 412/606/200 427/605/200 426/646/200 411/647/200
f 411/647/201 426/646/201 425/648/201 410/649/201
f 410/649/202 425/648/202 424/650/202 409/651/202
f 409/652/203 424/653/203 423/654/203 408/655/203
f 408/655/204 423/654/204 422/656/204 407/657/204
f 407/657/205 422/656/205 421/658/205 406/659/205
f 406/659/206 421/658/206 420/660/206 405/661/206
f 405/661/207 420/660/207 419/662/207 404/663/207
f 404/663/208 419/662/208 418/664/208 403/665/208
f 403/665/209 418/664/209 417/666/209 402/667/209
f 402/634/210 417/668/210 416/669/210 401/636/210
f 401/636/211 416/669/211 415/670/211 400/638/211
f 400/638/212 415/670/212 414/671/212 399/640/212
f 399/640/213 414/671/213 413/672/213 398/642/213
f 398/642/214 413/672/214 360/584/214 358/587/214
f 427/605/215 442/607/215 441/673/215 426/646/215
f 426/646/216 441/673/216 440/674/216 425/648/216
f 425/648/217 440/674/217 439/675/217 424/650/217
f 424/650/218 439/675/218 438/676/218 423/677/218
f 423/677/219 438/676/219 437/678/219 422/679/219
f 422/679/220 437/678/220 436/680/220 421/681/220
f 421/681/221 436/680/221 435/682/221 420/683/221
f 420/683/222 435/682/222 434/684/222 419/685/222
f 419/685/223 434/684/223 433/686/223 418/687/223
f 418/687/224 433/686/224 432/688/224 417/689/224
f 417/689/225 432/688/225 431/690/225 416/691/225
f 416/691/226 431/690/226 430/692/226 415/693/226
f 415/693/227 430/692/227 429/694/227 414/695/227
f 414/695/228 429/694/228 428/696/228 413/697/228
f 413/697/229 428/696/229 362/588/229 360/591/229
f 442/607/230 457/608/230 456/698/230 441/673/230
f 441/673/231 456/698/231 455/699/231 440/674/231
f 440/674/232 455/699/232 454/700/232 439/675/232
f 439/675/233 454/700/233 453/701/233 438/676/233
f 438/676/234 453/701/234 452/702/234 437/678/234
f 437/678/235 452/702/235 451/703/235 436/680/235
f 436/680/236 451/703/236 450/704/236 435/682/236
f 435/682/237 450/704/237 449/705/237 434/684/237
f 434/684/238 449/705/238 448/706/238 433/686/238
f 433/686/239 448/706/239 447/707/239 432/688/239
f 432/688/240 447/707/240 446/708/240 431/690/240
f 431/690/241 446/708/241 445/709/241 430/692/241
f 430/692/242 445/709/242 444/710/242 429/694/242
f 429/694/243 444/710/243 443/711/243 428/696/243
f 428/696/244 443/711/244 364/592/244 362/588/244
f 457/610/245 472/609/245 471/712/245 456/713/245
f 456/713/246 471/712/246 470/714/246 455/715/246
f 455/715/247 470/714/247 469/716/247 454/717/247
f 454/717/248 469/716/248 468/718/248 453/719/248
f 453/719/249 468/718/249 467/720/249 452/721/249
f 452/721/250 467/720/250 466/722/250 451/723/250
f 451/723/251 466/722/251 465/724/251 450/725/251
f 450/725/252 465/724/252 464/726/252 449/727/252
f 449/728/253 464/729/253 463/730/253 448/731/253
f 448/731/254 463/730/254 462/732/254 447/733/254
f 447/733/255 462/732/255 461/734/255 446/735/255
f 446/735/256 461/734/256 460/736/256 445/737/256
f 445/709/257 460/738/257 459/739/257 444/710/257
f 444/710/258 459/739/258 458/740/258 443/711/258
f 443/711/259 458/740/259 366/594/259 364/592/259
f 472/612/260 487/611/260 486/741/260 471/742/260
f 471/742/261 486/741/261 485/743/261 470/744/261
f 470/744/262 485/743/262 484/745/262 469/746/262
f 469/716/263 484/747/263 483/748/263 468/718/263
f 468/718/264 483/748/264 482/749/264 467/720/264
f 467/720/265 482/749/265 481/750/265 466/722/265
f 466/722/266 481/750/266 480/751/266 465/724/266
f 465/724/267 480/751/267 479/752/267 464/726/267
f 464/726/268 479/752/268 478/753/268 463/754/268
f 463/754/269 478/753/269 477/755/269 462/756/269
f 462/756/270 477/755/270 476/757/270 461/758/270
f 461/758/271 476/757/271 475/759/271 460/760/271
f 460/760/272 475/759/272 474/761/272 459/762/272
f 459/762/273 474/761/273 473/763/273 458/764/273
f 458/764/274 473/763/274 368/596/274 366/599/274
f 487/611/275 502/613/275 501/765/275 486/741/275
f 486/741/276 501/765/276 500/766/276 485/743/276
f 485/743/277 500/766/277 499/767/277 484/745/277
f 484/745/278 499/767/278 498/768/278 483/769/278
f 483/769/279 498/768/279 497/770/279 482/771/279
f 482/771/280 497/770/280 496/772/280 481/773/280
f 481/773/281 496/772/281 495/774/281 480/775/281
f 480/775/282 495/774/282 494/776/282 479/777/282
f 479/777/283 494/776/283 493/778/283 478/779/283
f 478/779/284 493/778/284 492/780/284 477/781/284
f 477/781/285 492/780/285 491/782/285 476/783/285
f 476/783/286 491/782/286 490/784/286 475/785/286
f 475/785/287 490/784/287 489/786/287 474/787/287
f 474/787/288 489/786/288 488/788/288 473/789/288
f 473/789/289 488/788/289 354/581/289 368/601/289
f 502/613/290 383/615/290 384/790/290 501/765/290
f 501/765/291 384/790/291 385/791/291 500/766/291
f 500/766/292 385/791/292 386/792/292 499/767/292
f 499/767/293 386/792/293 387/793/293 498/768/293
f 498/768/294 387/793/294 388/794/294 497/770/294
f 497/770/295 388/794/295 389/795/295 496/772/295
f 496/772/296 389/795/296 390/796/296 495/774/296
f 495/774/297 390/796/297 391/797/297 494/776/297
f 494/776/298 391/797/298 392/798/298 493/778/298
f 493/778/299 392/798/299 393/799/299 492/780/299
f 492/780/300 393/799/300 394/800/300 491/782/300
f 491/782/301 394/800/301 395/801/301 490/784/301
f 490/784/302 395/801/302 396/802/302 489/786/302
f 489/786/303 396/802/303 397/644/303 488/788/303
f 488/788/304 397/644/304 356/578/304 354/581/304
l 153 158
l 157 158
l 156 157
l 155 156
l 153 154
l 191 199
l 192 200
l 193 201
l 194 202
l 195 203
l 196 204
l 197 205
l 198 206
l 155 235
l 154 233
l 343 344
l 351 352
l 305 346
g gas-filter_cylinder.022
v -0.607209 0.041501 -0.409742
v -0.607209 0.041501 -0.457524
v -0.599813 0.050448 -0.409742
v -0.599813 0.050448 -0.457524
v -0.599813 0.063100 -0.409742
v -0.599813 0.063100 -0.457524
v -0.607209 0.072047 -0.409742
v -0.607209 0.072047 -0.457524
v -0.617668 0.072047 -0.409742
v -0.617668 0.072047 -0.457524
v -0.625064 0.063100 -0.409742
v -0.625064 0.063100 -0.457524
v -0.625064 0.050448 -0.409742
v -0.625064 0.050448 -0.457524
v -0.617668 0.041501 -0.409742
v -0.617668 0.041501 -0.457524
v -0.562988 0.455372 -0.429830
v -0.562988 0.488974 -0.429830
v -0.560968 0.455372 -0.429147
v -0.560968 0.488974 -0.429147
v -0.559156 0.455372 -0.430466
v -0.559156 0.488974 -0.430466
v -0.558615 0.455372 -0.433016
v -0.558615 0.488974 -0.433016
v -0.559660 0.455372 -0.435301
v -0.559660 0.488974 -0.435301
v -0.561681 0.455372 -0.435984
v -0.561681 0.488974 -0.435984
v -0.563493 0.455372 -0.434664
v -0.563493 0.488974 -0.434664
v -0.564034 0.455372 -0.432115
v -0.564034 0.488974 -0.432115
v -0.561956 0.469118 -0.422285
v -0.553209 0.469118 -0.428656
v -0.561956 0.461481 -0.422285
v -0.553209 0.461481 -0.428656
v -0.571515 0.469118 -0.468657
v -0.580263 0.469118 -0.462286
v -0.571515 0.461481 -0.468657
v -0.580263 0.461481 -0.462286
v -0.561956 0.484391 -0.422285
v -0.553209 0.484391 -0.428656
v -0.561956 0.476755 -0.422285
v -0.553209 0.476755 -0.428656
v -0.571515 0.484391 -0.468657
v -0.580263 0.484391 -0.462286
v -0.571515 0.476755 -0.468657
v -0.580263 0.476755 -0.462286
v -0.563820 0.488974 -0.428462
v -0.563820 0.492028 -0.428462
v -0.560789 0.488974 -0.427438
v -0.560789 0.492028 -0.427438
v -0.558072 0.488974 -0.429417
v -0.558072 0.492028 -0.429417
v -0.557260 0.488974 -0.433241
v -0.557260 0.492028 -0.433241
v -0.558829 0.488974 -0.436669
v -0.558829 0.492028 -0.436669
v -0.561859 0.488974 -0.437693
v -0.561859 0.492028 -0.437693
v -0.564577 0.488974 -0.435714
v -0.564577 0.492028 -0.435714
v -0.565389 0.488974 -0.431890
v -0.565389 0.492028 -0.431890
v -0.638479 0.455445 -0.610471
v -0.638479 0.489047 -0.610471
v -0.640499 0.455445 -0.611154
v -0.640499 0.489047 -0.611154
v -0.642311 0.455445 -0.609835
v -0.642311 0.489047 -0.609835
v -0.642852 0.455445 -0.607286
v -0.642852 0.489047 -0.607286
v -0.641806 0.455445 -0.605000
v -0.641806 0.489047 -0.605000
v -0.639786 0.455445 -0.604317
v -0.639786 0.489047 -0.604317
v -0.637974 0.455445 -0.605637
v -0.637974 0.489047 -0.605637
v -0.637433 0.455445 -0.608186
v -0.637433 0.489047 -0.608186
v -0.639511 0.469191 -0.618016
v -0.648258 0.469191 -0.611645
v -0.639511 0.461555 -0.618016
v -0.648258 0.461555 -0.611645
v -0.629951 0.469191 -0.571644
v -0.621204 0.469191 -0.578015
v -0.629951 0.461555 -0.571644
v -0.621204 0.461555 -0.578015
v -0.639511 0.484465 -0.618016
v -0.648258 0.484465 -0.611645
v -0.639511 0.476828 -0.618016
v -0.648258 0.476828 -0.611645
v -0.629951 0.484465 -0.571644
v -0.621204 0.484465 -0.578015
v -0.629951 0.476828 -0.571644
v -0.621204 0.476828 -0.578015
v -0.637647 0.489047 -0.611839
v -0.637647 0.492102 -0.611839
v -0.640678 0.489047 -0.612863
v -0.640678 0.492102 -0.612863
v -0.643395 0.489047 -0.610884
v -0.643395 0.492102 -0.610884
v -0.644207 0.489047 -0.607061
v -0.644207 0.492102 -0.607061
v -0.642638 0.489047 -0.603633
v -0.642638 0.492102 -0.603633
v -0.639607 0.489047 -0.602608
v -0.639607 0.492102 -0.602608
v -0.636890 0.489047 -0.604587
v -0.636890 0.492102 -0.604587
v -0.636078 0.489047 -0.608411
v -0.636078 0.492102 -0.608411
v -0.672269 0.455417 -0.472537
v -0.672269 0.489019 -0.472537
v -0.672810 0.455417 -0.469988
v -0.672810 0.489019 -0.469988
v -0.671765 0.455417 -0.467703
v -0.671765 0.489019 -0.467703
v -0.669744 0.455417 -0.467020
v -0.669744 0.489019 -0.467020
v -0.667932 0.455417 -0.468339
v -0.667932 0.489019 -0.468339
v -0.667391 0.455417 -0.470888
v -0.667391 0.489019 -0.470888
v -0.668437 0.455417 -0.473173
v -0.668437 0.489019 -0.473173
v -0.670457 0.455417 -0.473857
v -0.670457 0.489019 -0.473857
v -0.678250 0.469164 -0.471234
v -0.673200 0.469164 -0.460200
v -0.678250 0.461527 -0.471234
v -0.673200 0.461527 -0.460200
v -0.641491 0.469164 -0.483294
v -0.646541 0.469164 -0.494329
v -0.641491 0.461527 -0.483294
v -0.646541 0.461527 -0.494329
v -0.678250 0.484437 -0.471234
v -0.673200 0.484437 -0.460200
v -0.678250 0.476800 -0.471234
v -0.673200 0.476800 -0.460200
v -0.641491 0.484437 -0.483294
v -0.646541 0.484437 -0.494329
v -0.641491 0.476800 -0.483294
v -0.646541 0.476800 -0.494329
v -0.673353 0.489019 -0.473586
v -0.673353 0.492074 -0.473586
v -0.674165 0.489019 -0.469763
v -0.674165 0.492074 -0.469763
v -0.672596 0.489019 -0.466335
v -0.672596 0.492074 -0.466335
v -0.669566 0.489019 -0.465310
v -0.669566 0.492074 -0.465310
v -0.666848 0.489019 -0.467290
v -0.666848 0.492074 -0.467290
v -0.666036 0.489019 -0.471113
v -0.666036 0.492074 -0.471113
v -0.667605 0.489019 -0.474541
v -0.667605 0.492074 -0.474541
v -0.670636 0.489019 -0.475566
v -0.670636 0.492074 -0.475566
v -0.529075 0.455490 -0.567769
v -0.529075 0.489092 -0.567769
v -0.528533 0.455490 -0.570318
v -0.528533 0.489092 -0.570318
v -0.529579 0.455490 -0.572603
v -0.529579 0.489092 -0.572603
v -0.531600 0.455490 -0.573286
v -0.531600 0.489092 -0.573286
v -0.533411 0.455490 -0.571967
v -0.533411 0.489092 -0.571967
v -0.533953 0.455490 -0.569418
v -0.533953 0.489092 -0.569418
v -0.532907 0.455490 -0.567132
v -0.532907 0.489092 -0.567132
v -0.530886 0.455490 -0.566449
v -0.530886 0.489092 -0.566449
v -0.523094 0.469237 -0.569071
v -0.528144 0.469237 -0.580106
v -0.523094 0.461600 -0.569071
v -0.528144 0.461600 -0.580106
v -0.559853 0.469237 -0.557012
v -0.554802 0.469237 -0.545977
v -0.559853 0.461600 -0.557012
v -0.554802 0.461600 -0.545977
v -0.523094 0.484510 -0.569071
v -0.528144 0.484510 -0.580106
v -0.523094 0.476873 -0.569071
v -0.528144 0.476873 -0.580106
v -0.559853 0.484510 -0.557012
v -0.554802 0.484510 -0.545977
v -0.559853 0.476873 -0.557012
v -0.554802 0.476873 -0.545977
v -0.527991 0.489092 -0.566719
v -0.527991 0.492147 -0.566719
v -0.527178 0.489092 -0.570543
v -0.527178 0.492147 -0.570543
v -0.528747 0.489092 -0.573971
v -0.528747 0.492147 -0.573971
v -0.531778 0.489092 -0.574995
v -0.531778 0.492147 -0.574995
v -0.534496 0.489092 -0.573016
v -0.534496 0.492147 -0.573016
v -0.535308 0.489092 -0.569193
v -0.535308 0.492147 -0.569193
v -0.533739 0.489092 -0.565765
v -0.533739 0.492147 -0.565765
v -0.530708 0.489092 -0.564740
v -0.530708 0.492147 -0.564740
v -0.597288 0.064366 -0.416113
v -0.597288 0.064366 -0.409742
v -0.606163 0.075102 -0.416113
v -0.606163 0.075102 -0.409742
v -0.618714 0.075102 -0.416113
v -0.618714 0.075102 -0.409742
v -0.627589 0.064366 -0.416113
v -0.627589 0.064366 -0.409742
v -0.627589 0.049182 -0.416113
v -0.627589 0.049182 -0.409742
v -0.618714 0.038446 -0.416113
v -0.618714 0.038446 -0.409742
v -0.606163 0.038446 -0.416113
v -0.606163 0.038446 -0.409742
v -0.597288 0.049182 -0.416113
v -0.597288 0.049182 -0.409742
v -0.582898 0.011336 -0.441597
v -0.582898 0.469538 -0.441597
v -0.553601 0.011336 -0.462935
v -0.553601 0.469538 -0.462935
v -0.536686 0.011336 -0.499894
v -0.536686 0.469538 -0.499894
v -0.536686 0.011336 -0.542570
v -0.536686 0.469538 -0.542570
v -0.553601 0.011336 -0.579530
v -0.553601 0.469538 -0.579530
v -0.582898 0.011336 -0.600868
v -0.582898 0.469538 -0.600868
v -0.616728 0.011336 -0.600868
v -0.616728 0.469538 -0.600868
v -0.646026 0.011336 -0.579530
v -0.646026 0.469538 -0.579530
v -0.662941 0.011336 -0.542570
v -0.662941 0.469538 -0.542570
v -0.662941 0.011336 -0.499894
v -0.662941 0.469538 -0.499894
v -0.646026 0.011336 -0.462935
v -0.646026 0.469538 -0.462935
v -0.616728 0.011336 -0.441597
v -0.616728 0.469538 -0.441597
v -0.599813 0.545524 -0.521232
v -0.591356 0.535292 -0.481414
v -0.585164 0.507340 -0.452266
v -0.576707 0.535292 -0.492084
v -0.559792 0.507340 -0.470745
v -0.568250 0.535292 -0.510563
v -0.545143 0.507340 -0.502753
v -0.568250 0.535292 -0.531901
v -0.545143 0.507340 -0.539712
v -0.576707 0.535292 -0.550381
v -0.559792 0.507340 -0.571719
v -0.591356 0.535292 -0.561050
v -0.585164 0.507340 -0.590199
v -0.608271 0.535292 -0.561050
v -0.614462 0.507340 -0.590199
v -0.622919 0.535292 -0.550381
v -0.639834 0.507340 -0.571719
v -0.631377 0.535292 -0.531901
v -0.654483 0.507340 -0.539712
v -0.631377 0.535292 -0.510563
v -0.654483 0.507340 -0.502753
v -0.622919 0.535292 -0.492084
v -0.639834 0.507340 -0.470745
v -0.608271 0.535292 -0.481414
v -0.614462 0.507340 -0.452266
v -0.582898 0.469156 -0.441597
v -0.553601 0.469156 -0.462935
v -0.536686 0.469156 -0.499894
v -0.536686 0.469156 -0.542570
v -0.553601 0.469156 -0.579530
v -0.582898 0.469156 -0.600868
v -0.616728 0.469156 -0.600868
v -0.646026 0.469156 -0.579530
v -0.662941 0.469156 -0.542570
v -0.662941 0.469156 -0.499894
v -0.646026 0.469156 -0.462935
v -0.616728 0.469156 -0.441597
vn 0.7708 -0.6371 -0.0000
vn 1.0000 -0.0000 -0.0000
vn 0.7708 0.6371 -0.0000
vn -0.0000 1.0000 -0.0000
vn -0.7708 0.6371 -0.0000
vn -1.0000 -0.0000 -0.0000
vn -0.7708 -0.6371 -0.0000
vn -0.0000 -1.0000 -0.0000
vn -0.0000 -0.0000 -1.0000
vn -0.0000 -0.0000 1.0000
vn -0.3202 -0.0000 0.9473
vn 0.5887 -0.0000 0.8084
vn 0.9782 -0.0000 0.2077
vn 0.9093 -0.0000 -0.4161
vn 0.3202 -0.0000 -0.9474
vn -0.5888 -0.0000 -0.8083
vn -0.9782 -0.0000 -0.2078
vn -0.9093 -0.0000 0.4162
vn 0.9093 -0.0000 -0.4162
vn 0.5887 -0.0000 0.8083
vn -0.5887 -0.0000 -0.8083
vn 0.9782 -0.0000 0.2078
vn 0.3202 -0.0000 -0.9473
vn -0.9093 -0.0000 0.4161
vn -0.3203 -0.0000 0.9473
vn 0.5888 -0.0000 0.8083
vn -0.9782 -0.0000 -0.2077
vn -0.3202 -0.0000 0.9474
vn 0.3203 -0.0000 -0.9473
vn 0.9093 -0.0000 0.4162
vn 0.5887 -0.0000 -0.8083
vn -0.9093 -0.0000 -0.4162
vn -0.5887 -0.0000 0.8083
vn 0.1563 0.9641 0.2145
vn 0.4219 0.6975 0.5792
vn 0.5697 0.2524 0.7822
vn 0.2682 0.9555 0.1228
vn 0.6867 0.6555 0.3143
vn 0.8857 0.2265 0.4053
vn 0.3084 0.9513 -0.0000
vn 0.9763 0.2163 -0.0000
vn 0.2682 0.9555 -0.1228
vn 0.6867 0.6555 -0.3143
vn 0.8857 0.2265 -0.4053
vn 0.1563 0.9641 -0.2145
vn 0.4219 0.6975 -0.5792
vn 0.5697 0.2524 -0.7822
vn -0.0000 0.9685 -0.2489
vn -0.0000 0.7218 -0.6921
vn -0.0000 0.2691 -0.9631
vn -0.1563 0.9641 -0.2145
vn -0.4219 0.6975 -0.5792
vn -0.5697 0.2524 -0.7822
vn -0.2682 0.9555 -0.1228
vn -0.6867 0.6555 -0.3143
vn -0.8857 0.2265 -0.4053
vn -0.3084 0.9513 -0.0000
vn -0.9763 0.2163 -0.0000
vn -0.2682 0.9555 0.1228
vn -0.6867 0.6555 0.3143
vn -0.8857 0.2265 0.4053
vn -0.1563 0.9641 0.2145
vn -0.4219 0.6975 0.5792
vn -0.5697 0.2524 0.7822
vn -0.0000 0.9685 0.2489
vn -0.0000 0.7218 0.6921
vn -0.0000 0.2691 0.9631
vt 0.741610 0.626400
vt 0.741610 0.589858
vt 0.748745 0.589858
vt 0.748745 0.626400
vt 0.989910 0.563304
vt 0.989910 0.535451
vt 1.000000 0.535370
vt 1.000000 0.563223
vt 0.846555 0.622427
vt 0.846555 0.585886
vt 0.853690 0.585886
vt 0.853690 0.622427
vt 0.836464 0.622427
vt 0.836464 0.585886
vt 0.829329 0.622427
vt 0.829329 0.585886
vt 0.623659 0.968075
vt 0.623659 0.940222
vt 0.633749 0.940141
vt 0.633749 0.967994
vt 0.758836 0.626400
vt 0.758836 0.589858
vt 0.765971 0.589858
vt 0.765971 0.626400
vt 0.981812 0.633451
vt 0.974121 0.633389
vt 0.968682 0.626211
vt 0.968682 0.616121
vt 0.974121 0.609029
vt 0.981812 0.609091
vt 0.987250 0.616269
vt 0.987250 0.626359
vt 0.612433 0.968136
vt 0.617872 0.975315
vt 0.617872 0.985405
vt 0.612433 0.992496
vt 0.604742 0.992435
vt 0.599304 0.985256
vt 0.599304 0.975166
vt 0.604742 0.968075
vt 0.884367 0.968189
vt 0.886190 0.968197
vt 0.886190 0.994993
vt 0.884367 0.994985
vt 0.989919 0.389785
vt 0.991819 0.389778
vt 0.991819 0.416575
vt 0.989919 0.416581
vt 0.993643 0.389787
vt 0.993643 0.416583
vt 0.679283 0.994894
vt 0.677383 0.994901
vt 0.677383 0.968105
vt 0.679283 0.968098
vt 0.675559 0.994893
vt 0.675559 0.968097
vt 0.980869 0.639785
vt 0.978728 0.641925
vt 0.975701 0.641925
vt 0.973560 0.639784
vt 0.973560 0.636757
vt 0.975701 0.634617
vt 0.978728 0.634617
vt 0.980869 0.636757
vt 0.996071 0.535364
vt 0.994170 0.535370
vt 0.994170 0.508574
vt 0.996071 0.508568
vt 0.968392 0.634617
vt 0.971420 0.634617
vt 0.973560 0.636757
vt 0.973560 0.639784
vt 0.971420 0.641925
vt 0.968392 0.641925
vt 0.966252 0.639784
vt 0.966252 0.636757
vt 0.992346 0.535362
vt 0.992346 0.508566
vt 0.769436 0.584906
vt 0.770863 0.586333
vt 0.770863 0.588351
vt 0.769435 0.589778
vt 0.767417 0.589778
vt 0.765990 0.588351
vt 0.765990 0.586333
vt 0.767417 0.584906
vt 0.882466 0.968195
vt 0.882466 0.994992
vt 0.864727 0.831764
vt 0.864727 0.865029
vt 0.858637 0.865008
vt 0.858637 0.831743
vt 0.968636 0.977471
vt 0.968636 0.986648
vt 0.962546 0.986627
vt 0.962546 0.977451
vt 0.204446 0.947105
vt 0.204446 0.913840
vt 0.210536 0.913860
vt 0.210536 0.947125
vt 0.983687 0.948905
vt 0.983687 0.939728
vt 0.989777 0.939749
vt 0.989777 0.948925
vt 0.980166 0.606017
vt 0.980166 0.570694
vt 0.989910 0.570694
vt 0.989910 0.606017
vt 0.986119 0.803787
vt 0.986119 0.768463
vt 0.995863 0.768463
vt 0.995863 0.803787
vt 0.564283 0.959037
vt 0.564283 0.992302
vt 0.558193 0.992282
vt 0.558193 0.959017
vt 0.896316 0.980390
vt 0.896316 0.989567
vt 0.890226 0.989546
vt 0.890226 0.980370
vt 0.858637 0.765152
vt 0.858637 0.731887
vt 0.864727 0.731907
vt 0.864727 0.765172
vt 0.535912 0.988554
vt 0.535912 0.979377
vt 0.542002 0.979398
vt 0.542002 0.988574
vt 0.986119 0.840329
vt 0.986119 0.805005
vt 0.995863 0.805006
vt 0.995863 0.840329
vt 0.980174 0.425102
vt 0.980174 0.389778
vt 0.989919 0.389778
vt 0.989919 0.425102
vt 0.475025 0.879977
vt 0.475036 0.877241
vt 0.477472 0.877240
vt 0.477461 0.879975
vt 0.755091 0.880822
vt 0.755102 0.883673
vt 0.752666 0.883674
vt 0.752655 0.880823
vt 0.755091 0.886409
vt 0.752655 0.886410
vt 0.213133 0.872510
vt 0.213144 0.875361
vt 0.210708 0.875362
vt 0.210697 0.872511
vt 0.213133 0.878097
vt 0.210697 0.878098
vt 0.369852 0.875044
vt 0.369841 0.872193
vt 0.372277 0.872192
vt 0.372288 0.875043
vt 0.369852 0.869457
vt 0.372288 0.869456
vt 0.475036 0.882827
vt 0.477472 0.882826
vt 0.991743 0.451906
vt 0.989919 0.451898
vt 0.989919 0.425102
vt 0.991743 0.425110
vt 0.683007 0.994894
vt 0.681107 0.994901
vt 0.681107 0.968105
vt 0.683007 0.968098
vt 0.679283 0.994893
vt 0.679283 0.968097
vt 0.989910 0.570700
vt 0.991811 0.570694
vt 0.991811 0.597490
vt 0.989910 0.597496
vt 0.993635 0.570702
vt 0.993635 0.597498
vt 0.055364 0.931166
vt 0.057265 0.931159
vt 0.057265 0.957955
vt 0.055364 0.957962
vt 0.059089 0.931167
vt 0.059089 0.957963
vt 0.761118 0.588351
vt 0.761118 0.586333
vt 0.762545 0.584906
vt 0.764563 0.584906
vt 0.765990 0.586333
vt 0.765990 0.588351
vt 0.764563 0.589778
vt 0.762545 0.589778
vt 0.993643 0.451900
vt 0.993643 0.425104
vt 0.928862 0.984437
vt 0.928862 0.951172
vt 0.934952 0.951192
vt 0.934952 0.984457
vt 0.835795 0.986154
vt 0.835795 0.976977
vt 0.841885 0.976997
vt 0.841885 0.986174
vt 0.564283 0.925752
vt 0.564283 0.959017
vt 0.558193 0.958996
vt 0.558193 0.925731
vt 0.132226 0.976903
vt 0.132226 0.986080
vt 0.126136 0.986059
vt 0.126136 0.976883
vt 0.599304 0.852640
vt 0.599304 0.887964
vt 0.589559 0.887964
vt 0.589559 0.852640
vt 0.900670 0.627506
vt 0.900670 0.662830
vt 0.890926 0.662830
vt 0.890926 0.627506
vt 0.204446 0.847248
vt 0.204446 0.813983
vt 0.210536 0.814004
vt 0.210536 0.847269
vt 0.841885 0.986154
vt 0.841885 0.976977
vt 0.847975 0.976997
vt 0.847975 0.986174
vt 0.083447 0.960414
vt 0.083447 0.993679
vt 0.077357 0.993658
vt 0.077357 0.960393
vt 0.126136 0.976903
vt 0.126136 0.986080
vt 0.120046 0.986059
vt 0.120046 0.976882
vt 0.104970 0.883222
vt 0.104970 0.918546
vt 0.095226 0.918546
vt 0.095226 0.883222
vt 0.599304 0.887964
vt 0.599304 0.923288
vt 0.589559 0.923288
vt 0.589559 0.887964
vt 0.372288 0.883482
vt 0.372277 0.886218
vt 0.369841 0.886219
vt 0.369852 0.883483
vt 0.752666 0.869647
vt 0.752655 0.866796
vt 0.755091 0.866795
vt 0.755102 0.869646
vt 0.752666 0.864060
vt 0.755102 0.864059
vt 0.369852 0.847104
vt 0.369841 0.844253
vt 0.372277 0.844252
vt 0.372288 0.847103
vt 0.369852 0.841517
vt 0.372288 0.841516
vt 0.372277 0.847104
vt 0.372288 0.849955
vt 0.369852 0.849956
vt 0.369841 0.847106
vt 0.372277 0.852691
vt 0.369841 0.852692
vt 0.951635 0.639785
vt 0.951635 0.636757
vt 0.953776 0.634617
vt 0.956803 0.634617
vt 0.958944 0.636757
vt 0.958944 0.639785
vt 0.956803 0.641925
vt 0.953776 0.641925
vt 0.372277 0.880632
vt 0.369841 0.880633
vt 0.586931 0.981973
vt 0.585107 0.981965
vt 0.585107 0.955169
vt 0.586931 0.955177
vt 0.992359 0.219257
vt 0.994259 0.219251
vt 0.994259 0.246047
vt 0.992359 0.246053
vt 0.996083 0.219259
vt 0.996083 0.246055
vt 0.886191 0.968195
vt 0.888091 0.968189
vt 0.888091 0.994985
vt 0.886191 0.994991
vt 0.889915 0.968197
vt 0.889915 0.994993
vt 0.535314 0.986945
vt 0.533414 0.986951
vt 0.533414 0.960155
vt 0.535314 0.960149
vt 0.531590 0.986943
vt 0.531590 0.960147
vt 0.588832 0.981967
vt 0.588832 0.955171
vt 0.754726 0.504613
vt 0.754726 0.537878
vt 0.748636 0.537857
vt 0.748636 0.504592
vt 0.847975 0.986153
vt 0.847975 0.976977
vt 0.854065 0.976997
vt 0.854065 0.986174
vt 0.755102 0.891736
vt 0.755102 0.858471
vt 0.761192 0.858491
vt 0.761192 0.891756
vt 0.548092 0.979398
vt 0.548092 0.988574
vt 0.542002 0.988554
vt 0.542002 0.979377
vt 0.980174 0.460426
vt 0.980174 0.425102
vt 0.989919 0.425102
vt 0.989919 0.460426
vt 0.749473 0.993675
vt 0.749473 0.958352
vt 0.759217 0.958352
vt 0.759217 0.993675
vt 0.864727 0.765193
vt 0.864727 0.798458
vt 0.858637 0.798437
vt 0.858637 0.765172
vt 0.854065 0.986154
vt 0.854065 0.976977
vt 0.860155 0.976998
vt 0.860155 0.986174
vt 0.858637 0.898294
vt 0.858637 0.865029
vt 0.864727 0.865049
vt 0.864727 0.898314
vt 0.974726 0.977471
vt 0.974726 0.986648
vt 0.968636 0.986627
vt 0.968636 0.977451
vt 0.986246 0.702694
vt 0.986246 0.667371
vt 0.995991 0.667371
vt 0.995991 0.702695
vt 0.589559 0.993935
vt 0.589559 0.958612
vt 0.599304 0.958611
vt 0.599304 0.993935
vt 0.752655 0.861208
vt 0.752666 0.858472
vt 0.755102 0.858471
vt 0.755091 0.861207
vt 0.752666 0.880822
vt 0.752655 0.877972
vt 0.755091 0.877970
vt 0.755102 0.880821
vt 0.752666 0.875236
vt 0.755102 0.875235
vt 0.213133 0.878098
vt 0.213144 0.880949
vt 0.210708 0.880950
vt 0.210697 0.878099
vt 0.213133 0.883685
vt 0.210697 0.883686
vt 0.372277 0.863868
vt 0.372288 0.866719
vt 0.369852 0.866720
vt 0.369841 0.863869
vt 0.372277 0.869455
vt 0.369841 0.869456
vt 0.752666 0.864059
vt 0.755102 0.864058
vt 0.783142 0.956149
vt 0.784966 0.956157
vt 0.784966 0.982953
vt 0.783142 0.982945
vt 0.510404 0.923289
vt 0.508503 0.923295
vt 0.508503 0.896499
vt 0.510404 0.896492
vt 0.506679 0.923287
vt 0.506679 0.896491
vt 0.995570 0.942165
vt 0.993670 0.942171
vt 0.993670 0.915375
vt 0.995570 0.915368
vt 0.991846 0.942163
vt 0.991846 0.915367
vt 0.991869 0.866650
vt 0.993770 0.866644
vt 0.993770 0.893440
vt 0.991869 0.893446
vt 0.995593 0.866652
vt 0.995593 0.893448
vt 0.757673 0.584906
vt 0.759691 0.584906
vt 0.761118 0.586333
vt 0.761118 0.588351
vt 0.759691 0.589778
vt 0.757673 0.589778
vt 0.756246 0.588351
vt 0.756246 0.586333
vt 0.781242 0.956155
vt 0.781242 0.982951
vt 0.204446 0.913819
vt 0.204446 0.880554
vt 0.210536 0.880575
vt 0.210536 0.913840
vt 0.962546 0.977471
vt 0.962546 0.986648
vt 0.956456 0.986627
vt 0.956456 0.977451
vt 0.754726 0.537898
vt 0.754726 0.571163
vt 0.748635 0.571143
vt 0.748635 0.537878
vt 0.980166 0.510988
vt 0.980166 0.501812
vt 0.986256 0.501832
vt 0.986256 0.511009
vt 0.995863 0.731921
vt 0.995863 0.767245
vt 0.986119 0.767245
vt 0.986119 0.731921
vt 0.996554 -0.000000
vt 0.996554 0.035324
vt 0.986810 0.035324
vt 0.986810 0.000000
vt 0.204446 0.880534
vt 0.204446 0.847269
vt 0.210536 0.847289
vt 0.210536 0.880554
vt 0.902406 0.980390
vt 0.902406 0.989567
vt 0.896316 0.989546
vt 0.896316 0.980370
vt 0.864727 0.798478
vt 0.864727 0.831743
vt 0.858637 0.831723
vt 0.858637 0.798458
vt 0.551210 0.988554
vt 0.551210 0.979377
vt 0.557300 0.979398
vt 0.557300 0.988574
vt 0.599304 0.923288
vt 0.599304 0.958611
vt 0.589559 0.958611
vt 0.589559 0.923288
vt 0.989910 0.535370
vt 0.980166 0.535370
vt 0.372288 0.855543
vt 0.372277 0.858279
vt 0.369841 0.858280
vt 0.369852 0.855544
vt 0.372277 0.858280
vt 0.372288 0.861131
vt 0.369852 0.861132
vt 0.369841 0.858281
vt 0.372277 0.863867
vt 0.369841 0.863868
vt 0.752666 0.875234
vt 0.752655 0.872384
vt 0.755091 0.872383
vt 0.755102 0.875233
vt 0.752666 0.869648
vt 0.755102 0.869647
vt 0.369852 0.880631
vt 0.369841 0.877781
vt 0.372277 0.877779
vt 0.372288 0.880630
vt 0.369852 0.875045
vt 0.372288 0.875044
vt 0.372277 0.852692
vt 0.369841 0.852693
vt 0.958944 0.636757
vt 0.961084 0.634617
vt 0.964111 0.634616
vt 0.966252 0.636757
vt 0.966252 0.639784
vt 0.964112 0.641925
vt 0.961084 0.641925
vt 0.958944 0.639785
vt 0.759052 0.957532
vt 0.756024 0.957532
vt 0.753884 0.955391
vt 0.753884 0.952364
vt 0.756024 0.950223
vt 0.759052 0.950223
vt 0.761192 0.952364
vt 0.761192 0.955391
vt 0.946467 0.634617
vt 0.949495 0.634617
vt 0.951635 0.636757
vt 0.951635 0.639785
vt 0.949495 0.641925
vt 0.946467 0.641925
vt 0.944327 0.639784
vt 0.944327 0.636757
vt 0.753803 0.581839
vt 0.755944 0.583979
vt 0.755944 0.587006
vt 0.753803 0.589147
vt 0.750776 0.589147
vt 0.748635 0.587006
vt 0.748635 0.583979
vt 0.750776 0.581838
vt 0.761192 0.920990
vt 0.761192 0.929552
vt 0.756320 0.929552
vt 0.756320 0.920990
vt 0.761192 0.941661
vt 0.756320 0.941661
vt 0.761192 0.950223
vt 0.756320 0.950223
vt 0.756320 0.891786
vt 0.756320 0.903894
vt 0.752606 0.903865
vt 0.752606 0.891756
vt 0.761192 0.891756
vt 0.761192 0.900319
vt 0.756320 0.900319
vt 0.756320 0.891756
vt 0.761192 0.912427
vt 0.756320 0.912427
vt 0.558193 0.934419
vt 0.558193 0.946527
vt 0.551667 0.955037
vt 0.542438 0.954963
vt 0.535912 0.946349
vt 0.535912 0.934241
vt 0.542438 0.925731
vt 0.551667 0.925805
vt 0.756320 0.920990
vt 0.587340 0.946659
vt 0.580814 0.955169
vt 0.571585 0.955095
vt 0.565058 0.946481
vt 0.565058 0.934373
vt 0.571585 0.925863
vt 0.580814 0.925937
vt 0.587340 0.934551
vt 0.978174 0.243685
vt 0.978174 0.255793
vt 0.974461 0.255763
vt 0.974461 0.243655
vt 0.741610 0.000103
vt 0.772345 -0.000000
vt 0.772345 0.365401
vt 0.741610 0.365505
vt 0.804453 0.000055
vt 0.804453 0.365456
vt 0.829329 0.000254
vt 0.829329 0.365655
vt 0.389442 0.755330
vt 0.358707 0.755434
vt 0.358707 0.390033
vt 0.389442 0.389929
vt 0.326599 0.755379
vt 0.326599 0.389978
vt 0.301723 0.755180
vt 0.301723 0.389778
vt 0.301723 0.755330
vt 0.270987 0.755434
vt 0.270987 0.390033
vt 0.301723 0.389929
vt 0.238880 0.755379
vt 0.238880 0.389978
vt 0.214003 0.755180
vt 0.214003 0.389778
vt 0.389779 0.511688
vt 0.420514 0.511584
vt 0.420514 0.876985
vt 0.389779 0.877089
vt 0.452622 0.511639
vt 0.452622 0.877041
vt 0.477498 0.511839
vt 0.477498 0.877240
vt 0.772061 0.656851
vt 0.786194 0.648692
vt 0.794353 0.679143
vt 0.755742 0.640532
vt 0.780221 0.626400
vt 0.033898 0.760576
vt 0.064406 0.755720
vt 0.064562 0.786455
vt 0.034034 0.787194
vt 0.802513 0.648692
vt 0.808486 0.626400
vt 0.064562 0.818563
vt 0.034034 0.815000
vt 0.816645 0.656851
vt 0.832964 0.640532
vt 0.064406 0.843440
vt 0.033898 0.836544
vt 0.824805 0.670984
vt 0.847097 0.665011
vt 0.033898 0.848296
vt 0.064406 0.843440
vt 0.064562 0.874175
vt 0.034034 0.874913
vt 0.824804 0.687303
vt 0.847097 0.693276
vt 0.064562 0.906282
vt 0.034034 0.902719
vt 0.816645 0.701435
vt 0.832964 0.717754
vt 0.064406 0.931159
vt 0.033898 0.924263
vt 0.802512 0.709595
vt 0.808486 0.731887
vt 0.095226 0.838583
vt 0.064718 0.843440
vt 0.064562 0.812704
vt 0.095090 0.811966
vt 0.786194 0.709595
vt 0.780220 0.731887
vt 0.064562 0.780597
vt 0.095090 0.784160
vt 0.772061 0.701435
vt 0.755742 0.717754
vt 0.064718 0.755720
vt 0.095226 0.762616
vt 0.763902 0.687303
vt 0.741610 0.693276
vt 0.095226 0.926303
vt 0.064718 0.931159
vt 0.064562 0.900424
vt 0.095090 0.899685
vt 0.763902 0.670984
vt 0.741610 0.665011
vt 0.064562 0.868316
vt 0.095090 0.871879
vt 0.064718 0.843440
vt 0.095226 0.850335
s 0
g gas-filter_
usemtl blue
f 551/859/312 565/860/312 563/861/312 561/862/312 559/863/312 557/864/312 555/865/312 553/866/312
f 541/903/325 542/904/325 540/905/325 539/906/325
f 549/927/325 550/928/325 548/929/325 547/930/325
f 567/985/312 581/986/312 579/987/312 577/988/312 575/989/312 573/990/312 571/991/312 569/992/312
f 637/1111/323 638/1112/323 636/1113/323 635/1114/323
f 645/1135/323 646/1136/323 644/1137/323 643/1138/323
f 663/1193/312 677/1194/312 675/1195/312 673/1196/312 671/1197/312 669/1198/312 667/1199/312 665/1200/312
f 695/1297/312 709/1298/312 707/1299/312 705/1300/312 703/1301/312 701/1302/312 699/1303/312 697/1304/312
g gas-filter_blue
usemtl blue
f 506/803/305 505/804/305 503/805/305 504/806/305
f 508/807/306 507/808/306 505/809/306 506/810/306
f 510/811/307 509/812/307 507/813/307 508/814/307
f 512/815/308 511/816/308 509/812/308 510/811/308
f 514/817/309 513/818/309 511/816/309 512/815/309
f 516/819/310 515/820/310 513/821/310 514/822/310
f 518/823/311 517/824/311 515/825/311 516/826/311
f 504/806/312 503/805/312 517/824/312 518/823/312
f 504/827/313 518/828/313 516/829/313 514/830/313 512/831/313 510/832/313 508/833/313 506/834/313
f 503/835/314 505/836/314 507/837/314 509/838/314 511/839/314 513/840/314 515/841/314 517/842/314
f 519/843/315 521/844/315 522/845/315 520/846/315
f 521/847/316 523/848/316 524/849/316 522/850/316
f 523/848/317 525/851/317 526/852/317 524/849/317
f 525/853/318 527/854/318 528/855/318 526/856/318
f 527/854/319 529/857/319 530/858/319 528/855/319
f 529/867/320 531/868/320 532/869/320 530/870/320
f 552/871/308 554/872/308 556/873/308 558/874/308 560/875/308 562/876/308 564/877/308 566/878/308
f 531/868/321 533/879/321 534/880/321 532/869/321
f 519/881/312 533/882/312 531/883/312 529/884/312 527/885/312 525/886/312 523/887/312 521/888/312
f 533/889/322 519/843/322 520/846/322 534/890/322
f 538/891/323 541/892/323 539/893/323 536/894/323
f 537/895/324 538/896/324 536/897/324 535/898/324
f 542/899/322 537/900/322 535/901/322 540/902/322
f 540/907/308 535/908/308 536/909/308 539/910/308
f 541/911/312 538/912/312 537/913/312 542/914/312
f 546/915/323 549/916/323 547/917/323 544/918/323
f 545/919/324 546/920/324 544/921/324 543/922/324
f 550/923/322 545/924/322 543/925/322 548/926/322
f 548/931/308 543/932/308 544/933/308 547/934/308
f 549/935/312 546/936/312 545/937/312 550/938/312
f 551/939/315 553/940/315 554/941/315 552/942/315
f 553/943/324 555/944/324 556/945/324 554/946/324
f 555/944/326 557/947/326 558/948/326 556/945/326
f 557/949/318 559/950/318 560/951/318 558/952/318
f 559/950/327 561/953/327 562/954/327 560/951/327
f 561/955/325 563/956/325 564/957/325 562/958/325
f 563/956/321 565/959/321 566/960/321 564/957/321
f 565/961/328 551/939/328 552/942/328 566/962/328
f 567/963/327 569/964/327 570/965/327 568/966/327
f 569/967/320 571/968/320 572/969/320 570/970/320
f 571/968/321 573/971/321 574/972/321 572/969/321
f 573/973/328 575/974/328 576/975/328 574/976/328
f 575/974/329 577/977/329 578/978/329 576/975/329
f 577/979/330 579/980/330 580/981/330 578/982/330
f 579/980/317 581/983/317 582/984/317 580/981/317
f 581/993/323 567/963/323 568/966/323 582/994/323
f 586/995/322 589/996/322 587/997/322 584/998/322
f 585/999/325 586/1000/325 584/1001/325 583/1002/325
f 590/1003/323 585/1004/323 583/1005/323 588/1006/323
f 589/1007/324 590/1008/324 588/1009/324 587/1010/324
f 588/1011/308 583/1012/308 584/1013/308 587/1014/308
f 589/1015/312 586/1016/312 585/1017/312 590/1018/312
f 594/1019/322 597/1020/322 595/1021/322 592/1022/322
f 593/1023/325 594/1024/325 592/1025/325 591/1026/325
f 598/1027/323 593/1028/323 591/1029/323 596/1030/323
f 597/1031/324 598/1032/324 596/1033/324 595/1034/324
f 596/1035/308 591/1036/308 592/1037/308 595/1038/308
f 597/1039/312 594/1040/312 593/1041/312 598/1042/312
f 599/1043/327 601/1044/327 602/1045/327 600/1046/327
f 601/1047/320 603/1048/320 604/1049/320 602/1050/320
f 603/1048/321 605/1051/321 606/1052/321 604/1049/321
f 605/1053/322 607/1054/322 608/1055/322 606/1056/322
f 607/1054/329 609/1057/329 610/1058/329 608/1055/329
f 609/1059/330 611/1060/330 612/1061/330 610/1062/330
f 611/1060/326 613/1063/326 614/1064/326 612/1061/326
f 599/1065/312 613/1066/312 611/1067/312 609/1068/312 607/1069/312 605/1070/312 603/1071/312 601/1072/312
f 613/1073/323 599/1043/323 600/1046/323 614/1074/323
f 615/1075/331 617/1076/331 618/1077/331 616/1078/331
f 617/1079/328 619/1080/328 620/1081/328 618/1082/328
f 619/1080/332 621/1083/332 622/1084/332 620/1081/332
f 621/1085/330 623/1086/330 624/1087/330 622/1088/330
f 623/1086/326 625/1089/326 626/1090/326 624/1087/326
f 625/1091/323 627/1092/323 628/1093/323 626/1094/323
f 627/1092/333 629/1095/333 630/1096/333 628/1093/333
f 629/1097/320 615/1075/320 616/1078/320 630/1098/320
f 634/1099/324 637/1100/324 635/1101/324 632/1102/324
f 633/1103/322 634/1104/322 632/1105/322 631/1106/322
f 638/1107/325 633/1108/325 631/1109/325 636/1110/325
f 636/1115/308 631/1116/308 632/1117/308 635/1118/308
f 637/1119/312 634/1120/312 633/1121/312 638/1122/312
f 642/1123/324 645/1124/324 643/1125/324 640/1126/324
f 641/1127/322 642/1128/322 640/1129/322 639/1130/322
f 646/1131/325 641/1132/325 639/1133/325 644/1134/325
f 644/1139/308 639/1140/308 640/1141/308 643/1142/308
f 645/1143/312 642/1144/312 641/1145/312 646/1146/312
f 647/1147/321 649/1148/321 650/1149/321 648/1150/321
f 649/1151/328 651/1152/328 652/1153/328 650/1154/328
f 651/1152/315 653/1155/315 654/1156/315 652/1153/315
f 653/1157/330 655/1158/330 656/1159/330 654/1160/330
f 655/1158/326 657/1161/326 658/1162/326 656/1159/326
f 657/1163/323 659/1164/323 660/1165/323 658/1166/323
f 659/1164/333 661/1167/333 662/1168/333 660/1165/333
f 661/1169/320 647/1147/320 648/1150/320 662/1170/320
f 663/1171/326 665/1172/326 666/1173/326 664/1174/326
f 665/1175/323 667/1176/323 668/1177/323 666/1178/323
f 667/1176/319 669/1179/319 670/1180/319 668/1177/319
f 669/1181/320 671/1182/320 672/1183/320 670/1184/320
f 671/1182/321 673/1185/321 674/1186/321 672/1183/321
f 673/1187/322 675/1188/322 676/1189/322 674/1190/322
f 675/1188/315 677/1191/315 678/1192/315 676/1189/315
f 677/1201/316 663/1171/316 664/1174/316 678/1202/316
f 682/1203/325 685/1204/325 683/1205/325 680/1206/325
f 681/1207/323 682/1208/323 680/1209/323 679/1210/323
f 686/1211/324 681/1212/324 679/1213/324 684/1214/324
f 685/1215/322 686/1216/322 684/1217/322 683/1218/322
f 684/1219/308 679/1220/308 680/1221/308 683/1222/308
f 685/1223/312 682/1224/312 681/1225/312 686/1226/312
f 690/1227/325 693/1228/325 691/1229/325 688/1230/325
f 689/1231/323 690/1232/323 688/1233/323 687/1234/323
f 694/1235/324 689/1236/324 687/1237/324 692/1238/324
f 693/1239/322 694/1240/322 692/1241/322 691/1242/322
f 692/1243/308 687/1244/308 688/1245/308 691/1246/308
f 693/1247/312 690/909/312 689/908/312 694/1248/312
f 695/1249/326 697/1250/326 698/1251/326 696/1252/326
f 697/1253/323 699/1254/323 700/1255/323 698/1256/323
f 699/1254/319 701/1257/319 702/1258/319 700/1255/319
f 701/1259/325 703/1260/325 704/1261/325 702/1262/325
f 703/1260/321 705/1263/321 706/1264/321 704/1261/321
f 705/1265/322 707/1266/322 708/1267/322 706/1268/322
f 707/1266/315 709/1269/315 710/1270/315 708/1267/315
f 709/1271/324 695/1249/324 696/1252/324 710/1272/324
f 648/1273/308 650/1274/308 652/1275/308 654/1276/308 656/1277/308 658/1278/308 660/1279/308 662/1280/308
f 647/1281/312 661/1282/312 659/1283/312 657/1284/312 655/1285/312 653/1286/312 651/1287/312 649/1288/312
f 696/1289/308 698/1290/308 700/1291/308 702/1292/308 704/1293/308 706/1294/308 708/1295/308 710/1296/308
f 711/1305/307 713/1306/307 714/1307/307 712/1308/307
f 713/1306/308 715/1309/308 716/1310/308 714/1307/308
f 715/1309/309 717/1311/309 718/1312/309 716/1310/309
f 717/1313/310 719/1314/310 720/1315/310 718/1316/310
f 719/1317/311 721/1318/311 722/1319/311 720/1320/311
f 721/1318/312 723/1321/312 724/1322/312 722/1319/312
f 711/1323/313 725/1324/313 723/1325/313 721/1326/313 719/1327/313 717/1328/313 715/1329/313 713/1330/313
f 723/1321/305 725/1305/305 726/1331/305 724/1322/305
f 712/1332/314 714/1333/314 716/1334/314 718/1335/314 720/1336/314 722/1337/314 724/1338/314 726/1339/314
f 725/1340/306 711/1341/306 712/1342/306 726/1343/306
f 727/1344/324 729/1345/324 730/1346/324 728/1347/324
f 729/1345/334 731/1348/334 732/1349/334 730/1346/334
f 731/1348/306 733/1350/306 734/1351/306 732/1349/306
f 733/1352/323 735/1353/323 736/1354/323 734/1355/323
f 735/1353/335 737/1356/335 738/1357/335 736/1354/335
f 737/1356/313 739/1358/313 740/1359/313 738/1357/313
f 739/1360/325 741/1361/325 742/1362/325 740/1363/325
f 741/1361/336 743/1364/336 744/1365/336 742/1362/336
f 743/1364/310 745/1366/310 746/1367/310 744/1365/310
f 745/1368/322 747/1369/322 748/1370/322 746/1371/322
f 747/1369/337 749/1372/337 750/1373/337 748/1370/337
f 749/1372/314 727/1374/314 728/1375/314 750/1373/314
f 752/1376/338 754/1377/338 751/1378/338
f 752/1376/339 753/1379/339 755/1380/339 754/1377/339
f 753/1381/340 776/1382/340 777/1383/340 755/1384/340
f 754/1377/341 756/1385/341 751/1378/341
f 754/1377/342 755/1380/342 757/1386/342 756/1385/342
f 755/1384/343 777/1383/343 778/1387/343 757/1388/343
f 756/1385/344 758/1389/344 751/1378/344
f 756/1385/307 757/1386/307 759/1390/307 758/1389/307
f 757/1388/345 778/1387/345 779/1391/345 759/1392/345
f 758/1389/346 760/1393/346 751/1378/346
f 758/1389/347 759/1390/347 761/1394/347 760/1393/347
f 759/1395/348 779/1396/348 780/1397/348 761/1398/348
f 760/1393/349 762/1399/349 751/1378/349
f 760/1393/350 761/1394/350 763/1400/350 762/1399/350
f 761/1398/351 780/1397/351 781/1401/351 763/1402/351
f 762/1399/352 764/1403/352 751/1378/352
f 762/1399/353 763/1400/353 765/1404/353 764/1403/353
f 763/1402/354 781/1401/354 782/1405/354 765/1406/354
f 764/1403/355 766/1407/355 751/1378/355
f 764/1403/356 765/1404/356 767/1408/356 766/1407/356
f 765/1409/357 782/1410/357 783/1411/357 767/1412/357
f 766/1407/358 768/1413/358 751/1378/358
f 766/1407/359 767/1408/359 769/1414/359 768/1413/359
f 767/1412/360 783/1411/360 784/1415/360 769/1416/360
f 768/1413/361 770/1417/361 751/1378/361
f 768/1413/309 769/1414/309 771/1418/309 770/1417/309
f 769/1416/362 784/1415/362 785/1419/362 771/1420/362
f 770/1417/363 772/1421/363 751/1378/363
f 770/1417/364 771/1418/364 773/1422/364 772/1421/364
f 771/1423/365 785/1424/365 786/1425/365 773/1426/365
f 772/1421/366 774/1427/366 751/1378/366
f 772/1421/367 773/1422/367 775/1428/367 774/1427/367
f 773/1426/368 786/1425/368 787/1429/368 775/1430/368
f 774/1427/369 752/1376/369 751/1378/369
f 774/1427/370 775/1428/370 753/1379/370 752/1376/370
f 775/1430/371 787/1429/371 776/1431/371 753/1432/371
g condenser_cylinder.054
v -0.480955 0.148415 -0.600868
v -0.480955 0.148415 -0.616795
v -0.473559 0.157362 -0.600868
v -0.473559 0.157362 -0.616795
v -0.473559 0.170014 -0.600868
v -0.473559 0.170014 -0.616795
v -0.480955 0.178961 -0.600868
v -0.480955 0.178961 -0.616795
v -0.491414 0.178961 -0.600868
v -0.491414 0.178961 -0.616795
v -0.498810 0.170014 -0.600868
v -0.498810 0.170014 -0.616795
v -0.498810 0.157362 -0.600868
v -0.498810 0.157362 -0.616795
v -0.491414 0.148415 -0.600868
v -0.491414 0.148415 -0.616795
v -0.448308 0.331696 -0.441597
v -0.448308 0.331696 -0.600868
v -0.448308 0.117868 -0.441597
v -0.448308 0.117868 -0.600868
v -0.524060 0.331696 -0.600868
v -0.524060 0.331696 -0.441597
v -0.524060 0.117868 -0.600868
v -0.524060 0.117868 -0.441597
v -0.480432 0.146887 -0.616795
v -0.480432 0.146887 -0.619980
v -0.472296 0.156729 -0.616795
v -0.472296 0.156729 -0.619980
v -0.472296 0.170647 -0.616795
v -0.472296 0.170647 -0.619980
v -0.480432 0.180489 -0.616795
v -0.480432 0.180489 -0.619980
v -0.491937 0.180489 -0.616795
v -0.491937 0.180489 -0.619980
v -0.500072 0.170647 -0.616795
v -0.500072 0.170647 -0.619980
v -0.500072 0.156729 -0.616795
v -0.500072 0.156729 -0.619980
v -0.491937 0.146887 -0.616795
v -0.491937 0.146887 -0.619980
vn 0.7708 -0.6371 -0.0000
vn 1.0000 -0.0000 -0.0000
vn 0.7708 0.6371 -0.0000
vn -0.0000 1.0000 -0.0000
vn -0.7708 0.6371 -0.0000
vn -1.0000 -0.0000 -0.0000
vn -0.7708 -0.6371 -0.0000
vn -0.0000 -1.0000 -0.0000
vn -0.0000 -0.0000 -1.0000
vn -0.0000 -0.0000 1.0000
vt 0.510010 0.969401
vt 0.497830 0.969401
vt 0.497830 0.962265
vt 0.510010 0.962265
vt 0.510010 0.979491
vt 0.497830 0.979491
vt 0.510010 0.986627
vt 0.497830 0.986627
vt 0.926774 0.985623
vt 0.914593 0.985623
vt 0.914593 0.975533
vt 0.926774 0.975533
vt 0.926774 0.992759
vt 0.914593 0.992759
vt 0.095226 0.930726
vt 0.095226 0.918546
vt 0.105316 0.918546
vt 0.105316 0.930726
vt 0.988554 0.982669
vt 0.976374 0.982669
vt 0.976374 0.975533
vt 0.988554 0.975533
vt 0.988554 0.992759
vt 0.976374 0.992759
vt 0.829329 0.000000
vt 0.902413 0.000000
vt 0.902413 0.170528
vt 0.829329 0.170528
vt 0.477498 0.511584
vt 0.599304 0.511584
vt 0.599304 0.682112
vt 0.477498 0.682112
vt 0.902413 0.341056
vt 0.829329 0.341056
vt 0.599304 0.852640
vt 0.477498 0.852640
vt 0.477498 0.682112
vt 0.599304 0.682112
vt 0.761192 0.731887
vt 0.834276 0.731887
vt 0.834276 0.853692
vt 0.761192 0.853692
vt 0.180085 0.877002
vt 0.107002 0.877002
vt 0.107002 0.755196
vt 0.180085 0.755196
vt 0.372493 0.763283
vt 0.370057 0.763283
vt 0.370057 0.755434
vt 0.372493 0.755434
vt 0.372493 0.774382
vt 0.370057 0.774382
vt 0.372493 0.782231
vt 0.370057 0.782231
vt 0.372493 0.831228
vt 0.370057 0.831228
vt 0.370057 0.820128
vt 0.372493 0.820128
vt 0.372493 0.790080
vt 0.370057 0.790080
vt 0.370057 0.782231
vt 0.372493 0.782231
vt 0.372493 0.801180
vt 0.370057 0.801180
vt 0.372493 0.809028
vt 0.370057 0.809028
vt 0.125950 0.925724
vt 0.133799 0.933573
vt 0.133799 0.944672
vt 0.125950 0.952521
vt 0.114850 0.952521
vt 0.107002 0.944672
vt 0.107002 0.933573
vt 0.114850 0.925724
vt 0.372493 0.820128
vt 0.370057 0.820128
vt 0.372493 0.809028
vt 0.737272 0.907193
vt 0.748372 0.907193
vt 0.756221 0.915042
vt 0.756221 0.926142
vt 0.748372 0.933991
vt 0.737272 0.933991
vt 0.729424 0.926142
vt 0.729424 0.915042
s 0
g condenser_blue
usemtl blue
f 791/1433/372 790/1434/372 788/1435/372 789/1436/372
f 793/1437/373 792/1438/373 790/1434/373 791/1433/373
f 795/1439/374 794/1440/374 792/1438/374 793/1437/374
f 797/1441/375 796/1442/375 794/1443/375 795/1444/375
f 799/1445/376 798/1446/376 796/1442/376 797/1441/376
f 801/1447/377 800/1448/377 798/1449/377 799/1450/377
f 803/1451/378 802/1452/378 800/1453/378 801/1454/378
f 789/1455/379 788/1456/379 802/1452/379 803/1451/379
f 807/1457/380 810/1458/380 808/1459/380 805/1460/380
f 806/1461/373 807/1462/373 805/1463/373 804/1464/373
f 811/1460/381 806/1459/381 804/1465/381 809/1466/381
f 810/1467/377 811/1468/377 809/1469/377 808/1470/377
f 809/1471/375 804/1472/375 805/1473/375 808/1474/375
f 810/1475/379 807/1476/379 806/1477/379 811/1478/379
f 815/1479/372 814/1480/372 812/1481/372 813/1482/372
f 817/1483/373 816/1484/373 814/1480/373 815/1479/373
f 819/1485/374 818/1486/374 816/1484/374 817/1483/374
f 821/1487/375 820/1488/375 818/1489/375 819/1490/375
f 823/1491/376 822/1492/376 820/1493/376 821/1494/376
f 825/1495/377 824/1496/377 822/1492/377 823/1491/377
f 827/1497/378 826/1498/378 824/1496/378 825/1495/378
f 813/1499/380 827/1500/380 825/1501/380 823/1502/380 821/1503/380 819/1504/380 817/1505/380 815/1506/380
f 813/1507/379 812/1508/379 826/1498/379 827/1509/379
f 812/1510/381 814/1511/381 816/1512/381 818/1513/381 820/1514/381 822/1515/381 824/1516/381 826/1517/381
g piping1_cylinder.059
v -0.483659 0.430928 -0.416113
v -0.483659 0.430928 -0.409742
v -0.492534 0.441664 -0.416113
v -0.492534 0.441664 -0.409742
v -0.505085 0.441664 -0.416113
v -0.505085 0.441664 -0.409742
v -0.513960 0.430928 -0.416113
v -0.513960 0.430928 -0.409742
v -0.513960 0.415744 -0.416113
v -0.513960 0.415744 -0.409742
v -0.505085 0.405008 -0.416113
v -0.505085 0.405008 -0.409742
v -0.492534 0.405008 -0.416113
v -0.492534 0.405008 -0.409742
v -0.483659 0.415744 -0.416113
v -0.483659 0.415744 -0.409742
v -0.607065 0.163464 -0.377991
v -0.607065 0.224557 -0.377991
v -0.599670 0.163464 -0.387321
v -0.599670 0.224557 -0.387321
v -0.599670 0.163464 -0.400516
v -0.599670 0.224557 -0.400516
v -0.607065 0.163464 -0.409846
v -0.607065 0.224557 -0.409846
v -0.617525 0.163464 -0.409846
v -0.617525 0.224557 -0.409846
v -0.624921 0.163464 -0.400516
v -0.624921 0.224557 -0.400516
v -0.624921 0.163464 -0.387321
v -0.624921 0.224557 -0.387321
v -0.617525 0.163464 -0.377991
v -0.617525 0.224557 -0.377991
v -0.504039 0.438610 -0.409742
v -0.504039 0.438610 -0.505305
v -0.511435 0.429663 -0.409742
v -0.511435 0.429663 -0.505305
v -0.511435 0.417010 -0.409742
v -0.511435 0.417010 -0.505305
v -0.504039 0.408063 -0.409742
v -0.504039 0.408063 -0.505305
v -0.493580 0.408063 -0.409742
v -0.493580 0.408063 -0.505305
v -0.486184 0.417010 -0.409742
v -0.486184 0.417010 -0.505305
v -0.486184 0.429663 -0.409742
v -0.486184 0.429663 -0.505305
v -0.493580 0.438610 -0.409742
v -0.493580 0.438610 -0.505305
v -0.372555 0.050448 -0.377888
v -0.599813 0.050448 -0.377888
v -0.372555 0.041501 -0.387218
v -0.599813 0.041501 -0.387218
v -0.372555 0.041501 -0.400412
v -0.599813 0.041501 -0.400412
v -0.372555 0.050448 -0.409742
v -0.599813 0.050448 -0.409742
v -0.372555 0.063100 -0.409742
v -0.599813 0.063100 -0.409742
v -0.372555 0.072047 -0.400412
v -0.599813 0.072047 -0.400412
v -0.372555 0.072047 -0.387218
v -0.599813 0.072047 -0.387218
v -0.372555 0.063100 -0.377888
v -0.599813 0.063100 -0.377888
v -0.483659 0.430928 -0.505305
v -0.483659 0.430928 -0.498934
v -0.492534 0.441664 -0.505305
v -0.492534 0.441664 -0.498934
v -0.505085 0.441664 -0.505305
v -0.505085 0.441664 -0.498934
v -0.513960 0.430928 -0.505305
v -0.513960 0.430928 -0.498934
v -0.513960 0.415744 -0.505305
v -0.513960 0.415744 -0.498934
v -0.505085 0.405008 -0.505305
v -0.505085 0.405008 -0.498934
v -0.492534 0.405008 -0.505305
v -0.492534 0.405008 -0.498934
v -0.483659 0.415744 -0.505305
v -0.483659 0.415744 -0.498934
v -0.493580 0.316422 -0.505305
v -0.493580 0.408063 -0.505305
v -0.486184 0.316422 -0.514635
v -0.486184 0.408063 -0.514635
v -0.486184 0.316422 -0.527829
v -0.486184 0.408063 -0.527829
v -0.493580 0.316422 -0.537159
v -0.493580 0.408063 -0.537159
v -0.504039 0.316422 -0.537159
v -0.504039 0.408063 -0.537159
v -0.511435 0.316422 -0.527829
v -0.511435 0.408063 -0.527829
v -0.511435 0.316422 -0.514635
v -0.511435 0.408063 -0.514635
v -0.504039 0.316422 -0.505305
v -0.504039 0.408063 -0.505305
v -0.372555 0.325369 -0.377888
v -0.599813 0.325369 -0.377888
v -0.372555 0.316422 -0.387218
v -0.599813 0.316422 -0.387218
v -0.372555 0.316422 -0.400412
v -0.599813 0.316422 -0.400412
v -0.372555 0.325369 -0.409742
v -0.599813 0.325369 -0.409742
v -0.372555 0.338022 -0.409742
v -0.599813 0.338022 -0.409742
v -0.372555 0.346969 -0.400412
v -0.599813 0.346969 -0.400412
v -0.372555 0.346969 -0.387218
v -0.599813 0.346969 -0.387218
v -0.372555 0.338022 -0.377888
v -0.599813 0.338022 -0.377888
v -0.372555 0.233729 -0.377888
v -0.599813 0.233729 -0.377888
v -0.372555 0.224782 -0.387218
v -0.599813 0.224782 -0.387218
v -0.372555 0.224782 -0.400412
v -0.599813 0.224782 -0.400412
v -0.372555 0.233729 -0.409742
v -0.599813 0.233729 -0.409742
v -0.372555 0.246381 -0.409742
v -0.599813 0.246381 -0.409742
v -0.372555 0.255329 -0.400412
v -0.599813 0.255329 -0.400412
v -0.372555 0.255329 -0.387218
v -0.599813 0.255329 -0.387218
v -0.372555 0.246381 -0.377888
v -0.599813 0.246381 -0.377888
v -0.372555 0.142088 -0.377888
v -0.599813 0.142088 -0.377888
v -0.372555 0.133141 -0.387218
v -0.599813 0.133141 -0.387218
v -0.372555 0.133141 -0.400412
v -0.599813 0.133141 -0.400412
v -0.372555 0.142088 -0.409742
v -0.599813 0.142088 -0.409742
v -0.372555 0.154741 -0.409742
v -0.599813 0.154741 -0.409742
v -0.372555 0.163688 -0.400412
v -0.599813 0.163688 -0.400412
v -0.372555 0.163688 -0.387218
v -0.599813 0.163688 -0.387218
v -0.372555 0.154741 -0.377888
v -0.599813 0.154741 -0.377888
v -0.607209 0.346969 -0.377888
v -0.607209 0.408063 -0.377888
v -0.599813 0.346969 -0.387218
v -0.599813 0.408063 -0.387218
v -0.599813 0.346969 -0.400412
v -0.599813 0.408063 -0.400412
v -0.607209 0.346969 -0.409742
v -0.607209 0.408063 -0.409742
v -0.617668 0.346969 -0.409742
v -0.617668 0.408063 -0.409742
v -0.625064 0.346969 -0.400412
v -0.625064 0.408063 -0.400412
v -0.625064 0.346969 -0.387218
v -0.625064 0.408063 -0.387218
v -0.617668 0.346969 -0.377888
v -0.617668 0.408063 -0.377888
v -0.365159 0.255329 -0.377888
v -0.365159 0.316422 -0.377888
v -0.372555 0.255329 -0.387218
v -0.372555 0.316422 -0.387218
v -0.372555 0.255329 -0.400412
v -0.372555 0.316422 -0.400412
v -0.365159 0.255329 -0.409742
v -0.365159 0.316422 -0.409742
v -0.354700 0.255329 -0.409742
v -0.354700 0.316422 -0.409742
v -0.347304 0.255329 -0.400412
v -0.347304 0.316422 -0.400412
v -0.347304 0.255329 -0.387218
v -0.347304 0.316422 -0.387218
v -0.354700 0.255329 -0.377888
v -0.354700 0.316422 -0.377888
v -0.511435 0.417010 -0.377888
v -0.599813 0.417010 -0.377888
v -0.511435 0.408063 -0.387218
v -0.599813 0.408063 -0.387218
v -0.511435 0.408063 -0.400412
v -0.599813 0.408063 -0.400412
v -0.511435 0.417010 -0.409742
v -0.599813 0.417010 -0.409742
v -0.511435 0.429663 -0.409742
v -0.599813 0.429663 -0.409742
v -0.511435 0.438610 -0.400413
v -0.599813 0.438610 -0.400413
v -0.511435 0.438610 -0.387218
v -0.599813 0.438610 -0.387218
v -0.511435 0.429663 -0.377888
v -0.599813 0.429663 -0.377888
v -0.365159 0.072047 -0.377888
v -0.365159 0.133141 -0.377888
v -0.372555 0.072047 -0.387218
v -0.372555 0.133141 -0.387218
v -0.372555 0.072047 -0.400412
v -0.372555 0.133141 -0.400412
v -0.365159 0.072047 -0.409742
v -0.365159 0.133141 -0.409742
v -0.354700 0.072047 -0.409742
v -0.354700 0.133141 -0.409742
v -0.347304 0.072047 -0.400412
v -0.347304 0.133141 -0.400412
v -0.347304 0.072047 -0.387218
v -0.347304 0.133141 -0.387218
v -0.354700 0.072047 -0.377888
v -0.354700 0.133141 -0.377888
v -0.511412 0.408072 -0.514605
v -0.504016 0.408072 -0.505275
v -0.493557 0.408072 -0.505275
v -0.486161 0.408072 -0.514605
v -0.486161 0.408072 -0.527799
v -0.493557 0.408072 -0.537129
v -0.504016 0.408072 -0.537129
v -0.511412 0.408072 -0.527799
v -0.504016 0.408063 -0.505280
v -0.511412 0.417010 -0.505280
v -0.493557 0.408063 -0.505280
v -0.486161 0.417010 -0.505280
v -0.486161 0.429663 -0.505280
v -0.493557 0.438610 -0.505280
v -0.504016 0.438610 -0.505280
v -0.511412 0.429663 -0.505280
v -0.511412 0.428349 -0.512173
v -0.511412 0.425049 -0.518151
v -0.511412 0.420415 -0.522985
v -0.511412 0.414683 -0.526429
v -0.504016 0.417879 -0.535143
v -0.504016 0.425875 -0.530376
v -0.504016 0.432139 -0.523842
v -0.504016 0.436707 -0.515504
v -0.493557 0.417879 -0.535143
v -0.493557 0.425875 -0.530376
v -0.493557 0.432139 -0.523842
v -0.493557 0.436707 -0.515504
v -0.486161 0.414683 -0.526429
v -0.486161 0.420415 -0.522985
v -0.486161 0.425049 -0.518151
v -0.486161 0.428349 -0.512173
v -0.486161 0.410163 -0.514104
v -0.486161 0.412693 -0.512532
v -0.486161 0.415023 -0.510102
v -0.486161 0.416530 -0.507463
v -0.493557 0.406967 -0.505390
v -0.493557 0.407233 -0.505141
v -0.493557 0.407933 -0.504411
v -0.493557 0.408172 -0.504132
v -0.504016 0.406968 -0.505390
v -0.504016 0.407233 -0.505141
v -0.504016 0.407933 -0.504411
v -0.504016 0.408173 -0.504132
v -0.511412 0.410163 -0.514104
v -0.511412 0.412693 -0.512532
v -0.511412 0.415023 -0.510102
v -0.511412 0.416530 -0.507463
v -0.607152 0.408041 -0.377692
v -0.599756 0.408041 -0.387022
v -0.599756 0.408041 -0.400216
v -0.607152 0.408041 -0.409546
v -0.617611 0.408041 -0.409546
v -0.625007 0.408041 -0.400216
v -0.625007 0.408041 -0.387022
v -0.617611 0.408041 -0.377692
v -0.599760 0.408032 -0.387022
v -0.599760 0.416979 -0.377692
v -0.599760 0.408032 -0.400216
v -0.599760 0.416979 -0.409546
v -0.599760 0.429632 -0.409546
v -0.599760 0.438579 -0.400216
v -0.599760 0.438579 -0.387022
v -0.599760 0.429632 -0.377692
v -0.605224 0.428318 -0.377692
v -0.609963 0.425018 -0.377692
v -0.613795 0.420384 -0.377692
v -0.616524 0.414652 -0.377692
v -0.623433 0.417847 -0.387022
v -0.619654 0.425843 -0.387022
v -0.614474 0.432107 -0.387022
v -0.607864 0.436676 -0.387022
v -0.623433 0.417847 -0.400216
v -0.619654 0.425843 -0.400216
v -0.614474 0.432107 -0.400216
v -0.607864 0.436676 -0.400216
v -0.616524 0.414652 -0.409546
v -0.613795 0.420384 -0.409546
v -0.609963 0.425018 -0.409546
v -0.605224 0.428318 -0.409546
v -0.606755 0.410132 -0.409546
v -0.605509 0.412662 -0.409546
v -0.603583 0.414991 -0.409546
v -0.601490 0.416499 -0.409546
v -0.599847 0.406936 -0.400216
v -0.599650 0.407202 -0.400216
v -0.599071 0.407902 -0.400216
v -0.598850 0.408141 -0.400216
v -0.599847 0.406936 -0.387022
v -0.599650 0.407202 -0.387022
v -0.599071 0.407902 -0.387022
v -0.598850 0.408141 -0.387022
v -0.606755 0.410132 -0.377692
v -0.605509 0.412662 -0.377692
v -0.603583 0.414992 -0.377692
v -0.601490 0.416499 -0.377692
v -0.607203 0.224805 -0.377895
v -0.599807 0.224805 -0.387225
v -0.599807 0.224805 -0.400420
v -0.607203 0.224805 -0.409750
v -0.617662 0.224805 -0.409750
v -0.625058 0.224805 -0.400420
v -0.625058 0.224805 -0.387225
v -0.617662 0.224805 -0.377895
v -0.599811 0.224796 -0.387225
v -0.599811 0.233743 -0.377895
v -0.599811 0.224796 -0.400420
v -0.599811 0.233743 -0.409750
v -0.599811 0.246396 -0.409750
v -0.599811 0.255343 -0.400420
v -0.599811 0.255343 -0.387225
v -0.599811 0.246396 -0.377895
v -0.605275 0.245082 -0.377895
v -0.610014 0.241782 -0.377895
v -0.613846 0.237148 -0.377895
v -0.616575 0.231416 -0.377895
v -0.623483 0.234612 -0.387225
v -0.619705 0.242608 -0.387225
v -0.614525 0.248872 -0.387225
v -0.607915 0.253440 -0.387225
v -0.623483 0.234612 -0.400420
v -0.619705 0.242608 -0.400420
v -0.614525 0.248872 -0.400420
v -0.607915 0.253440 -0.400420
v -0.616575 0.231416 -0.409750
v -0.613846 0.237148 -0.409750
v -0.610014 0.241782 -0.409750
v -0.605275 0.245082 -0.409750
v -0.606806 0.226896 -0.409750
v -0.605560 0.229426 -0.409750
v -0.603634 0.231756 -0.409750
v -0.601541 0.233263 -0.409750
v -0.599898 0.223701 -0.400420
v -0.599701 0.223966 -0.400420
v -0.599122 0.224666 -0.400420
v -0.598901 0.224906 -0.400420
v -0.599898 0.223701 -0.387225
v -0.599701 0.223966 -0.387225
v -0.599122 0.224666 -0.387225
v -0.598901 0.224906 -0.387225
v -0.606806 0.226896 -0.377895
v -0.605560 0.229426 -0.377895
v -0.603634 0.231756 -0.377895
v -0.601541 0.233263 -0.377895
v -0.599829 0.338026 -0.377835
v -0.599829 0.346973 -0.387164
v -0.599829 0.346973 -0.400359
v -0.599829 0.338026 -0.409689
v -0.599829 0.325373 -0.409689
v -0.599829 0.316427 -0.400359
v -0.599829 0.316427 -0.387164
v -0.599829 0.325373 -0.377835
v -0.599822 0.346969 -0.387164
v -0.607217 0.346969 -0.377835
v -0.599822 0.346969 -0.400359
v -0.607217 0.346969 -0.409689
v -0.617677 0.346969 -0.409689
v -0.625072 0.346969 -0.400359
v -0.625072 0.346969 -0.387164
v -0.617677 0.346969 -0.377835
v -0.616591 0.340359 -0.377835
v -0.613863 0.334626 -0.377835
v -0.610032 0.329990 -0.377835
v -0.605294 0.326688 -0.377835
v -0.607936 0.318331 -0.387164
v -0.614545 0.322902 -0.387164
v -0.619723 0.329169 -0.387164
v -0.623499 0.337165 -0.387164
v -0.607936 0.318331 -0.400359
v -0.614545 0.322902 -0.400359
v -0.619723 0.329169 -0.400359
v -0.623499 0.337165 -0.400359
v -0.605294 0.326688 -0.409689
v -0.610032 0.329990 -0.409689
v -0.613863 0.334626 -0.409689
v -0.616591 0.340359 -0.409689
v -0.601558 0.338506 -0.409689
v -0.603649 0.340014 -0.409689
v -0.605575 0.342344 -0.409689
v -0.606821 0.344876 -0.409689
v -0.598916 0.346863 -0.400359
v -0.599136 0.347102 -0.400359
v -0.599714 0.347802 -0.400359
v -0.599912 0.348070 -0.400359
v -0.598916 0.346863 -0.387164
v -0.599136 0.347102 -0.387164
v -0.599714 0.347802 -0.387164
v -0.599912 0.348070 -0.387164
v -0.601558 0.338506 -0.377835
v -0.603649 0.340014 -0.377835
v -0.605575 0.342344 -0.377835
v -0.606821 0.344876 -0.377835
v -0.607220 0.163684 -0.409777
v -0.599825 0.163684 -0.400447
v -0.599825 0.163684 -0.387253
v -0.607220 0.163684 -0.377923
v -0.617680 0.163684 -0.377923
v -0.625075 0.163684 -0.387253
v -0.625075 0.163684 -0.400447
v -0.617680 0.163684 -0.409777
v -0.599828 0.163693 -0.400447
v -0.599828 0.154746 -0.409777
v -0.599828 0.163693 -0.387253
v -0.599828 0.154746 -0.377923
v -0.599828 0.142093 -0.377923
v -0.599828 0.133146 -0.387253
v -0.599828 0.133146 -0.400447
v -0.599828 0.142093 -0.409777
v -0.605292 0.143406 -0.409777
v -0.610031 0.146707 -0.409777
v -0.613863 0.151341 -0.409777
v -0.616593 0.157073 -0.409777
v -0.623501 0.153877 -0.400447
v -0.619722 0.145881 -0.400447
v -0.614542 0.139617 -0.400447
v -0.607933 0.135049 -0.400447
v -0.623501 0.153877 -0.387253
v -0.619722 0.145881 -0.387253
v -0.614542 0.139617 -0.387253
v -0.607933 0.135049 -0.387253
v -0.616593 0.157073 -0.377923
v -0.613863 0.151341 -0.377923
v -0.610031 0.146707 -0.377923
v -0.605292 0.143406 -0.377923
v -0.606824 0.161592 -0.377923
v -0.605578 0.159062 -0.377923
v -0.603651 0.156733 -0.377923
v -0.601558 0.155226 -0.377923
v -0.599916 0.164788 -0.387253
v -0.599719 0.164522 -0.387253
v -0.599140 0.163822 -0.387253
v -0.598918 0.163583 -0.387253
v -0.599916 0.164788 -0.400447
v -0.599719 0.164522 -0.400447
v -0.599140 0.163822 -0.400447
v -0.598918 0.163583 -0.400447
v -0.606824 0.161592 -0.409777
v -0.605578 0.159062 -0.409777
v -0.603651 0.156733 -0.409777
v -0.601558 0.155226 -0.409777
v -0.365177 0.316441 -0.409753
v -0.372573 0.316441 -0.400423
v -0.372573 0.316441 -0.387228
v -0.365177 0.316441 -0.377899
v -0.354717 0.316441 -0.377899
v -0.347322 0.316441 -0.387228
v -0.347322 0.316441 -0.400423
v -0.354717 0.316441 -0.409753
v -0.372569 0.316431 -0.400423
v -0.372569 0.325378 -0.409753
v -0.372569 0.316431 -0.387228
v -0.372569 0.325378 -0.377899
v -0.372569 0.338031 -0.377899
v -0.372569 0.346978 -0.387228
v -0.372569 0.346978 -0.400423
v -0.372569 0.338031 -0.409753
v -0.367105 0.336718 -0.409753
v -0.362366 0.333417 -0.409753
v -0.358534 0.328783 -0.409753
v -0.355804 0.323051 -0.409753
v -0.348896 0.326247 -0.400423
v -0.352675 0.334243 -0.400423
v -0.357854 0.340507 -0.400423
v -0.364464 0.345075 -0.400423
v -0.348896 0.326247 -0.387228
v -0.352675 0.334243 -0.387228
v -0.357854 0.340507 -0.387228
v -0.364464 0.345075 -0.387228
v -0.355804 0.323051 -0.377899
v -0.358534 0.328783 -0.377899
v -0.362366 0.333417 -0.377899
v -0.367105 0.336718 -0.377899
v -0.365573 0.318532 -0.377899
v -0.366819 0.321062 -0.377899
v -0.368746 0.323391 -0.377899
v -0.370839 0.324899 -0.377899
v -0.372481 0.315336 -0.387228
v -0.372678 0.315602 -0.387228
v -0.373257 0.316302 -0.387228
v -0.373479 0.316541 -0.387228
v -0.372481 0.315336 -0.400423
v -0.372678 0.315602 -0.400423
v -0.373257 0.316302 -0.400423
v -0.373479 0.316541 -0.400423
v -0.365573 0.318532 -0.409753
v -0.366819 0.321062 -0.409753
v -0.368746 0.323391 -0.409753
v -0.370839 0.324899 -0.409753
v -0.365165 0.255308 -0.377927
v -0.372561 0.255308 -0.387257
v -0.372561 0.255308 -0.400451
v -0.365165 0.255308 -0.409781
v -0.354706 0.255308 -0.409781
v -0.347310 0.255308 -0.400451
v -0.347310 0.255308 -0.387257
v -0.354706 0.255308 -0.377927
v -0.372557 0.255317 -0.387257
v -0.372557 0.246370 -0.377927
v -0.372557 0.255317 -0.400451
v -0.372557 0.246370 -0.409781
v -0.372557 0.233717 -0.409781
v -0.372557 0.224770 -0.400451
v -0.372557 0.224770 -0.387257
v -0.372557 0.233717 -0.377927
v -0.367093 0.235031 -0.377927
v -0.362355 0.238331 -0.377927
v -0.358522 0.242965 -0.377927
v -0.355793 0.248697 -0.377927
v -0.348885 0.245501 -0.387257
v -0.352663 0.237505 -0.387257
v -0.357843 0.231241 -0.387257
v -0.364453 0.226673 -0.387257
v -0.348885 0.245501 -0.400451
v -0.352663 0.237505 -0.400451
v -0.357843 0.231241 -0.400451
v -0.364453 0.226673 -0.400451
v -0.355793 0.248697 -0.409781
v -0.358522 0.242965 -0.409781
v -0.362355 0.238331 -0.409781
v -0.367093 0.235031 -0.409781
v -0.365562 0.253217 -0.409781
v -0.366808 0.250687 -0.409781
v -0.368735 0.248357 -0.409781
v -0.370827 0.246850 -0.409781
v -0.372470 0.256412 -0.400451
v -0.372667 0.256147 -0.400451
v -0.373246 0.255447 -0.400451
v -0.373467 0.255207 -0.400451
v -0.372470 0.256412 -0.387257
v -0.372667 0.256147 -0.387257
v -0.373246 0.255447 -0.387257
v -0.373467 0.255207 -0.387257
v -0.365562 0.253217 -0.377927
v -0.366808 0.250687 -0.377927
v -0.368735 0.248357 -0.377927
v -0.370827 0.246850 -0.377927
v -0.365268 0.133153 -0.409711
v -0.372664 0.133153 -0.400381
v -0.372664 0.133153 -0.387187
v -0.365268 0.133153 -0.377857
v -0.354808 0.133153 -0.377857
v -0.347413 0.133153 -0.387187
v -0.347413 0.133153 -0.400381
v -0.354808 0.133153 -0.409711
v -0.372660 0.133143 -0.400381
v -0.372660 0.142090 -0.409711
v -0.372660 0.133143 -0.387187
v -0.372660 0.142090 -0.377857
v -0.372660 0.154743 -0.377857
v -0.372660 0.163690 -0.387187
v -0.372660 0.163690 -0.400381
v -0.372660 0.154743 -0.409711
v -0.367196 0.153430 -0.409711
v -0.362457 0.150129 -0.409711
v -0.358625 0.145495 -0.409711
v -0.355895 0.139763 -0.409711
v -0.348987 0.142959 -0.400381
v -0.352766 0.150955 -0.400381
v -0.357946 0.157219 -0.400381
v -0.364555 0.161787 -0.400381
v -0.348987 0.142959 -0.387187
v -0.352766 0.150955 -0.387187
v -0.357946 0.157219 -0.387187
v -0.364555 0.161787 -0.387187
v -0.355895 0.139763 -0.377857
v -0.358625 0.145495 -0.377857
v -0.362457 0.150129 -0.377857
v -0.367196 0.153430 -0.377857
v -0.365664 0.135244 -0.377857
v -0.366911 0.137774 -0.377857
v -0.368837 0.140103 -0.377857
v -0.370930 0.141610 -0.377857
v -0.372572 0.132048 -0.387187
v -0.372770 0.132314 -0.387187
v -0.373348 0.133014 -0.387187
v -0.373570 0.133253 -0.387187
v -0.372572 0.132048 -0.400381
v -0.372770 0.132314 -0.400381
v -0.373348 0.133014 -0.400381
v -0.373570 0.133253 -0.400381
v -0.365664 0.135244 -0.409711
v -0.366911 0.137774 -0.409711
v -0.368837 0.140103 -0.409711
v -0.370930 0.141610 -0.409711
v -0.365133 0.072077 -0.377888
v -0.372528 0.072077 -0.387218
v -0.372528 0.072077 -0.400412
v -0.365133 0.072077 -0.409742
v -0.354673 0.072077 -0.409742
v -0.347277 0.072077 -0.400412
v -0.347277 0.072077 -0.387218
v -0.354673 0.072077 -0.377888
v -0.372524 0.072086 -0.387218
v -0.372524 0.063139 -0.377888
v -0.372524 0.072086 -0.400412
v -0.372524 0.063139 -0.409742
v -0.372524 0.050486 -0.409742
v -0.372524 0.041539 -0.400412
v -0.372524 0.041539 -0.387218
v -0.372524 0.050486 -0.377888
v -0.367061 0.051800 -0.377888
v -0.362322 0.055100 -0.377888
v -0.358490 0.059734 -0.377888
v -0.355760 0.065466 -0.377888
v -0.348852 0.062270 -0.387218
v -0.352631 0.054274 -0.387218
v -0.357810 0.048010 -0.387218
v -0.364420 0.043442 -0.387218
v -0.348852 0.062270 -0.400412
v -0.352631 0.054274 -0.400412
v -0.357810 0.048010 -0.400412
v -0.364420 0.043442 -0.400412
v -0.355760 0.065466 -0.409742
v -0.358490 0.059734 -0.409742
v -0.362322 0.055100 -0.409742
v -0.367061 0.051800 -0.409742
v -0.365529 0.069985 -0.409742
v -0.366775 0.067455 -0.409742
v -0.368702 0.065126 -0.409742
v -0.370794 0.063618 -0.409742
v -0.372437 0.073181 -0.400412
v -0.372634 0.072915 -0.400412
v -0.373213 0.072216 -0.400412
v -0.373435 0.071976 -0.400412
v -0.372437 0.073181 -0.387218
v -0.372634 0.072915 -0.387218
v -0.373213 0.072216 -0.387218
v -0.373435 0.071976 -0.387218
v -0.365529 0.069985 -0.377888
v -0.366775 0.067455 -0.377888
v -0.368702 0.065126 -0.377888
v -0.370794 0.063618 -0.377888
v -0.607219 0.041483 -0.409739
v -0.599823 0.050430 -0.409739
v -0.599823 0.063083 -0.409739
v -0.607219 0.072029 -0.409739
v -0.617678 0.072029 -0.409739
v -0.625074 0.063083 -0.409739
v -0.625074 0.050430 -0.409739
v -0.617678 0.041483 -0.409739
v -0.599827 0.050430 -0.409749
v -0.599827 0.041483 -0.400419
v -0.599827 0.063083 -0.409749
v -0.599827 0.072029 -0.400419
v -0.599827 0.072029 -0.387225
v -0.599827 0.063083 -0.377895
v -0.599827 0.050430 -0.377895
v -0.599827 0.041483 -0.387225
v -0.605291 0.041483 -0.388595
v -0.610030 0.041483 -0.392036
v -0.613862 0.041483 -0.396869
v -0.616592 0.041483 -0.402846
v -0.623500 0.050430 -0.399514
v -0.619721 0.050430 -0.391175
v -0.614541 0.050430 -0.384643
v -0.607931 0.050430 -0.379879
v -0.623500 0.063083 -0.399514
v -0.619721 0.063083 -0.391175
v -0.614541 0.063083 -0.384643
v -0.607931 0.063083 -0.379879
v -0.616592 0.072029 -0.402846
v -0.613862 0.072029 -0.396869
v -0.610030 0.072029 -0.392036
v -0.605291 0.072029 -0.388595
v -0.606822 0.072029 -0.407559
v -0.605576 0.072029 -0.404921
v -0.603650 0.072029 -0.402492
v -0.601557 0.072029 -0.400920
v -0.599915 0.063083 -0.410891
v -0.599717 0.063083 -0.410614
v -0.599138 0.063083 -0.409884
v -0.598917 0.063083 -0.409635
v -0.599915 0.050430 -0.410891
v -0.599717 0.050430 -0.410614
v -0.599138 0.050430 -0.409884
v -0.598917 0.050430 -0.409635
v -0.606822 0.041483 -0.407559
v -0.605576 0.041483 -0.404921
v -0.603650 0.041483 -0.402491
v -0.601557 0.041483 -0.400920
v -0.511424 0.408056 -0.400406
v -0.511424 0.417003 -0.409736
v -0.511424 0.429656 -0.409736
v -0.511424 0.438603 -0.400406
v -0.511424 0.438603 -0.387212
v -0.511424 0.429656 -0.377882
v -0.511424 0.417003 -0.377882
v -0.511424 0.408056 -0.387212
v -0.511431 0.417003 -0.409731
v -0.504035 0.408056 -0.409731
v -0.511431 0.429656 -0.409731
v -0.504035 0.438603 -0.409731
v -0.493576 0.438603 -0.409731
v -0.486180 0.429656 -0.409731
v -0.486180 0.417003 -0.409731
v -0.493576 0.408056 -0.409731
v -0.494662 0.408056 -0.402838
v -0.497390 0.408056 -0.396860
v -0.501221 0.408056 -0.392026
v -0.505959 0.408056 -0.388582
v -0.503317 0.417003 -0.379868
v -0.496707 0.417003 -0.384635
v -0.491529 0.417003 -0.391169
v -0.487753 0.417003 -0.399508
v -0.503317 0.429656 -0.379868
v -0.496707 0.429656 -0.384635
v -0.491529 0.429656 -0.391169
v -0.487753 0.429656 -0.399508
v -0.505959 0.438603 -0.388582
v -0.501221 0.438603 -0.392026
v -0.497390 0.438603 -0.396860
v -0.494662 0.438603 -0.402838
v -0.509695 0.438603 -0.400906
v -0.507604 0.438603 -0.402479
v -0.505678 0.438603 -0.404909
v -0.504432 0.438603 -0.407549
v -0.512336 0.429656 -0.409621
v -0.512117 0.429656 -0.409870
v -0.511538 0.429656 -0.410600
v -0.511340 0.429656 -0.410879
v -0.512336 0.417003 -0.409621
v -0.512117 0.417003 -0.409870
v -0.511538 0.417003 -0.410600
v -0.511340 0.417003 -0.410879
v -0.509695 0.408056 -0.400906
v -0.507604 0.408056 -0.402479
v -0.505678 0.408056 -0.404909
v -0.504432 0.408056 -0.407549
vn 0.7708 0.6371 -0.0000
vn -0.0000 1.0000 -0.0000
vn -0.7708 0.6371 -0.0000
vn -1.0000 -0.0000 -0.0000
vn -0.7708 -0.6371 -0.0000
vn -0.0000 -1.0000 -0.0000
vn 0.7708 -0.6371 -0.0000
vn -0.0000 -0.0000 1.0000
vn 1.0000 -0.0000 -0.0000
vn -0.0000 -0.0000 -1.0000
vn 0.7837 -0.0000 0.6212
vn 0.7837 -0.0000 -0.6212
vn -0.7836 -0.0000 -0.6212
vn -0.7837 -0.0000 0.6212
vn -0.0000 -0.7218 0.6921
vn -0.0000 -0.7218 -0.6921
vn -0.0000 0.7218 -0.6921
vn -0.0000 0.7218 0.6921
vn -0.7837 -0.0000 -0.6212
vn -0.0000 0.7218 -0.6922
vn -0.7659 0.6319 -0.1187
vn -0.0000 0.9831 -0.1830
vn 0.7659 0.6319 -0.1187
vn 0.7622 -0.6096 0.2179
vn -0.7622 -0.6096 0.2178
vn -0.7706 0.5586 -0.3070
vn -0.7745 0.4566 -0.4377
vn -0.7771 0.3230 -0.5401
vn -0.7780 0.1258 -0.6155
vn -0.0000 0.8770 -0.4804
vn -0.0000 0.7219 -0.6920
vn -0.0000 0.5120 -0.8590
vn -0.0000 0.1985 -0.9801
vn 0.7706 0.5586 -0.3070
vn 0.7745 0.4566 -0.4377
vn 0.7771 0.3230 -0.5401
vn 0.7780 0.1258 -0.6155
vn 0.7706 -0.5468 0.3272
vn 0.7745 -0.4566 0.4377
vn 0.7764 -0.3440 0.5281
vn 0.7721 -0.2312 0.5920
vn -0.0000 -0.7592 0.6509
vn -0.0000 -0.7219 0.6920
vn -0.0000 -0.6837 0.7298
vn -0.7706 -0.5468 0.3272
vn -0.7745 -0.4566 0.4377
vn -0.7763 -0.3440 0.5281
vn -0.7721 -0.2311 0.5920
vn -0.1685 0.7107 0.6830
vn -0.2286 0.9735 -0.0000
vn -0.1685 0.7107 -0.6830
vn 0.3053 -0.6763 -0.6704
vn 0.3053 -0.6763 0.6704
vn -0.4238 0.6112 0.6684
vn -0.5852 0.4839 0.6507
vn -0.6998 0.3318 0.6327
vn -0.7768 0.1259 0.6170
vn -0.5685 0.8227 -0.0000
vn -0.7707 0.6373 -0.0000
vn -0.9041 0.4273 -0.0000
vn -0.9874 0.1585 -0.0000
vn -0.4238 0.6112 -0.6684
vn -0.5852 0.4839 -0.6507
vn -0.6998 0.3318 -0.6327
vn -0.7768 0.1259 -0.6170
vn 0.4497 -0.5957 -0.6655
vn 0.5852 -0.4839 -0.6507
vn 0.6868 -0.3546 -0.6344
vn 0.7522 -0.2327 -0.6165
vn 0.7340 -0.6792 -0.0000
vn 0.7706 -0.6373 -0.0000
vn 0.8027 -0.5964 -0.0000
vn 0.4496 -0.5958 0.6655
vn 0.5852 -0.4839 0.6507
vn 0.6868 -0.3546 0.6344
vn 0.7522 -0.2327 0.6165
vn 0.3050 -0.6764 -0.6704
vn 0.3050 -0.6764 0.6704
vn -0.6998 0.3317 0.6327
vn -0.7706 0.6373 -0.0000
vn -0.9041 0.4272 -0.0000
vn -0.6998 0.3317 -0.6327
vn 0.7522 -0.2329 -0.6164
vn 0.7341 -0.6790 -0.0000
vn 0.8028 -0.5962 -0.0000
vn 0.4497 -0.5957 0.6655
vn 0.7522 -0.2328 0.6164
vn -0.7768 -0.1258 0.6170
vn -0.9874 -0.1584 -0.0000
vn -0.7768 -0.1258 -0.6170
vn 0.7524 0.2320 -0.6165
vn 0.7524 0.2319 0.6165
vn -0.6999 -0.3316 0.6327
vn -0.5854 -0.4837 0.6507
vn -0.4240 -0.6111 0.6684
vn -0.1686 -0.7107 0.6830
vn -0.9043 -0.4270 -0.0000
vn -0.7709 -0.6370 -0.0000
vn -0.5688 -0.8225 -0.0000
vn -0.2287 -0.9735 -0.0000
vn -0.6999 -0.3316 -0.6327
vn -0.5854 -0.4837 -0.6507
vn -0.4240 -0.6111 -0.6684
vn -0.1686 -0.7107 -0.6829
vn 0.6870 0.3543 -0.6344
vn 0.5854 0.4837 -0.6506
vn 0.4500 0.5955 -0.6655
vn 0.3060 0.6761 -0.6703
vn 0.8043 0.5942 -0.0000
vn 0.7710 0.6369 -0.0000
vn 0.7356 0.6774 -0.0000
vn 0.6870 0.3544 0.6344
vn 0.5854 0.4837 0.6507
vn 0.4500 0.5955 0.6655
vn 0.3060 0.6761 0.6703
vn -0.1685 -0.7108 -0.6830
vn -0.2286 -0.9735 -0.0000
vn -0.1685 -0.7107 0.6830
vn 0.3051 0.6764 0.6704
vn 0.3051 0.6764 -0.6704
vn -0.4238 -0.6112 -0.6684
vn -0.5852 -0.4839 -0.6507
vn -0.6998 -0.3318 -0.6327
vn -0.7768 -0.1259 -0.6170
vn -0.5685 -0.8227 -0.0000
vn -0.7706 -0.6373 -0.0000
vn -0.9041 -0.4273 -0.0000
vn -0.9874 -0.1585 -0.0000
vn -0.4238 -0.6112 0.6684
vn -0.5852 -0.4839 0.6507
vn -0.6998 -0.3318 0.6327
vn -0.7768 -0.1259 0.6170
vn 0.4497 0.5957 0.6655
vn 0.5852 0.4839 0.6507
vn 0.6868 0.3547 0.6344
vn 0.7522 0.2326 0.6165
vn 0.7340 0.6792 -0.0000
vn 0.7706 0.6373 -0.0000
vn 0.8027 0.5964 -0.0000
vn 0.4497 0.5957 -0.6655
vn 0.5852 0.4839 -0.6507
vn 0.6868 0.3547 -0.6344
vn 0.7522 0.2326 -0.6165
vn 0.1685 0.7108 -0.6830
vn 0.2286 0.9735 -0.0000
vn 0.1685 0.7107 0.6830
vn -0.3052 -0.6763 0.6704
vn -0.3051 -0.6764 -0.6704
vn 0.4238 0.6112 -0.6684
vn 0.6998 0.3318 -0.6327
vn 0.7768 0.1259 -0.6170
vn 0.5685 0.8227 -0.0000
vn 0.9041 0.4272 -0.0000
vn 0.9874 0.1585 -0.0000
vn 0.4238 0.6112 0.6684
vn 0.6998 0.3317 0.6327
vn 0.7768 0.1259 0.6170
vn -0.4497 -0.5957 0.6655
vn -0.5851 -0.4839 0.6507
vn -0.6868 -0.3546 0.6344
vn -0.7522 -0.2326 0.6165
vn -0.7341 -0.6790 -0.0000
vn -0.7705 -0.6374 -0.0000
vn -0.8030 -0.5960 -0.0000
vn -0.4497 -0.5957 -0.6655
vn -0.5852 -0.4840 -0.6507
vn -0.6868 -0.3546 -0.6344
vn -0.7522 -0.2326 -0.6165
vn 0.1685 -0.7108 0.6830
vn 0.2286 -0.9735 -0.0000
vn 0.1685 -0.7107 -0.6830
vn -0.3049 0.6764 -0.6704
vn -0.3049 0.6764 0.6704
vn 0.4238 -0.6112 0.6684
vn 0.6998 -0.3317 0.6327
vn 0.7768 -0.1259 0.6170
vn 0.5685 -0.8227 -0.0000
vn 0.9041 -0.4272 -0.0000
vn 0.9874 -0.1585 -0.0000
vn 0.4238 -0.6112 -0.6684
vn 0.6998 -0.3317 -0.6327
vn 0.7768 -0.1259 -0.6170
vn -0.4497 0.5957 -0.6655
vn -0.6868 0.3546 -0.6344
vn -0.7522 0.2329 -0.6165
vn -0.7343 0.6788 -0.0000
vn -0.8029 0.5961 -0.0000
vn -0.4497 0.5957 0.6655
vn -0.6868 0.3546 0.6344
vn -0.7522 0.2329 0.6165
vn 0.1685 0.7107 -0.6830
vn 0.1685 0.7108 0.6830
vn -0.3051 -0.6764 0.6704
vn 0.6998 0.3317 -0.6327
vn 0.6998 0.3318 0.6327
vn -0.6868 -0.3547 0.6344
vn -0.7340 -0.6792 -0.0000
vn -0.7707 -0.6373 -0.0000
vn -0.8029 -0.5962 -0.0000
vn -0.6868 -0.3547 -0.6344
vn 0.1685 -0.7108 -0.6830
vn 0.6998 -0.3318 0.6327
vn 0.9041 -0.4273 -0.0000
vn 0.6998 -0.3318 -0.6327
vn -0.4498 0.5957 -0.6655
vn -0.5851 0.4840 -0.6507
vn -0.7522 0.2327 -0.6164
vn -0.7705 0.6374 -0.0000
vn -0.7522 0.2327 0.6164
vn -0.1685 -0.7121 0.6815
vn -0.2378 -0.0000 0.9713
vn -0.1685 0.7122 0.6815
vn 0.3047 0.6982 -0.6478
vn 0.3047 -0.6982 -0.6478
vn -0.4219 -0.6939 0.5835
vn -0.5799 -0.6724 0.4599
vn -0.6908 -0.6513 0.3140
vn -0.7647 -0.6334 0.1189
vn -0.5847 -0.0000 0.8113
vn -0.7835 -0.0000 0.6213
vn -0.9108 -0.0000 0.4127
vn -0.9884 -0.0000 0.1522
vn -0.4219 0.6939 0.5835
vn -0.5799 0.6724 0.4599
vn -0.6908 0.6513 0.3140
vn -0.7647 0.6334 0.1189
vn 0.4474 0.6905 -0.5684
vn 0.5799 0.6725 -0.4599
vn 0.6784 0.6534 -0.3359
vn 0.7416 0.6338 -0.2200
vn 0.7483 -0.0000 -0.6634
vn 0.7835 -0.0000 -0.6213
vn 0.8144 -0.0000 -0.5803
vn 0.4474 -0.6905 -0.5684
vn 0.5799 -0.6724 -0.4599
vn 0.6784 -0.6534 -0.3359
vn 0.7416 -0.6338 -0.2200
vn 0.7647 -0.6334 0.1188
vn 0.9884 -0.0000 0.1521
vn 0.7647 0.6334 0.1188
vn -0.7417 0.6338 -0.2194
vn -0.7418 -0.6338 -0.2192
vn 0.6909 -0.6513 0.3139
vn 0.5801 -0.6724 0.4597
vn 0.4221 -0.6939 0.5834
vn 0.1686 -0.7121 0.6815
vn 0.9109 -0.0000 0.4125
vn 0.7838 -0.0000 0.6211
vn 0.5849 -0.0000 0.8111
vn 0.2380 -0.0000 0.9713
vn 0.6909 0.6513 0.3139
vn 0.5801 0.6724 0.4597
vn 0.4221 0.6939 0.5834
vn 0.1686 0.7121 0.6815
vn -0.6786 0.6534 -0.3356
vn -0.5802 0.6724 -0.4597
vn -0.4477 0.6904 -0.5682
vn -0.3056 0.6981 -0.6475
vn -0.8160 -0.0000 -0.5781
vn -0.7839 -0.0000 -0.6209
vn -0.7496 -0.0000 -0.6618
vn -0.6785 -0.6534 -0.3356
vn -0.5802 -0.6724 -0.4597
vn -0.4477 -0.6904 -0.5682
vn -0.3056 -0.6981 -0.6475
vt 0.728608 0.980838
vt 0.728420 0.989401
vt 0.723549 0.989401
vt 0.723737 0.980838
vt 0.213855 0.826092
vt 0.213855 0.838201
vt 0.210536 0.838201
vt 0.210536 0.826092
vt 0.059691 0.960393
vt 0.059503 0.951830
vt 0.064374 0.951830
vt 0.064562 0.960393
vt 0.059503 0.939721
vt 0.064374 0.939721
vt 0.059691 0.931159
vt 0.064562 0.931159
vt 0.210536 0.850310
vt 0.210536 0.838201
vt 0.213851 0.838201
vt 0.213851 0.850310
vt 0.728420 0.960167
vt 0.728608 0.968730
vt 0.723737 0.968730
vt 0.723549 0.960167
vt 0.517846 0.960146
vt 0.511551 0.951584
vt 0.511551 0.939475
vt 0.517846 0.930913
vt 0.526749 0.930914
vt 0.533044 0.939476
vt 0.533044 0.951585
vt 0.526749 0.960147
vt 0.049077 0.960393
vt 0.040185 0.960393
vt 0.033898 0.951831
vt 0.033898 0.939722
vt 0.040185 0.931160
vt 0.049077 0.931159
vt 0.055364 0.939721
vt 0.055364 0.951830
vt 0.155712 0.877002
vt 0.163002 0.877002
vt 0.163002 0.925724
vt 0.155712 0.925724
vt 0.173091 0.877002
vt 0.173091 0.925724
vt 0.180067 0.877002
vt 0.180067 0.925724
vt 0.890926 0.484399
vt 0.901017 0.484400
vt 0.901017 0.520176
vt 0.890926 0.520176
vt 0.107002 0.877002
vt 0.113978 0.877001
vt 0.113978 0.925724
vt 0.107002 0.925724
vt 0.124067 0.877001
vt 0.124067 0.925724
vt 0.979030 0.304153
vt 0.979030 0.294062
vt 0.983885 0.286926
vt 0.990750 0.286926
vt 0.995604 0.294062
vt 0.995604 0.304153
vt 0.990750 0.311288
vt 0.983885 0.311288
vt 0.131357 0.877002
vt 0.131357 0.925724
vt 0.634608 0.975232
vt 0.639469 0.968096
vt 0.646343 0.968097
vt 0.651203 0.975232
vt 0.651203 0.985322
vt 0.646343 0.992458
vt 0.639469 0.992458
vt 0.634608 0.985322
vt 0.623968 0.850577
vt 0.634059 0.850576
vt 0.634059 0.886399
vt 0.623969 0.886400
vt 0.582284 0.925863
vt 0.582284 0.852797
vt 0.589420 0.852640
vt 0.589420 0.925706
vt 0.572194 0.925863
vt 0.572194 0.852797
vt 0.565058 0.925706
vt 0.565058 0.852640
vt 0.623665 0.811245
vt 0.623665 0.761521
vt 0.633756 0.761521
vt 0.633756 0.811245
vt 0.778418 0.926915
vt 0.778418 0.853849
vt 0.785553 0.853692
vt 0.785553 0.926758
vt 0.768328 0.926915
vt 0.768328 0.853849
vt 0.761192 0.926758
vt 0.761192 0.853692
vt 0.973958 0.898140
vt 0.979204 0.891005
vt 0.986623 0.891005
vt 0.991869 0.898141
vt 0.991869 0.908231
vt 0.986623 0.915367
vt 0.979204 0.915366
vt 0.973958 0.908231
vt 0.095226 0.805505
vt 0.095226 0.755720
vt 0.105316 0.755720
vt 0.105316 0.805505
vt 0.991846 0.922502
vt 0.991846 0.932592
vt 0.986606 0.939728
vt 0.979197 0.939728
vt 0.973958 0.932593
vt 0.973958 0.922502
vt 0.979197 0.915367
vt 0.986606 0.915367
vt 0.379359 0.974684
vt 0.379359 0.755434
vt 0.389442 0.755434
vt 0.389442 0.974684
vt 0.372493 0.974684
vt 0.372493 0.755434
vt 0.241579 0.755434
vt 0.241579 0.974685
vt 0.231496 0.974685
vt 0.231496 0.755434
vt 0.248988 0.755434
vt 0.248988 0.974684
vt 0.308597 0.974684
vt 0.308597 0.755434
vt 0.318681 0.755434
vt 0.318681 0.974684
vt 0.301723 0.974684
vt 0.301723 0.755434
vt 0.960198 -0.000000
vt 0.960198 0.219250
vt 0.950115 0.219250
vt 0.950115 0.000000
vt 0.966834 0.673422
vt 0.966834 0.683512
vt 0.959701 0.690647
vt 0.949613 0.690647
vt 0.942479 0.683512
vt 0.942479 0.673422
vt 0.949612 0.666286
vt 0.959701 0.666286
vt 0.967617 0.000000
vt 0.967617 0.219251
vt 0.865871 0.950963
vt 0.873004 0.943828
vt 0.883093 0.943828
vt 0.890226 0.950963
vt 0.890226 0.961054
vt 0.883093 0.968189
vt 0.873004 0.968189
vt 0.865871 0.961054
vt 0.158907 0.976482
vt 0.158719 0.985044
vt 0.153848 0.985044
vt 0.154036 0.976482
vt 0.213855 0.813983
vt 0.213855 0.826092
vt 0.210536 0.826092
vt 0.210536 0.813983
vt 0.860393 0.960955
vt 0.860205 0.952393
vt 0.865076 0.952393
vt 0.865264 0.960955
vt 0.860205 0.940284
vt 0.865076 0.940284
vt 0.860393 0.931722
vt 0.865264 0.931722
vt 0.210536 0.862419
vt 0.213851 0.850310
vt 0.213851 0.862419
vt 0.158719 0.955811
vt 0.158907 0.964373
vt 0.154036 0.964373
vt 0.153848 0.955811
vt 0.767488 0.956148
vt 0.761192 0.947586
vt 0.761192 0.935477
vt 0.767488 0.926915
vt 0.776391 0.926915
vt 0.782686 0.935478
vt 0.782686 0.947587
vt 0.776391 0.956149
vt 0.079740 0.960393
vt 0.070849 0.960393
vt 0.064562 0.951831
vt 0.064562 0.939722
vt 0.070849 0.931160
vt 0.079740 0.931159
vt 0.086028 0.939721
vt 0.086028 0.951830
vt 0.834264 0.926776
vt 0.826974 0.926776
vt 0.826974 0.853692
vt 0.834264 0.853692
vt 0.816886 0.926776
vt 0.816886 0.853692
vt 0.809909 0.926776
vt 0.809909 0.853692
vt 0.741610 0.365663
vt 0.751700 0.365664
vt 0.751700 0.419328
vt 0.741610 0.419328
vt 0.785553 0.853692
vt 0.792530 0.853692
vt 0.792530 0.926776
vt 0.785553 0.926776
vt 0.802618 0.853692
vt 0.802618 0.926776
vt 0.623665 0.707787
vt 0.633756 0.707786
vt 0.633756 0.761521
vt 0.623665 0.761521
vt 0.658963 0.975232
vt 0.663824 0.968096
vt 0.670698 0.968096
vt 0.675559 0.975232
vt 0.675559 0.985322
vt 0.670698 0.992458
vt 0.663824 0.992458
vt 0.658963 0.985322
vt 0.023814 0.974970
vt 0.023814 0.755720
vt 0.033898 0.755720
vt 0.033898 0.974970
vt 0.016949 0.974970
vt 0.016949 0.755720
vt 0.259071 0.755434
vt 0.259071 0.974685
vt 0.248988 0.974685
vt 0.248988 0.755434
vt 0.266481 0.755434
vt 0.266481 0.974684
vt 0.290847 0.974684
vt 0.290847 0.755434
vt 0.300931 0.755434
vt 0.300931 0.974684
vt 0.283973 0.974684
vt 0.283973 0.755434
vt 0.949037 0.731921
vt 0.949037 0.951172
vt 0.938954 0.951172
vt 0.938954 0.731921
vt 0.968682 0.616165
vt 0.968682 0.626255
vt 0.961549 0.633390
vt 0.951460 0.633390
vt 0.944327 0.626255
vt 0.944327 0.616165
vt 0.951460 0.609029
vt 0.961549 0.609029
vt 0.956456 0.731922
vt 0.956456 0.951172
vt 0.942479 0.697783
vt 0.949612 0.690647
vt 0.959701 0.690647
vt 0.966834 0.697783
vt 0.966834 0.707873
vt 0.959701 0.715009
vt 0.949612 0.715009
vt 0.942479 0.707873
vt 0.006865 0.974970
vt 0.006865 0.755720
vt 0.016949 0.755720
vt 0.016949 0.974970
vt -0.000000 0.974970
vt -0.000000 0.755720
vt 0.276564 0.755434
vt 0.276564 0.974685
vt 0.266481 0.974685
vt 0.266481 0.755434
vt 0.283973 0.755434
vt 0.283973 0.974684
vt 0.325555 0.974684
vt 0.325555 0.755434
vt 0.335639 0.755434
vt 0.335639 0.974684
vt 0.318681 0.974684
vt 0.966538 0.731921
vt 0.966538 0.951172
vt 0.956456 0.951172
vt 0.956456 0.731921
vt 0.180085 0.967311
vt 0.180085 0.957220
vt 0.187219 0.950085
vt 0.197307 0.950085
vt 0.204440 0.957220
vt 0.204440 0.967311
vt 0.197307 0.974446
vt 0.187219 0.974446
vt 0.973957 0.731922
vt 0.973957 0.951172
vt 0.785553 0.959107
vt 0.792687 0.951972
vt 0.802775 0.951972
vt 0.809909 0.959107
vt 0.809909 0.969198
vt 0.802775 0.976333
vt 0.792687 0.976333
vt 0.785553 0.969198
vt 0.359462 0.974684
vt 0.359462 0.755434
vt 0.369546 0.755434
vt 0.369546 0.974684
vt 0.352597 0.974684
vt 0.352597 0.755434
vt 0.224086 0.755434
vt 0.224086 0.974685
vt 0.214003 0.974685
vt 0.214003 0.755434
vt 0.231496 0.755434
vt 0.231496 0.974684
vt 0.342513 0.974684
vt 0.342513 0.755434
vt 0.352597 0.755434
vt 0.352597 0.974684
vt 0.335639 0.974684
vt 0.335639 0.755434
vt 0.729424 0.941126
vt 0.736557 0.933991
vt 0.746645 0.933991
vt 0.753779 0.941126
vt 0.753779 0.951216
vt 0.746645 0.958352
vt 0.736557 0.958352
vt 0.729424 0.951216
vt 0.954409 0.389778
vt 0.954409 0.609029
vt 0.944327 0.609029
vt 0.944327 0.389778
vt 0.950115 0.236477
vt 0.950115 0.226386
vt 0.957249 0.219251
vt 0.967337 0.219251
vt 0.974470 0.226386
vt 0.974470 0.236477
vt 0.967337 0.243612
vt 0.957249 0.243612
vt 0.961828 0.389779
vt 0.961828 0.609029
vt 0.438489 0.877240
vt 0.445779 0.877240
vt 0.445779 0.925962
vt 0.438489 0.925962
vt 0.455868 0.877240
vt 0.455868 0.925962
vt 0.462844 0.877240
vt 0.462844 0.925962
vt 0.890926 0.520176
vt 0.901016 0.520177
vt 0.901016 0.555953
vt 0.890926 0.555952
vt 0.703509 0.858471
vt 0.710486 0.858471
vt 0.710486 0.907193
vt 0.703509 0.907193
vt 0.720574 0.858471
vt 0.720574 0.907193
vt 0.727865 0.858471
vt 0.727865 0.907193
vt 0.995079 0.346767
vt 0.995079 0.356858
vt 0.990224 0.363993
vt 0.983359 0.363993
vt 0.978504 0.356858
vt 0.978504 0.346767
vt 0.983359 0.339632
vt 0.990224 0.339632
vt 0.890926 0.341057
vt 0.901016 0.341056
vt 0.901016 0.376879
vt 0.890926 0.376880
vt 0.744929 0.907193
vt 0.744929 0.858471
vt 0.752220 0.858471
vt 0.752220 0.907193
vt 0.734841 0.907193
vt 0.734841 0.858471
vt 0.727865 0.907193
vt 0.727865 0.858471
vt 0.890926 0.627506
vt 0.890926 0.591729
vt 0.901016 0.591730
vt 0.901016 0.627506
vt 0.396755 0.877240
vt 0.396755 0.925962
vt 0.389779 0.925962
vt 0.389779 0.877240
vt 0.406844 0.877240
vt 0.406844 0.925962
vt 0.414134 0.877240
vt 0.414134 0.925962
vt 0.865871 0.985415
vt 0.865871 0.975324
vt 0.870732 0.968189
vt 0.877605 0.968189
vt 0.882466 0.975324
vt 0.882466 0.985415
vt 0.877605 0.992550
vt 0.870732 0.992550
vt 0.890926 0.412703
vt 0.890926 0.376880
vt 0.901016 0.376880
vt 0.901016 0.412703
vt 0.995610 0.275392
vt 0.990755 0.282528
vt 0.983890 0.282528
vt 0.979035 0.275392
vt 0.979035 0.265302
vt 0.983890 0.258166
vt 0.990755 0.258166
vt 0.995610 0.265302
vt 0.693425 0.943735
vt 0.693425 0.858471
vt 0.703509 0.858471
vt 0.703509 0.943735
vt 0.686560 0.943735
vt 0.686560 0.858471
vt 0.662193 0.858471
vt 0.662193 0.943735
vt 0.652110 0.943735
vt 0.652110 0.858471
vt 0.669602 0.858471
vt 0.669602 0.943735
vt 0.676476 0.943735
vt 0.676476 0.858471
vt 0.686560 0.943735
vt 0.669602 0.943735
vt 0.669602 0.858471
vt 0.644691 0.858471
vt 0.644691 0.943735
vt 0.634608 0.943735
vt 0.634608 0.858471
vt 0.951135 0.382643
vt 0.951135 0.372553
vt 0.958268 0.365417
vt 0.968357 0.365417
vt 0.975490 0.372553
vt 0.975490 0.382643
vt 0.968357 0.389778
vt 0.958268 0.389778
vt 0.652110 0.858471
vt 0.652110 0.943735
vt 0.599304 0.950849
vt 0.606437 0.943714
vt 0.616525 0.943714
vt 0.623659 0.950849
vt 0.623659 0.960940
vt 0.616526 0.968075
vt 0.606437 0.968075
vt 0.599304 0.960940
vt 0.148422 0.925724
vt 0.148422 0.877002
vt 0.155712 0.877002
vt 0.155712 0.925724
vt 0.138334 0.925724
vt 0.138334 0.877002
vt 0.131357 0.925724
vt 0.131357 0.877002
vt 0.890926 0.591729
vt 0.890926 0.555953
vt 0.901016 0.555953
vt 0.901016 0.591729
vt 0.431512 0.925962
vt 0.431512 0.877240
vt 0.438489 0.877240
vt 0.438489 0.925962
vt 0.421424 0.925962
vt 0.421424 0.877240
vt 0.995079 0.332497
vt 0.990224 0.339632
vt 0.983359 0.339632
vt 0.978504 0.332497
vt 0.978504 0.322406
vt 0.983359 0.315271
vt 0.990224 0.315271
vt 0.995079 0.322406
vt 0.414134 0.925962
vt 0.414134 0.877240
vt 0.976374 0.968398
vt 0.976374 0.958307
vt 0.981234 0.951172
vt 0.988108 0.951172
vt 0.992969 0.958307
vt 0.992969 0.968398
vt 0.988108 0.975533
vt 0.981234 0.975533
vt 0.890926 0.448526
vt 0.890926 0.412704
vt 0.901016 0.412703
vt 0.901016 0.448526
vt 0.457452 0.926377
vt 0.464577 0.925962
vt 0.463342 0.933829
vt 0.456595 0.931681
vt 0.518686 0.896491
vt 0.528776 0.896491
vt 0.528776 0.902929
vt 0.518686 0.902929
vt 0.414147 0.925962
vt 0.421272 0.926377
vt 0.422128 0.931681
vt 0.415381 0.933829
vt 0.431356 0.926741
vt 0.431678 0.928423
vt 0.438492 0.926842
vt 0.438436 0.925962
vt 0.440231 0.926842
vt 0.447368 0.926741
vt 0.447046 0.928423
vt 0.440287 0.925962
vt 0.459932 0.940331
vt 0.454130 0.936344
vt 0.511550 0.911114
vt 0.518686 0.909940
vt 0.518686 0.917001
vt 0.511550 0.916338
vt 0.518686 0.924153
vt 0.511550 0.921479
vt 0.446097 0.942968
vt 0.448880 0.949377
vt 0.441119 0.951178
vt 0.440867 0.944206
vt 0.528776 0.909940
vt 0.528776 0.917001
vt 0.528776 0.924153
vt 0.528776 0.930913
vt 0.518686 0.930913
vt 0.424593 0.936344
vt 0.418791 0.940332
vt 0.535912 0.911114
vt 0.535912 0.916338
vt 0.535912 0.921479
vt 0.429844 0.949378
vt 0.432626 0.942968
vt 0.437857 0.944206
vt 0.437604 0.951178
vt 0.432806 0.930483
vt 0.434595 0.932407
vt 0.428153 0.940171
vt 0.436568 0.933681
vt 0.438221 0.934124
vt 0.438619 0.926182
vt 0.439157 0.926760
vt 0.439362 0.926958
vt 0.438485 0.926838
vt 0.632795 0.521675
vt 0.632795 0.511584
vt 0.633080 0.511584
vt 0.633080 0.521675
vt 0.633869 0.511584
vt 0.633869 0.521675
vt 0.634154 0.511584
vt 0.634154 0.521675
vt 0.445917 0.930483
vt 0.440104 0.926182
vt 0.444128 0.932407
vt 0.439567 0.926760
vt 0.442155 0.933681
vt 0.439362 0.926958
vt 0.440502 0.934124
vt 0.440239 0.926838
vt 0.450571 0.940171
vt 0.973958 0.873778
vt 0.979204 0.866643
vt 0.986623 0.866644
vt 0.991869 0.873779
vt 0.991869 0.883870
vt 0.986623 0.891005
vt 0.979204 0.891005
vt 0.973958 0.883869
vt 0.741631 0.979498
vt 0.732725 0.984223
vt 0.730046 0.976794
vt 0.739841 0.974481
vt 0.965257 0.448011
vt 0.971304 0.451280
vt 0.968562 0.458686
vt 0.962516 0.455417
vt 0.980174 0.456077
vt 0.978341 0.461078
vt 0.318768 0.992791
vt 0.319141 0.985391
vt 0.320822 0.985194
vt 0.324072 0.992288
vt 0.319649 0.975321
vt 0.318768 0.975341
vt 0.807822 0.985608
vt 0.800723 0.978446
vt 0.802106 0.977471
vt 0.807154 0.986180
vt 0.748186 0.976021
vt 0.747652 0.974415
vt 0.729424 0.969905
vt 0.739408 0.969535
vt 0.730326 0.963769
vt 0.740076 0.964996
vt 0.732760 0.958352
vt 0.741811 0.961094
vt 0.972889 0.073135
vt 0.975437 0.080415
vt 0.967617 0.080448
vt 0.967617 0.073158
vt 0.967875 0.465564
vt 0.961828 0.462294
vt 0.986810 0.080225
vt 0.986810 0.090313
vt 0.981814 0.090423
vt 0.981814 0.080335
vt 0.975437 0.090503
vt 0.967617 0.090536
vt 0.977862 0.466016
vt 0.978483 0.470556
vt 0.968715 0.471699
vt 0.980174 0.474464
vt 0.971087 0.477127
vt 0.972889 0.097490
vt 0.967617 0.097513
vt 0.322883 0.984414
vt 0.328735 0.990588
vt 0.324808 0.983146
vt 0.332564 0.988064
vt 0.326083 0.981726
vt 0.335363 0.984844
vt 0.326527 0.980523
vt 0.336605 0.981031
vt 0.318989 0.975211
vt 0.319567 0.974830
vt 0.319765 0.974684
vt 0.319645 0.975326
vt 0.633411 0.703398
vt 0.633411 0.693309
vt 0.633602 0.693305
vt 0.633602 0.703393
vt 0.634160 0.693292
vt 0.634160 0.703381
vt 0.634372 0.693288
vt 0.634372 0.703376
vt 0.804160 0.976675
vt 0.807404 0.986129
vt 0.806438 0.976333
vt 0.808088 0.986027
vt 0.808333 0.976537
vt 0.808333 0.986003
vt 0.633654 0.567665
vt 0.632795 0.560000
vt 0.634422 0.560364
vt 0.632795 0.567471
vt 0.747486 0.972218
vt 0.747822 0.969936
vt 0.748569 0.968178
vt 0.744744 0.958352
vt 0.749473 0.967266
vt 0.445635 0.975539
vt 0.438502 0.968404
vt 0.438502 0.958313
vt 0.445635 0.951178
vt 0.455724 0.951178
vt 0.462857 0.958313
vt 0.462857 0.968404
vt 0.455724 0.975539
vt 0.773400 0.977295
vt 0.764493 0.982020
vt 0.761815 0.974590
vt 0.771610 0.972277
vt 0.963587 0.315271
vt 0.969634 0.318541
vt 0.966892 0.325947
vt 0.960846 0.322677
vt 0.978504 0.323337
vt 0.976671 0.328339
vt 0.267169 0.992791
vt 0.267541 0.985391
vt 0.269222 0.985195
vt 0.272472 0.992288
vt 0.268049 0.975321
vt 0.267169 0.975341
vt 0.404488 0.985945
vt 0.397389 0.978785
vt 0.398771 0.977808
vt 0.403819 0.986518
vt 0.779954 0.973818
vt 0.779420 0.972212
vt 0.761192 0.967702
vt 0.771177 0.967332
vt 0.762095 0.961566
vt 0.771844 0.962793
vt 0.764529 0.956149
vt 0.773580 0.958891
vt 0.972889 0.000000
vt 0.975437 0.007280
vt 0.967617 0.007313
vt 0.967617 0.000023
vt 0.966205 0.332825
vt 0.960158 0.329555
vt 0.986810 0.007090
vt 0.986810 0.017178
vt 0.981814 0.017288
vt 0.981814 0.007200
vt 0.975437 0.017368
vt 0.967617 0.017402
vt 0.976192 0.333277
vt 0.976813 0.337816
vt 0.967045 0.338960
vt 0.978504 0.341724
vt 0.969418 0.344387
vt 0.972889 0.024355
vt 0.967617 0.024378
vt 0.271283 0.984414
vt 0.277135 0.990588
vt 0.273208 0.983146
vt 0.280964 0.988064
vt 0.274483 0.981726
vt 0.283763 0.984844
vt 0.274927 0.980523
vt 0.285005 0.981031
vt 0.267389 0.975212
vt 0.267967 0.974831
vt 0.268165 0.974685
vt 0.268045 0.975326
vt 0.633411 0.683179
vt 0.633411 0.673091
vt 0.633602 0.673086
vt 0.633602 0.683174
vt 0.634160 0.673074
vt 0.634160 0.683162
vt 0.634372 0.673069
vt 0.634372 0.683158
vt 0.400825 0.977013
vt 0.404069 0.986467
vt 0.403104 0.976671
vt 0.404754 0.986364
vt 0.404998 0.976875
vt 0.404998 0.986341
vt 0.633654 0.575330
vt 0.632795 0.567665
vt 0.634422 0.568029
vt 0.632795 0.575136
vt 0.779255 0.970014
vt 0.779591 0.967733
vt 0.780338 0.965975
vt 0.776513 0.956149
vt 0.781242 0.965063
vt 0.909546 0.975533
vt 0.902413 0.968397
vt 0.902413 0.958307
vt 0.909546 0.951172
vt 0.919635 0.951172
vt 0.926768 0.958307
vt 0.926768 0.968397
vt 0.919635 0.975533
vt 0.986809 0.170671
vt 0.986809 0.177961
vt 0.978991 0.177928
vt 0.981538 0.170648
vt 0.986809 0.188050
vt 0.978991 0.188016
vt 0.986809 0.195026
vt 0.981538 0.195003
vt 0.090758 0.985990
vt 0.086028 0.977077
vt 0.086931 0.976165
vt 0.093686 0.983250
vt 0.963214 0.306897
vt 0.970007 0.312225
vt 0.970593 0.311947
vt 0.962165 0.307631
vt 0.634423 0.529145
vt 0.632795 0.522040
vt 0.634423 0.521675
vt 0.633567 0.529340
vt 0.241574 0.986972
vt 0.231496 0.986463
vt 0.232738 0.982645
vt 0.242018 0.985765
vt 0.961829 0.479786
vt 0.970913 0.477127
vt 0.973287 0.482556
vt 0.963521 0.483696
vt 0.974129 0.488693
vt 0.964144 0.488237
vt 0.973441 0.495572
vt 0.963664 0.493175
vt 0.970695 0.502979
vt 0.961829 0.498177
vt 0.972614 0.187936
vt 0.972614 0.177848
vt 0.967617 0.187826
vt 0.967617 0.177738
vt 0.980165 0.491962
vt 0.979478 0.498842
vt 0.976732 0.506249
vt 0.102741 0.985990
vt 0.095417 0.979352
vt 0.105169 0.980577
vt 0.096083 0.974814
vt 0.106069 0.974444
vt 0.095648 0.969870
vt 0.105444 0.967556
vt 0.093856 0.964852
vt 0.102763 0.960125
vt 0.087677 0.974408
vt 0.088011 0.972127
vt 0.087845 0.969931
vt 0.087312 0.968326
vt 0.970502 0.312177
vt 0.961121 0.309225
vt 0.970281 0.312832
vt 0.960387 0.311407
vt 0.970213 0.313077
vt 0.960158 0.313597
vt 0.970007 0.312217
vt 0.960397 0.315271
vt 0.633410 0.632611
vt 0.633410 0.622522
vt 0.633623 0.622526
vt 0.633623 0.632615
vt 0.634182 0.622539
vt 0.634182 0.632627
vt 0.634372 0.622543
vt 0.634372 0.632632
vt 0.248336 0.992802
vt 0.243293 0.984343
vt 0.248535 0.992655
vt 0.245218 0.983072
vt 0.249113 0.992273
vt 0.247277 0.982291
vt 0.249332 0.992144
vt 0.248957 0.982094
vt 0.248449 0.992164
vt 0.235536 0.979420
vt 0.239364 0.976892
vt 0.244027 0.975189
vt 0.249332 0.974685
vt 0.969182 0.286927
vt 0.975975 0.292255
vt 0.979030 0.301872
vt 0.976558 0.310144
vt 0.960158 0.297280
vt 0.962630 0.289008
vt 0.519377 0.964872
vt 0.528284 0.960147
vt 0.530964 0.967576
vt 0.521168 0.969890
vt 0.976734 0.593612
vt 0.970696 0.590343
vt 0.973440 0.582938
vt 0.979478 0.586207
vt 0.961828 0.585543
vt 0.963663 0.580542
vt 0.701156 0.972497
vt 0.700783 0.979907
vt 0.699102 0.980104
vt 0.695853 0.973001
vt 0.700276 0.989976
vt 0.701156 0.989956
vt 0.829535 0.976951
vt 0.830416 0.986997
vt 0.828729 0.986864
vt 0.830416 0.976938
vt 0.512832 0.968345
vt 0.513366 0.969951
vt 0.531590 0.974463
vt 0.521603 0.974834
vt 0.530691 0.980597
vt 0.520939 0.979372
vt 0.528264 0.986012
vt 0.519208 0.983272
vt 0.981538 0.073112
vt 0.978989 0.066125
vt 0.986810 0.066158
vt 0.986810 0.073135
vt 0.974128 0.576059
vt 0.980165 0.579328
vt 0.967617 0.065935
vt 0.967617 0.055846
vt 0.972612 0.055956
vt 0.972612 0.066045
vt 0.978989 0.056036
vt 0.986810 0.056070
vt 0.964143 0.575603
vt 0.963521 0.571062
vt 0.973287 0.569922
vt 0.961828 0.567152
vt 0.970913 0.564491
vt 0.981538 0.048757
vt 0.986810 0.048780
vt 0.697041 0.980885
vt 0.691189 0.974704
vt 0.695116 0.982156
vt 0.687360 0.977232
vt 0.693841 0.983577
vt 0.684561 0.980456
vt 0.693397 0.984782
vt 0.683319 0.984275
vt 0.700936 0.990085
vt 0.700357 0.990467
vt 0.700159 0.990613
vt 0.634422 0.537005
vt 0.633564 0.544670
vt 0.634422 0.544475
vt 0.632795 0.537369
vt 0.634372 0.642762
vt 0.634372 0.652851
vt 0.634181 0.652846
vt 0.634181 0.642758
vt 0.633623 0.652834
vt 0.633623 0.642745
vt 0.633411 0.652830
vt 0.633411 0.642741
vt 0.826641 0.986163
vt 0.830191 0.976818
vt 0.824670 0.984971
vt 0.829599 0.976460
vt 0.823344 0.983604
vt 0.829395 0.976322
vt 0.822856 0.982421
vt 0.829540 0.976956
vt 0.513532 0.972148
vt 0.513198 0.974430
vt 0.512453 0.976186
vt 0.516280 0.986012
vt 0.511550 0.977098
vt 0.720731 0.935806
vt 0.727865 0.942941
vt 0.727865 0.953032
vt 0.720731 0.960167
vt 0.710643 0.960167
vt 0.703509 0.953032
vt 0.703509 0.942941
vt 0.710643 0.935806
vt 0.961828 0.397845
vt 0.970699 0.393048
vt 0.973441 0.400454
vt 0.963661 0.402846
vt 0.976745 0.389778
vt 0.979487 0.397184
vt 0.581806 0.981041
vt 0.572900 0.976317
vt 0.574690 0.971299
vt 0.584485 0.973612
vt 0.566346 0.972839
vt 0.566880 0.971233
vt 0.397388 0.978784
vt 0.390289 0.985945
vt 0.390958 0.986518
vt 0.396006 0.977808
vt 0.317888 0.975321
vt 0.318395 0.985391
vt 0.316714 0.985194
vt 0.318768 0.975341
vt 0.318768 0.992791
vt 0.313465 0.992288
vt 0.974128 0.407332
vt 0.964141 0.407784
vt 0.973288 0.413467
vt 0.963520 0.412323
vt 0.970915 0.418894
vt 0.961828 0.416232
vt 0.981538 0.048734
vt 0.978989 0.041746
vt 0.986810 0.041780
vt 0.986810 0.048757
vt 0.980174 0.404062
vt 0.967617 0.041557
vt 0.967617 0.031468
vt 0.972612 0.031578
vt 0.972612 0.041666
vt 0.978989 0.031658
vt 0.986810 0.031691
vt 0.575123 0.966353
vt 0.585107 0.966723
vt 0.574455 0.961814
vt 0.584205 0.960587
vt 0.572720 0.957912
vt 0.581771 0.955169
vt 0.981538 0.024378
vt 0.986810 0.024401
vt 0.567045 0.969035
vt 0.566709 0.966753
vt 0.565962 0.964996
vt 0.565058 0.964083
vt 0.569787 0.955169
vt 0.390707 0.986467
vt 0.393952 0.977013
vt 0.390023 0.986364
vt 0.391673 0.976671
vt 0.389778 0.986341
vt 0.389778 0.976875
vt 0.634422 0.529340
vt 0.633564 0.537005
vt 0.634422 0.536810
vt 0.632795 0.529704
vt 0.634370 0.632653
vt 0.634371 0.642741
vt 0.634179 0.642736
vt 0.634179 0.632648
vt 0.633621 0.642724
vt 0.633621 0.632636
vt 0.633410 0.642720
vt 0.633410 0.632632
vt 0.314653 0.984414
vt 0.318548 0.975212
vt 0.312728 0.983145
vt 0.317969 0.974830
vt 0.311453 0.981726
vt 0.317772 0.974684
vt 0.311009 0.980522
vt 0.317892 0.975326
vt 0.308802 0.990588
vt 0.304972 0.988064
vt 0.302173 0.984844
vt 0.300931 0.981030
vt 0.641742 0.968096
vt 0.634608 0.960961
vt 0.634608 0.950871
vt 0.641742 0.943735
vt 0.651830 0.943735
vt 0.658963 0.950871
vt 0.658963 0.960961
vt 0.651830 0.968096
vt 0.980166 0.527301
vt 0.971298 0.532102
vt 0.968554 0.524696
vt 0.978331 0.522300
vt 0.965260 0.535370
vt 0.962516 0.527965
vt 0.480804 0.960383
vt 0.489711 0.965109
vt 0.487919 0.970126
vt 0.478124 0.967813
vt 0.496256 0.968581
vt 0.495722 0.970187
vt 0.748636 0.581838
vt 0.749516 0.571793
vt 0.748636 0.571780
vt 0.750323 0.581705
vt 0.180965 0.991926
vt 0.180458 0.981856
vt 0.182139 0.982053
vt 0.180085 0.991906
vt 0.180085 0.974446
vt 0.185389 0.974950
vt 0.967866 0.517817
vt 0.977851 0.517361
vt 0.968707 0.511680
vt 0.978473 0.512820
vt 0.971081 0.506249
vt 0.980166 0.508910
vt 0.972889 0.097513
vt 0.975437 0.104793
vt 0.967617 0.104827
vt 0.967617 0.097536
vt 0.961829 0.521086
vt 0.986810 0.104603
vt 0.986810 0.114692
vt 0.981814 0.114801
vt 0.981814 0.104713
vt 0.975437 0.114882
vt 0.967617 0.114915
vt 0.487484 0.975070
vt 0.477498 0.974699
vt 0.488149 0.979608
vt 0.478396 0.980833
vt 0.489880 0.983507
vt 0.480824 0.986248
vt 0.972889 0.121868
vt 0.967617 0.121892
vt 0.495556 0.972385
vt 0.495890 0.974665
vt 0.496635 0.976422
vt 0.497537 0.977334
vt 0.492808 0.986248
vt 0.748861 0.571659
vt 0.752411 0.581005
vt 0.749452 0.571301
vt 0.754381 0.579812
vt 0.749656 0.571163
vt 0.755708 0.578445
vt 0.749512 0.571798
vt 0.756195 0.577263
vt 0.633411 0.693288
vt 0.633411 0.683200
vt 0.633602 0.683195
vt 0.633602 0.693284
vt 0.634160 0.683183
vt 0.634160 0.693271
vt 0.634372 0.683179
vt 0.634372 0.693267
vt 0.184200 0.982834
vt 0.180305 0.992035
vt 0.186125 0.984105
vt 0.180884 0.992417
vt 0.187400 0.985526
vt 0.181082 0.992563
vt 0.633654 0.560000
vt 0.632795 0.552335
vt 0.634422 0.552699
vt 0.632795 0.559805
vt 0.190052 0.976653
vt 0.193881 0.979181
vt 0.196680 0.982405
vt 0.197922 0.986224
vt 0.187844 0.986731
vt 0.959701 0.641925
vt 0.966834 0.649060
vt 0.966834 0.659151
vt 0.959701 0.666286
vt 0.949613 0.666286
vt 0.942479 0.659151
vt 0.942479 0.649060
vt 0.949612 0.641925
vt 0.961828 0.426961
vt 0.970699 0.422164
vt 0.973440 0.429570
vt 0.963661 0.431962
vt 0.976745 0.418894
vt 0.979487 0.426300
vt 0.150547 0.981683
vt 0.141640 0.976958
vt 0.143430 0.971941
vt 0.153225 0.974253
vt 0.135086 0.973481
vt 0.135620 0.971875
vt 0.800723 0.978446
vt 0.793624 0.985607
vt 0.794292 0.986180
vt 0.799340 0.977470
vt 0.266288 0.975321
vt 0.266796 0.985391
vt 0.265114 0.985194
vt 0.267169 0.975341
vt 0.267169 0.992791
vt 0.261865 0.992288
vt 0.974128 0.436448
vt 0.964141 0.436900
vt 0.973288 0.442583
vt 0.963520 0.441439
vt 0.970915 0.448011
vt 0.961828 0.445348
vt 0.981538 0.170625
vt 0.978989 0.163638
vt 0.986810 0.163671
vt 0.986810 0.170648
vt 0.980174 0.433178
vt 0.967617 0.163448
vt 0.967617 0.153360
vt 0.972612 0.153470
vt 0.972612 0.163558
vt 0.978989 0.153550
vt 0.986810 0.153583
vt 0.143863 0.966995
vt 0.153848 0.967365
vt 0.143195 0.962455
vt 0.152945 0.961229
vt 0.141461 0.958554
vt 0.150512 0.955811
vt 0.981538 0.146270
vt 0.986810 0.146293
vt 0.135785 0.969677
vt 0.135450 0.967395
vt 0.134703 0.965638
vt 0.133799 0.964725
vt 0.138528 0.955811
vt 0.794042 0.986129
vt 0.797286 0.976675
vt 0.793357 0.986026
vt 0.795008 0.976333
vt 0.793113 0.986003
vt 0.793113 0.976537
vt 0.634422 0.575330
vt 0.633563 0.582996
vt 0.634422 0.582801
vt 0.632795 0.575695
vt 0.634372 0.662981
vt 0.634372 0.673069
vt 0.634181 0.673065
vt 0.634181 0.662976
vt 0.633623 0.673052
vt 0.633623 0.662964
vt 0.633411 0.673048
vt 0.633411 0.662960
vt 0.263054 0.984414
vt 0.266948 0.975212
vt 0.261129 0.983146
vt 0.266370 0.974830
vt 0.259853 0.981726
vt 0.266172 0.974685
vt 0.259410 0.980523
vt 0.266293 0.975326
vt 0.257202 0.990588
vt 0.253373 0.988064
vt 0.250574 0.984844
vt 0.249332 0.981030
vt 0.431368 0.951178
vt 0.438502 0.958313
vt 0.438502 0.968404
vt 0.431368 0.975539
vt 0.421280 0.975539
vt 0.414147 0.968404
vt 0.414147 0.958313
vt 0.421280 0.951178
vt 0.980166 0.556422
vt 0.971298 0.561223
vt 0.968554 0.553817
vt 0.978331 0.551421
vt 0.965260 0.564491
vt 0.962516 0.557086
vt 0.706815 0.960167
vt 0.715722 0.964893
vt 0.713931 0.969910
vt 0.704135 0.967596
vt 0.722267 0.968365
vt 0.721733 0.969971
vt 0.785554 0.987008
vt 0.786434 0.976963
vt 0.785554 0.976950
vt 0.787241 0.986875
vt 0.214539 0.992164
vt 0.214032 0.982094
vt 0.215713 0.982291
vt 0.213659 0.992144
vt 0.213659 0.974685
vt 0.218963 0.975189
vt 0.967866 0.546938
vt 0.977851 0.546482
vt 0.968706 0.540801
vt 0.978473 0.541942
vt 0.971081 0.535370
vt 0.980166 0.538031
vt 0.972889 0.121892
vt 0.975437 0.129171
vt 0.967617 0.129205
vt 0.967617 0.121915
vt 0.961828 0.550206
vt 0.986810 0.128982
vt 0.986810 0.139070
vt 0.981814 0.139180
vt 0.981814 0.129091
vt 0.975437 0.139260
vt 0.967617 0.139293
vt 0.713495 0.974854
vt 0.703509 0.974483
vt 0.714160 0.979392
vt 0.704408 0.980617
vt 0.715891 0.983291
vt 0.706836 0.986031
vt 0.972889 0.146247
vt 0.967617 0.146270
vt 0.721567 0.972168
vt 0.721901 0.974449
vt 0.722646 0.976206
vt 0.723549 0.977117
vt 0.718820 0.986031
vt 0.785779 0.976829
vt 0.789329 0.986175
vt 0.786370 0.976471
vt 0.791299 0.984982
vt 0.786574 0.976333
vt 0.792625 0.983616
vt 0.786430 0.976968
vt 0.793113 0.982433
vt 0.633411 0.652872
vt 0.633602 0.652867
vt 0.633602 0.662955
vt 0.634160 0.652855
vt 0.634160 0.662943
vt 0.634372 0.662939
vt 0.217774 0.983072
vt 0.213880 0.992273
vt 0.219699 0.984343
vt 0.214458 0.992655
vt 0.220974 0.985764
vt 0.214656 0.992801
vt 0.633654 0.552335
vt 0.632795 0.544670
vt 0.634422 0.545034
vt 0.632795 0.552140
vt 0.223626 0.976891
vt 0.227455 0.979419
vt 0.230254 0.982643
vt 0.231496 0.986462
vt 0.221418 0.986970
vt 0.666097 0.968096
vt 0.658963 0.960961
vt 0.658963 0.950870
vt 0.666097 0.943735
vt 0.676185 0.943735
vt 0.683319 0.950870
vt 0.683319 0.960961
vt 0.676185 0.968096
vt 0.973824 0.646664
vt 0.982725 0.641925
vt 0.985488 0.649312
vt 0.975672 0.651652
vt 0.963386 0.258166
vt 0.970020 0.261488
vt 0.967439 0.268940
vt 0.960805 0.265618
vt 0.979035 0.266002
vt 0.977310 0.271033
vt 0.336605 0.974684
vt 0.343469 0.975041
vt 0.343643 0.976722
vt 0.337044 0.979986
vt 0.353540 0.975564
vt 0.353526 0.974684
vt 0.411967 0.986103
vt 0.404998 0.978815
vt 0.406384 0.977849
vt 0.411291 0.986667
vt 0.967764 0.649890
vt 0.968318 0.651486
vt 0.986297 0.656106
vt 0.976240 0.656529
vt 0.985645 0.662114
vt 0.975758 0.660974
vt 0.983528 0.667371
vt 0.974250 0.664760
vt 0.972285 0.667371
vt 0.974686 0.674506
vt 0.966834 0.674506
vt 0.966991 0.667371
vt 0.966792 0.275748
vt 0.960158 0.272426
vt 0.986246 0.674506
vt 0.986246 0.684597
vt 0.981142 0.684597
vt 0.981142 0.674506
vt 0.974686 0.684597
vt 0.966834 0.684597
vt 0.976859 0.275920
vt 0.977443 0.280347
vt 0.967583 0.281732
vt 0.979035 0.284089
vt 0.969816 0.286927
vt 0.972285 0.691732
vt 0.966991 0.691732
vt 0.344356 0.978780
vt 0.338597 0.984644
vt 0.345523 0.980702
vt 0.340919 0.988467
vt 0.346834 0.981974
vt 0.343892 0.991259
vt 0.347948 0.982415
vt 0.347425 0.992492
vt 0.353645 0.974904
vt 0.353995 0.975482
vt 0.354130 0.975679
vt 0.634402 0.605734
vt 0.633551 0.613313
vt 0.634402 0.613096
vt 0.632795 0.606143
vt 0.754726 0.514683
vt 0.754726 0.504592
vt 0.754912 0.504592
vt 0.754912 0.514683
vt 0.755458 0.504592
vt 0.755458 0.514683
vt 0.755665 0.504592
vt 0.755665 0.514683
vt 0.408407 0.977044
vt 0.411535 0.986613
vt 0.410622 0.976671
vt 0.412201 0.986501
vt 0.412438 0.976830
vt 0.412438 0.986473
vt 0.633646 0.605734
vt 0.632795 0.598154
vt 0.634402 0.598563
vt 0.632795 0.605517
vt 0.968545 0.653652
vt 0.968303 0.655886
vt 0.967656 0.657593
vt 0.971576 0.667371
vt 0.966834 0.658463
vt 0.810691 0.959096
vt 0.817825 0.951960
vt 0.827913 0.951960
vt 0.835046 0.959096
vt 0.835046 0.969186
vt 0.827913 0.976322
vt 0.817825 0.976322
vt 0.810691 0.969186
vt 0.986089 0.691732
vt 0.986246 0.698867
vt 0.978396 0.698867
vt 0.980796 0.691732
vt 0.986246 0.708958
vt 0.978396 0.708958
vt 0.986089 0.716093
vt 0.980796 0.716093
vt 0.376252 0.992490
vt 0.375727 0.982413
vt 0.376843 0.981972
vt 0.379784 0.991257
vt 0.634404 0.583405
vt 0.632795 0.590359
vt 0.633644 0.590575
vt 0.632795 0.582996
vt 0.634404 0.597938
vt 0.632795 0.590985
vt 0.634404 0.590575
vt 0.633555 0.598154
vt 0.179124 0.976947
vt 0.174381 0.985853
vt 0.171708 0.983243
vt 0.178302 0.976075
vt 0.162430 0.985853
vt 0.160313 0.980598
vt 0.170200 0.979458
vt 0.159660 0.974591
vt 0.169717 0.975013
vt 0.160468 0.967796
vt 0.170284 0.970136
vt 0.163232 0.960408
vt 0.172133 0.965148
vt 0.971940 0.708958
vt 0.971940 0.698867
vt 0.966834 0.708958
vt 0.966834 0.698867
vt 0.702196 0.957997
vt 0.695562 0.961320
vt 0.694915 0.954511
vt 0.701549 0.951189
vt 0.692333 0.947058
vt 0.698967 0.943735
vt 0.692538 0.972497
vt 0.683319 0.969660
vt 0.684911 0.965919
vt 0.694771 0.967304
vt 0.685496 0.961492
vt 0.685045 0.956605
vt 0.683319 0.951573
vt 0.378153 0.980700
vt 0.382757 0.988467
vt 0.379321 0.978779
vt 0.385080 0.984645
vt 0.380034 0.976721
vt 0.386633 0.979986
vt 0.380208 0.975042
vt 0.387072 0.974684
vt 0.369546 0.975678
vt 0.369682 0.975480
vt 0.370033 0.974903
vt 0.370151 0.974684
vt 0.370137 0.975567
vt 0.754187 0.417280
vt 0.754187 0.407190
vt 0.754396 0.407190
vt 0.754396 0.417280
vt 0.754942 0.407190
vt 0.754942 0.417280
vt 0.755128 0.407190
vt 0.755128 0.417280
vt 0.107002 0.986685
vt 0.107002 0.977042
vt 0.108818 0.976882
vt 0.107240 0.986712
vt 0.111032 0.977255
vt 0.107905 0.986824
vt 0.113055 0.978060
vt 0.108148 0.986877
vt 0.114439 0.979025
vt 0.107470 0.986311
vt 0.177655 0.974369
vt 0.177412 0.972134
vt 0.177638 0.969969
vt 0.178192 0.968375
vt 0.979710 0.243612
vt 0.974470 0.236477
vt 0.974470 0.226387
vt 0.979710 0.219251
vt 0.987119 0.219251
vt 0.992359 0.226386
vt 0.992359 0.236477
vt 0.987119 0.243612
s 0
g piping1_
usemtl blue
f 860/1618/389 862/1619/389 864/1620/389 866/1621/389 868/1622/389 870/1623/389 872/1624/389 874/1625/389
f 861/1630/391 875/1631/391 873/1632/391 871/1633/391 869/1634/391 867/1635/391 865/1636/391 863/1637/391
f 924/1779/390 926/1780/390 928/1781/390 930/1782/390 932/1783/390 934/1784/390 936/1785/390 938/1786/390
f 941/1808/385 955/1809/385 953/1810/385 951/1811/385 949/1812/385 947/1813/385 945/1814/385 943/1815/385
f 957/1856/385 971/1857/385 969/1858/385 967/1859/385 965/1860/385 963/1861/385 961/1862/385 959/1863/385
f 972/1886/387 986/1887/387 984/1888/387 982/1889/387 980/1890/387 978/1891/387 976/1892/387 974/1893/387
f 1004/1969/390 1006/1970/390 1008/1971/390 1010/1972/390 1012/1973/390 1014/1974/390 1016/1975/390 1018/1976/390
f 1020/1995/387 1022/1996/387 1024/1997/387 1026/1998/387 1028/1999/387 1030/2000/387 1032/2001/387 1034/2002/387
g piping1_blue
usemtl blue
f 828/1518/382 830/1519/382 831/1520/382 829/1521/382
f 830/1522/383 832/1523/383 833/1524/383 831/1525/383
f 832/1526/384 834/1527/384 835/1528/384 833/1529/384
f 834/1527/385 836/1530/385 837/1531/385 835/1528/385
f 836/1530/386 838/1532/386 839/1533/386 837/1531/386
f 838/1534/387 840/1535/387 841/1536/387 839/1537/387
f 840/1538/388 842/1539/388 843/1540/388 841/1541/388
f 829/1542/389 831/1543/389 833/1544/389 835/1545/389 837/1546/389 839/1547/389 841/1548/389 843/1549/389
f 842/1539/390 828/1518/390 829/1521/390 843/1540/390
f 828/1550/391 842/1551/391 840/1552/391 838/1553/391 836/1554/391 834/1555/391 832/1556/391 830/1557/391
f 844/1558/392 846/1559/392 847/1560/392 845/1561/392
f 846/1559/390 848/1562/390 849/1563/390 847/1560/390
f 848/1562/393 850/1564/393 851/1565/393 849/1563/393
f 850/1566/391 852/1567/391 853/1568/391 851/1569/391
f 852/1570/394 854/1571/394 855/1572/394 853/1573/394
f 854/1571/385 856/1574/385 857/1575/385 855/1572/385
f 844/1576/387 858/1577/387 856/1578/387 854/1579/387 852/1580/387 850/1581/387 848/1582/387 846/1583/387
f 856/1574/395 858/1584/395 859/1585/395 857/1575/395
f 845/1586/383 847/1587/383 849/1588/383 851/1589/383 853/1590/383 855/1591/383 857/1592/383 859/1593/383
f 858/1594/389 844/1595/389 845/1596/389 859/1597/389
f 863/1598/384 862/1599/384 860/1600/384 861/1601/384
f 865/1602/385 864/1603/385 862/1599/385 863/1598/385
f 867/1604/386 866/1605/386 864/1603/386 865/1602/386
f 869/1606/387 868/1607/387 866/1608/387 867/1609/387
f 871/1610/388 870/1611/388 868/1612/388 869/1613/388
f 873/1614/390 872/1615/390 870/1611/390 871/1610/390
f 875/1616/382 874/1617/382 872/1615/382 873/1614/382
f 861/1626/383 860/1627/383 874/1628/383 875/1629/383
f 879/1638/396 878/1639/396 876/1640/396 877/1641/396
f 881/1642/387 880/1643/387 878/1639/387 879/1638/387
f 883/1644/397 882/1645/397 880/1646/397 881/1647/397
f 885/1648/391 884/1649/391 882/1645/391 883/1644/391
f 887/1650/398 886/1651/398 884/1652/398 885/1653/398
f 889/1654/383 888/1655/383 886/1651/383 887/1650/383
f 891/1656/399 890/1657/399 888/1658/399 889/1659/399
f 877/1660/385 891/1661/385 889/1662/385 887/1663/385 885/1664/385 883/1665/385 881/1666/385 879/1667/385
f 877/1668/389 876/1669/389 890/1657/389 891/1656/389
f 876/1670/390 878/1671/390 880/1672/390 882/1673/390 884/1674/390 886/1675/390 888/1676/390 890/1677/390
f 892/1678/382 894/1679/382 895/1680/382 893/1681/382
f 894/1682/383 896/1683/383 897/1684/383 895/1685/383
f 896/1686/384 898/1687/384 899/1688/384 897/1689/384
f 898/1687/385 900/1690/385 901/1691/385 899/1688/385
f 900/1690/386 902/1692/386 903/1693/386 901/1691/386
f 902/1694/387 904/1534/387 905/1695/387 903/1696/387
f 904/1697/388 906/1698/388 907/1699/388 905/1700/388
f 893/1701/389 895/1702/389 897/1703/389 899/1704/389 901/1705/389 903/1706/389 905/1707/389 907/1708/389
f 906/1698/390 892/1678/390 893/1681/390 907/1699/390
f 892/1709/391 906/1710/391 904/1711/391 902/1712/391 900/1713/391 898/1714/391 896/1715/391 894/1716/391
f 908/1717/392 910/1718/392 911/1719/392 909/1720/392
f 910/1718/390 912/1721/390 913/1722/390 911/1719/390
f 912/1721/393 914/1723/393 915/1724/393 913/1722/393
f 914/1725/391 916/1726/391 917/1727/391 915/1728/391
f 916/1729/400 918/1730/400 919/1731/400 917/1732/400
f 918/1730/385 920/1733/385 921/1734/385 919/1731/385
f 920/1733/395 922/1724/395 923/1723/395 921/1734/395
f 922/1735/389 908/1736/389 909/1737/389 923/1738/389
f 909/1739/383 911/1740/383 913/1741/383 915/1742/383 917/1743/383 919/1744/383 921/1745/383 923/1746/383
f 927/1747/396 926/1748/396 924/1749/396 925/1750/396
f 929/1751/387 928/1752/387 926/1748/387 927/1747/387
f 931/1753/397 930/1754/397 928/1755/397 929/1756/397
f 933/1757/391 932/1758/391 930/1754/391 931/1753/391
f 935/1759/398 934/1760/398 932/1761/398 933/1762/398
f 937/1763/383 936/1764/383 934/1760/383 935/1759/383
f 939/1765/399 938/1766/399 936/1767/399 937/1768/399
f 925/1769/385 939/1770/385 937/1771/385 935/1772/385 933/1773/385 931/1774/385 929/1775/385 927/1776/385
f 925/1777/389 924/1778/389 938/1766/389 939/1765/389
f 943/1787/396 942/1788/396 940/1789/396 941/1790/396
f 945/1791/387 944/1792/387 942/1788/387 943/1787/387
f 947/1793/397 946/1794/397 944/1795/397 945/1796/397
f 949/1797/391 948/1798/391 946/1794/391 947/1793/391
f 951/1799/398 950/1800/398 948/1801/398 949/1802/398
f 953/1803/383 952/1652/383 950/1800/383 951/1799/383
f 955/1804/399 954/1805/399 952/1806/399 953/1807/399
f 941/1816/389 940/1817/389 954/1805/389 955/1804/389
f 940/1818/390 942/1819/390 944/1820/390 946/1821/390 948/1822/390 950/1823/390 952/1824/390 954/1825/390
f 959/1826/396 958/1827/396 956/1828/396 957/1829/396
f 961/1830/387 960/1831/387 958/1827/387 959/1826/387
f 963/1832/397 962/1833/397 960/1834/397 961/1835/397
f 965/1836/391 964/1837/391 962/1833/391 963/1832/391
f 967/1838/398 966/1839/398 964/1840/398 965/1841/398
f 969/1842/383 968/1843/383 966/1839/383 967/1838/383
f 956/1844/390 958/1845/390 960/1846/390 962/1847/390 964/1848/390 966/1849/390 968/1850/390 970/1851/390
f 971/1852/399 970/1853/399 968/1854/399 969/1855/399
f 957/1864/389 956/1865/389 970/1853/389 971/1852/389
f 972/1866/392 974/1867/392 975/1868/392 973/1869/392
f 974/1867/390 976/1870/390 977/1871/390 975/1868/390
f 976/1870/393 978/1872/393 979/1873/393 977/1871/393
f 978/1874/391 980/1875/391 981/1876/391 979/1877/391
f 980/1878/400 982/1879/400 983/1880/400 981/1881/400
f 982/1879/385 984/1882/385 985/1883/385 983/1880/385
f 984/1882/395 986/1884/395 987/1885/395 985/1883/395
f 986/1894/389 972/1895/389 973/1896/389 987/1897/389
f 991/1898/395 990/1899/395 988/1900/395 989/1901/395
f 993/1902/385 992/1903/385 990/1899/385 991/1898/385
f 995/1904/400 994/1905/400 992/1903/400 993/1902/400
f 997/1906/391 996/1907/391 994/1908/391 995/1909/391
f 999/1910/393 998/1911/393 996/1912/393 997/1913/393
f 1001/1914/390 1000/1915/390 998/1911/390 999/1910/390
f 1003/1916/392 1002/1917/392 1000/1915/392 1001/1914/392
f 989/1918/383 1003/1919/383 1001/1920/383 999/1921/383 997/1922/383 995/1923/383 993/1924/383 991/1925/383
f 989/1926/389 988/1927/389 1002/1928/389 1003/1929/389
f 988/1930/387 990/1931/387 992/1932/387 994/1933/387 996/1934/387 998/1935/387 1000/1936/387 1002/1937/387
f 1007/1938/396 1006/1939/396 1004/1940/396 1005/1941/396
f 1009/1942/387 1008/1943/387 1006/1939/387 1007/1938/387
f 1011/1944/397 1010/1945/397 1008/1946/397 1009/1947/397
f 1013/1948/391 1012/1949/391 1010/1945/391 1011/1944/391
f 1015/1950/401 1014/1951/401 1012/1943/401 1013/1952/401
f 1017/1953/383 1016/1954/383 1014/1951/383 1015/1950/383
f 1019/1955/399 1018/1956/399 1016/1957/399 1017/1958/399
f 1005/1959/385 1019/1960/385 1017/1961/385 1015/1962/385 1013/1963/385 1011/1964/385 1009/1965/385 1007/1966/385
f 1005/1967/389 1004/1968/389 1018/1956/389 1019/1955/389
f 1023/1977/395 1022/1978/395 1020/1979/395 1021/1980/395
f 1025/1981/385 1024/1982/385 1022/1978/385 1023/1977/385
f 1027/1983/400 1026/1984/400 1024/1982/400 1025/1981/400
f 1029/1985/391 1028/1986/391 1026/1987/391 1027/1988/391
f 1031/1989/393 1030/1990/393 1028/1991/393 1029/1992/393
f 1033/1993/390 1032/1994/390 1030/1990/390 1031/1989/390
f 1035/2003/392 1034/2004/392 1032/1994/392 1033/1993/392
f 1021/2005/383 1035/2006/383 1033/2007/383 1031/2008/383 1029/2009/383 1027/2010/383 1025/2011/383 1023/2012/383
f 1021/2013/389 1020/2014/389 1034/2015/389 1035/2016/389
f 1051/2017/402 1050/2018/402 1059/2019/402 1052/2020/402
f 1050/2021/403 1049/2022/403 1063/2023/403 1059/2024/403
f 1049/2025/404 1048/2026/404 1067/2027/404 1063/2028/404
f 1048/2026/390 1047/2029/390 1071/2030/390 1067/2027/390
f 1047/2029/405 1046/2031/405 1075/2032/405 1071/2030/405
f 1044/2033/406 1045/2034/406 1083/2035/406 1079/2036/406
f 1045/2034/385 1051/2017/385 1052/2020/385 1083/2035/385
f 1052/2020/407 1059/2019/407 1058/2037/407 1053/2038/407
f 1053/2039/408 1058/2040/408 1057/2041/408 1054/2042/408
f 1054/2042/409 1057/2041/409 1056/2043/409 1055/2044/409
f 1055/2045/410 1056/2046/410 1042/2047/410 1043/2048/410
f 1059/2024/411 1063/2023/411 1062/2049/411 1058/2040/411
f 1058/2040/412 1062/2049/412 1061/2050/412 1057/2041/412
f 1057/2041/413 1061/2050/413 1060/2051/413 1056/2043/413
f 1056/2043/414 1060/2051/414 1041/2052/414 1042/2053/414
f 1063/2028/415 1067/2027/415 1066/2054/415 1062/2055/415
f 1062/2049/416 1066/2056/416 1065/2057/416 1061/2050/416
f 1061/2050/417 1065/2057/417 1064/2058/417 1060/2051/417
f 1060/2059/418 1064/2060/418 1040/2061/418 1041/2062/418
f 1067/2027/390 1071/2030/390 1070/2063/390 1066/2054/390
f 1066/2054/390 1070/2063/390 1069/2064/390 1065/2065/390
f 1065/2065/390 1069/2064/390 1068/2066/390 1064/2060/390
f 1064/2060/390 1068/2066/390 1039/2067/390 1040/2061/390
f 1071/2030/419 1075/2032/419 1074/2068/419 1070/2063/419
f 1070/2063/420 1074/2068/420 1073/2069/420 1069/2064/420
f 1069/2064/421 1073/2069/421 1072/2070/421 1068/2066/421
f 1068/2066/422 1072/2070/422 1038/2071/422 1039/2067/422
f 1075/2072/423 1079/2073/423 1078/2074/423 1074/2075/423
f 1074/2075/424 1078/2074/424 1077/2076/424 1073/2077/424
f 1073/2077/425 1077/2076/425 1076/2078/425 1072/2079/425
f 1079/2036/426 1083/2035/426 1082/2080/426 1078/2081/426
f 1078/2081/427 1082/2080/427 1081/2082/427 1077/2083/427
f 1077/2083/428 1081/2082/428 1080/2084/428 1076/2085/428
f 1076/2085/429 1080/2084/429 1036/2086/429 1037/2087/429
f 1083/2035/385 1052/2020/385 1053/2038/385 1082/2080/385
f 1082/2080/385 1053/2038/385 1054/2088/385 1081/2082/385
f 1081/2082/385 1054/2088/385 1055/2045/385 1080/2084/385
f 1080/2084/385 1055/2045/385 1043/2048/385 1036/2086/385
f 1050/2089/389 1051/2090/389 1045/2091/389 1044/2092/389 1046/2093/389 1047/2094/389 1048/2095/389 1049/2096/389
f 1099/2097/430 1098/2098/430 1107/2099/430 1100/2100/430
f 1098/2101/431 1097/2102/431 1111/2103/431 1107/2104/431
f 1097/2102/432 1096/2105/432 1115/2106/432 1111/2103/432
f 1096/2107/391 1095/2108/391 1119/2109/391 1115/2110/391
f 1095/2108/433 1094/2111/433 1123/2112/433 1119/2109/433
f 1092/2113/434 1093/2114/434 1131/2115/434 1127/2116/434
f 1093/2117/389 1099/2097/389 1100/2100/389 1131/2118/389
f 1100/2100/435 1107/2099/435 1106/2119/435 1101/2120/435
f 1101/2120/436 1106/2119/436 1105/2121/436 1102/2122/436
f 1102/2122/437 1105/2121/437 1104/2123/437 1103/2124/437
f 1103/2125/438 1104/2126/438 1090/2127/438 1091/2128/438
f 1107/2104/439 1111/2103/439 1110/2129/439 1106/2130/439
f 1106/2131/440 1110/2132/440 1109/2133/440 1105/2134/440
f 1105/2134/441 1109/2133/441 1108/2135/441 1104/2126/441
f 1104/2126/442 1108/2135/442 1089/2136/442 1090/2127/442
f 1111/2103/443 1115/2106/443 1114/2137/443 1110/2129/443
f 1110/2129/444 1114/2137/444 1113/2138/444 1109/2139/444
f 1109/2139/445 1113/2138/445 1112/2140/445 1108/2141/445
f 1108/2135/446 1112/2142/446 1088/2143/446 1089/2136/446
f 1115/2110/391 1119/2109/391 1118/2144/391 1114/2145/391
f 1114/2145/391 1118/2144/391 1117/2146/391 1113/2147/391
f 1113/2147/391 1117/2146/391 1116/2148/391 1112/2149/391
f 1112/2149/391 1116/2148/391 1087/2150/391 1088/2151/391
f 1119/2109/447 1123/2112/447 1122/2152/447 1118/2144/447
f 1118/2144/448 1122/2152/448 1121/2153/448 1117/2146/448
f 1117/2146/449 1121/2153/449 1120/2154/449 1116/2148/449
f 1116/2148/450 1120/2154/450 1086/2155/450 1087/2150/450
f 1123/2156/451 1127/2157/451 1126/2158/451 1122/2159/451
f 1122/2159/452 1126/2158/452 1125/2160/452 1121/2161/452
f 1121/2161/453 1125/2160/453 1124/2162/453 1120/2163/453
f 1127/2116/454 1131/2115/454 1130/2164/454 1126/2165/454
f 1126/2165/455 1130/2164/455 1129/2166/455 1125/2167/455
f 1125/2167/456 1129/2166/456 1128/2168/456 1124/2169/456
f 1124/2170/457 1128/2171/457 1084/2172/457 1085/2173/457
f 1131/2118/389 1100/2100/389 1101/2120/389 1130/2174/389
f 1130/2174/389 1101/2120/389 1102/2122/389 1129/2175/389
f 1129/2175/389 1102/2122/389 1103/2124/389 1128/2176/389
f 1128/2176/389 1103/2124/389 1091/2177/389 1084/2178/389
f 1098/2179/390 1099/2180/390 1093/2181/390 1092/2182/390 1094/2183/390 1095/2184/390 1096/2185/390 1097/2186/390
f 1147/2187/430 1146/2188/430 1155/2189/430 1148/2190/430
f 1146/2191/431 1145/2192/431 1159/2193/431 1155/2194/431
f 1145/2192/432 1144/2195/432 1163/2196/432 1159/2193/432
f 1144/2197/391 1143/2198/391 1167/2199/391 1163/2200/391
f 1143/2198/458 1142/2201/458 1171/2202/458 1167/2199/458
f 1140/2203/459 1141/2204/459 1179/2205/459 1175/2206/459
f 1141/2207/389 1147/2187/389 1148/2190/389 1179/2208/389
f 1148/2190/435 1155/2189/435 1154/2209/435 1149/2210/435
f 1149/2210/436 1154/2209/436 1153/2211/436 1150/2212/436
f 1150/2212/460 1153/2211/460 1152/2213/460 1151/2214/460
f 1151/2215/438 1152/2216/438 1138/2217/438 1139/2218/438
f 1155/2194/439 1159/2193/439 1158/2219/439 1154/2220/439
f 1154/2221/461 1158/2222/461 1157/2223/461 1153/2224/461
f 1153/2224/462 1157/2223/462 1156/2225/462 1152/2216/462
f 1152/2216/442 1156/2225/442 1137/2226/442 1138/2217/442
f 1159/2193/443 1163/2196/443 1162/2227/443 1158/2219/443
f 1158/2219/444 1162/2227/444 1161/2228/444 1157/2229/444
f 1157/2229/463 1161/2228/463 1160/2230/463 1156/2231/463
f 1156/2225/446 1160/2232/446 1136/2233/446 1137/2226/446
f 1163/2200/391 1167/2199/391 1166/2234/391 1162/2235/391
f 1162/2235/391 1166/2234/391 1165/2236/391 1161/2237/391
f 1161/2237/391 1165/2236/391 1164/2238/391 1160/2239/391
f 1160/2239/391 1164/2238/391 1135/2240/391 1136/2241/391
f 1167/2199/447 1171/2202/447 1170/2242/447 1166/2234/447
f 1166/2234/448 1170/2242/448 1169/2243/448 1165/2236/448
f 1165/2236/449 1169/2243/449 1168/2244/449 1164/2238/449
f 1164/2238/464 1168/2244/464 1134/2245/464 1135/2240/464
f 1171/2246/465 1175/2247/465 1174/2248/465 1170/2249/465
f 1170/2249/452 1174/2248/452 1173/2250/452 1169/2251/452
f 1169/2251/466 1173/2250/466 1172/2252/466 1168/2253/466
f 1175/2206/467 1179/2205/467 1178/2254/467 1174/2255/467
f 1174/2255/455 1178/2254/455 1177/2256/455 1173/2257/455
f 1173/2257/456 1177/2256/456 1176/2258/456 1172/2259/456
f 1172/2260/468 1176/2261/468 1132/2262/468 1133/2263/468
f 1179/2208/389 1148/2190/389 1149/2210/389 1178/2264/389
f 1178/2264/389 1149/2210/389 1150/2212/389 1177/2265/389
f 1177/2265/389 1150/2212/389 1151/2214/389 1176/2266/389
f 1176/2266/389 1151/2214/389 1139/2267/389 1132/2268/389
f 1146/2269/390 1147/2270/390 1141/2271/390 1140/2272/390 1142/2273/390 1143/2274/390 1144/2275/390 1145/2276/390
f 1195/2277/469 1194/2278/469 1203/2279/469 1196/2280/469
f 1194/2278/470 1193/2281/470 1207/2282/470 1203/2279/470
f 1193/2281/471 1192/2283/471 1211/2284/471 1207/2282/471
f 1192/2285/391 1191/2286/391 1215/2287/391 1211/2288/391
f 1191/2289/472 1190/2290/472 1219/2291/472 1215/2292/472
f 1188/2293/473 1189/2294/473 1227/2295/473 1223/2296/473
f 1189/2297/389 1195/2298/389 1196/2299/389 1227/2300/389
f 1196/2301/474 1203/2302/474 1202/2303/474 1197/2304/474
f 1197/2304/475 1202/2303/475 1201/2305/475 1198/2306/475
f 1198/2306/476 1201/2305/476 1200/2307/476 1199/2308/476
f 1199/2308/477 1200/2307/477 1186/2309/477 1187/2310/477
f 1203/2279/478 1207/2282/478 1206/2311/478 1202/2312/478
f 1202/2312/479 1206/2311/479 1205/2313/479 1201/2314/479
f 1201/2305/480 1205/2315/480 1204/2316/480 1200/2307/480
f 1200/2307/481 1204/2316/481 1185/2317/481 1186/2309/481
f 1207/2318/482 1211/2288/482 1210/2319/482 1206/2320/482
f 1206/2320/483 1210/2319/483 1209/2321/483 1205/2322/483
f 1205/2322/484 1209/2321/484 1208/2323/484 1204/2324/484
f 1204/2324/485 1208/2323/485 1184/2325/485 1185/2326/485
f 1211/2288/391 1215/2287/391 1214/2327/391 1210/2319/391
f 1210/2319/391 1214/2327/391 1213/2328/391 1209/2321/391
f 1209/2321/391 1213/2328/391 1212/2329/391 1208/2323/391
f 1208/2323/391 1212/2329/391 1183/2330/391 1184/2325/391
f 1215/2292/486 1219/2291/486 1218/2331/486 1214/2332/486
f 1214/2332/487 1218/2331/487 1217/2333/487 1213/2334/487
f 1213/2334/488 1217/2333/488 1216/2335/488 1212/2336/488
f 1212/2336/489 1216/2335/489 1182/2337/489 1183/2338/489
f 1219/2339/490 1223/2340/490 1222/2341/490 1218/2342/490
f 1218/2342/491 1222/2341/491 1221/2343/491 1217/2344/491
f 1217/2344/492 1221/2343/492 1220/2345/492 1216/2346/492
f 1223/2347/493 1227/2300/493 1226/2348/493 1222/2349/493
f 1222/2349/494 1226/2348/494 1225/2350/494 1221/2351/494
f 1221/2351/495 1225/2350/495 1224/2352/495 1220/2353/495
f 1220/2353/496 1224/2352/496 1180/2354/496 1181/2355/496
f 1227/2300/389 1196/2299/389 1197/2356/389 1226/2348/389
f 1226/2348/389 1197/2356/389 1198/2357/389 1225/2350/389
f 1225/2350/389 1198/2357/389 1199/2358/389 1224/2352/389
f 1224/2352/389 1199/2358/389 1187/2359/389 1180/2354/389
f 1194/2360/383 1195/2361/383 1189/2362/383 1188/2363/383 1190/2290/383 1191/2289/383 1192/2364/383 1193/2365/383
f 1243/2366/497 1242/2367/497 1251/2368/497 1244/2369/497
f 1242/2370/498 1241/2371/498 1255/2372/498 1251/2373/498
f 1241/2371/499 1240/2374/499 1259/2375/499 1255/2372/499
f 1240/2376/389 1239/2377/389 1263/2378/389 1259/2379/389
f 1239/2377/500 1238/2380/500 1267/2381/500 1263/2378/500
f 1236/2382/501 1237/2383/501 1275/2384/501 1271/2385/501
f 1237/2386/391 1243/2366/391 1244/2369/391 1275/2387/391
f 1244/2369/502 1251/2368/502 1250/2388/502 1245/2389/502
f 1245/2389/503 1250/2388/503 1249/2390/503 1246/2391/503
f 1246/2391/504 1249/2390/504 1248/2392/504 1247/2393/504
f 1247/2394/505 1248/2395/505 1234/2396/505 1235/2397/505
f 1251/2373/506 1255/2372/506 1254/2398/506 1250/2399/506
f 1250/2400/507 1254/2401/507 1253/2402/507 1249/2403/507
f 1249/2403/508 1253/2402/508 1252/2404/508 1248/2395/508
f 1248/2395/509 1252/2404/509 1233/2405/509 1234/2396/509
f 1255/2372/510 1259/2375/510 1258/2406/510 1254/2398/510
f 1254/2398/511 1258/2406/511 1257/2407/511 1253/2408/511
f 1253/2408/512 1257/2407/512 1256/2409/512 1252/2410/512
f 1252/2404/513 1256/2411/513 1232/2412/513 1233/2405/513
f 1259/2379/389 1263/2378/389 1262/2413/389 1258/2414/389
f 1258/2414/389 1262/2413/389 1261/2415/389 1257/2416/389
f 1257/2416/389 1261/2415/389 1260/2417/389 1256/2418/389
f 1256/2418/389 1260/2417/389 1231/2419/389 1232/2420/389
f 1263/2378/514 1267/2381/514 1266/2421/514 1262/2413/514
f 1262/2413/515 1266/2421/515 1265/2422/515 1261/2415/515
f 1261/2415/516 1265/2422/516 1264/2423/516 1260/2417/516
f 1260/2424/517 1264/2425/517 1230/2426/517 1231/2427/517
f 1267/2428/518 1271/2429/518 1270/2430/518 1266/2431/518
f 1266/2431/519 1270/2430/519 1269/2432/519 1265/2433/519
f 1265/2433/520 1269/2432/520 1268/2434/520 1264/2435/520
f 1271/2385/521 1275/2384/521 1274/2436/521 1270/2437/521
f 1270/2437/522 1274/2436/522 1273/2438/522 1269/2439/522
f 1269/2439/523 1273/2438/523 1272/2440/523 1268/2441/523
f 1268/2441/524 1272/2440/524 1228/2442/524 1229/2443/524
f 1275/2387/391 1244/2369/391 1245/2389/391 1274/2444/391
f 1274/2444/391 1245/2389/391 1246/2391/391 1273/2445/391
f 1273/2445/391 1246/2391/391 1247/2393/391 1272/2446/391
f 1272/2446/391 1247/2393/391 1235/2447/391 1228/2448/391
f 1242/2449/390 1243/2450/390 1237/2451/390 1236/2452/390 1238/2453/390 1239/2454/390 1240/2455/390 1241/2456/390
f 1291/2457/525 1290/2458/525 1299/2459/525 1292/2460/525
f 1290/2458/526 1289/2461/526 1303/2462/526 1299/2459/526
f 1289/2463/527 1288/2464/527 1307/2465/527 1303/2466/527
f 1288/2464/389 1287/2467/389 1311/2468/389 1307/2465/389
f 1287/2469/528 1286/2470/528 1315/2471/528 1311/2472/528
f 1284/2473/529 1285/2474/529 1323/2475/529 1319/2476/529
f 1285/2474/391 1291/2477/391 1292/2478/391 1323/2475/391
f 1292/2460/530 1299/2459/530 1298/2479/530 1293/2480/530
f 1293/2480/522 1298/2479/522 1297/2481/522 1294/2482/522
f 1294/2482/531 1297/2481/531 1296/2483/531 1295/2484/531
f 1295/2485/532 1296/2486/532 1282/2487/532 1283/2488/532
f 1299/2459/533 1303/2462/533 1302/2489/533 1298/2479/533
f 1298/2490/519 1302/2491/519 1301/2492/519 1297/2493/519
f 1297/2493/534 1301/2492/534 1300/2494/534 1296/2486/534
f 1296/2486/535 1300/2494/535 1281/2495/535 1282/2487/535
f 1303/2466/536 1307/2465/536 1306/2496/536 1302/2497/536
f 1302/2497/515 1306/2496/515 1305/2498/515 1301/2499/515
f 1301/2499/537 1305/2498/537 1304/2500/537 1300/2501/537
f 1300/2494/538 1304/2502/538 1280/2503/538 1281/2495/538
f 1307/2465/389 1311/2468/389 1310/2504/389 1306/2496/389
f 1306/2496/389 1310/2504/389 1309/2505/389 1305/2498/389
f 1305/2498/389 1309/2505/389 1308/2506/389 1304/2500/389
f 1304/2500/389 1308/2506/389 1279/2507/389 1280/2508/389
f 1311/2472/539 1315/2471/539 1314/2509/539 1310/2510/539
f 1310/2510/540 1314/2509/540 1313/2511/540 1309/2512/540
f 1309/2512/541 1313/2511/541 1312/2513/541 1308/2514/541
f 1308/2515/542 1312/2516/542 1278/2517/542 1279/2518/542
f 1315/2519/543 1319/2520/543 1318/2521/543 1314/2522/543
f 1314/2522/544 1318/2521/544 1317/2523/544 1313/2524/544
f 1313/2524/545 1317/2523/545 1316/2525/545 1312/2526/545
f 1319/2476/546 1323/2475/546 1322/2527/546 1318/2528/546
f 1318/2528/547 1322/2527/547 1321/2529/547 1317/2530/547
f 1317/2530/548 1321/2529/548 1320/2531/548 1316/2532/548
f 1316/2532/549 1320/2531/549 1276/2533/549 1277/2534/549
f 1323/2475/391 1292/2478/391 1293/2535/391 1322/2527/391
f 1322/2527/391 1293/2535/391 1294/2536/391 1321/2529/391
f 1321/2529/391 1294/2536/391 1295/2537/391 1320/2531/391
f 1320/2531/391 1295/2537/391 1283/2538/391 1276/2533/391
f 1290/2539/385 1291/2540/385 1285/2541/385 1284/2542/385 1286/2543/385 1287/2544/385 1288/2545/385 1289/2546/385
f 1339/2547/550 1338/2548/550 1347/2549/550 1340/2550/550
f 1338/2548/551 1337/2551/551 1351/2552/551 1347/2549/551
f 1337/2553/552 1336/2554/552 1355/2555/552 1351/2556/552
f 1336/2554/391 1335/2557/391 1359/2558/391 1355/2555/391
f 1335/2559/553 1334/2560/553 1363/2561/553 1359/2562/553
f 1332/2563/554 1333/2564/554 1371/2565/554 1367/2566/554
f 1333/2564/389 1339/2567/389 1340/2568/389 1371/2565/389
f 1340/2550/555 1347/2549/555 1346/2569/555 1341/2570/555
f 1341/2570/455 1346/2569/455 1345/2571/455 1342/2572/455
f 1342/2572/556 1345/2571/556 1344/2573/556 1343/2574/556
f 1343/2575/557 1344/2576/557 1330/2577/557 1331/2578/557
f 1347/2549/558 1351/2552/558 1350/2579/558 1346/2569/558
f 1346/2580/452 1350/2581/452 1349/2582/452 1345/2583/452
f 1345/2583/559 1349/2582/559 1348/2584/559 1344/2576/559
f 1344/2576/560 1348/2584/560 1329/2585/560 1330/2577/560
f 1351/2556/561 1355/2555/561 1354/2586/561 1350/2587/561
f 1350/2587/448 1354/2586/448 1353/2588/448 1349/2589/448
f 1349/2589/562 1353/2588/562 1352/2590/562 1348/2591/562
f 1348/2584/563 1352/2592/563 1328/2593/563 1329/2585/563
f 1355/2555/391 1359/2558/391 1358/2594/391 1354/2586/391
f 1354/2586/391 1358/2594/391 1357/2595/391 1353/2588/391
f 1353/2588/391 1357/2595/391 1356/2596/391 1352/2590/391
f 1352/2590/391 1356/2596/391 1327/2597/391 1328/2598/391
f 1359/2562/564 1363/2561/564 1362/2599/564 1358/2600/564
f 1358/2600/444 1362/2599/444 1361/2601/444 1357/2602/444
f 1357/2602/565 1361/2601/565 1360/2603/565 1356/2604/565
f 1356/2604/566 1360/2603/566 1326/2605/566 1327/2606/566
f 1363/2607/567 1367/2608/567 1366/2609/567 1362/2610/567
f 1362/2610/461 1366/2609/461 1365/2611/461 1361/2612/461
f 1361/2612/568 1365/2611/568 1364/2613/568 1360/2614/568
f 1367/2566/569 1371/2565/569 1370/2615/569 1366/2616/569
f 1366/2616/436 1370/2615/436 1369/2617/436 1365/2618/436
f 1365/2618/570 1369/2617/570 1368/2619/570 1364/2620/570
f 1364/2621/571 1368/2622/571 1324/2623/571 1325/2624/571
f 1371/2565/389 1340/2568/389 1341/2625/389 1370/2615/389
f 1370/2615/389 1341/2625/389 1342/2626/389 1369/2617/389
f 1369/2617/389 1342/2626/389 1343/2627/389 1368/2619/389
f 1368/2619/389 1343/2627/389 1331/2628/389 1324/2629/389
f 1338/2630/385 1339/2631/385 1333/2632/385 1332/2633/385 1334/2634/385 1335/2635/385 1336/2636/385 1337/2637/385
f 1387/2638/572 1386/2639/572 1395/2640/572 1388/2641/572
f 1386/2639/526 1385/2642/526 1399/2643/526 1395/2640/526
f 1385/2644/573 1384/2645/573 1403/2646/573 1399/2647/573
f 1384/2645/389 1383/2648/389 1407/2649/389 1403/2646/389
f 1383/2650/574 1382/2651/574 1411/2652/574 1407/2653/574
f 1380/2654/529 1381/2655/529 1419/2656/529 1415/2657/529
f 1381/2655/391 1387/2658/391 1388/2659/391 1419/2656/391
f 1388/2641/530 1395/2640/530 1394/2660/530 1389/2661/530
f 1389/2661/522 1394/2660/522 1393/2662/522 1390/2663/522
f 1390/2663/575 1393/2662/575 1392/2664/575 1391/2665/575
f 1391/2666/532 1392/2667/532 1378/2668/532 1379/2669/532
f 1395/2640/533 1399/2643/533 1398/2670/533 1394/2660/533
f 1394/2671/519 1398/2672/519 1397/2673/519 1393/2674/519
f 1393/2674/534 1397/2673/534 1396/2675/534 1392/2667/534
f 1392/2667/535 1396/2675/535 1377/2676/535 1378/2668/535
f 1399/2647/536 1403/2646/536 1402/2677/536 1398/2678/536
f 1398/2678/515 1402/2677/515 1401/2679/515 1397/2680/515
f 1397/2680/576 1401/2679/576 1400/2681/576 1396/2682/576
f 1396/2675/538 1400/2683/538 1376/2684/538 1377/2676/538
f 1403/2646/389 1407/2649/389 1406/2685/389 1402/2677/389
f 1402/2677/389 1406/2685/389 1405/2686/389 1401/2679/389
f 1401/2679/389 1405/2686/389 1404/2687/389 1400/2681/389
f 1400/2681/389 1404/2687/389 1375/2688/389 1376/2689/389
f 1407/2653/539 1411/2652/539 1410/2690/539 1406/2691/539
f 1406/2691/511 1410/2690/511 1409/2692/511 1405/2693/511
f 1405/2693/577 1409/2692/577 1408/2694/577 1404/2695/577
f 1404/2696/542 1408/2697/542 1374/2698/542 1375/2699/542
f 1411/2700/578 1415/2701/578 1414/2702/578 1410/2703/578
f 1410/2703/579 1414/2702/579 1413/2704/579 1409/2705/579
f 1409/2705/580 1413/2704/580 1412/2706/580 1408/2707/580
f 1415/2657/546 1419/2656/546 1418/2708/546 1414/2709/546
f 1414/2709/503 1418/2708/503 1417/2710/503 1413/2711/503
f 1413/2711/581 1417/2710/581 1416/2712/581 1412/2713/581
f 1412/2713/549 1416/2712/549 1372/2714/549 1373/2715/549
f 1419/2656/391 1388/2659/391 1389/2716/391 1418/2708/391
f 1418/2708/391 1389/2716/391 1390/2717/391 1417/2710/391
f 1417/2710/391 1390/2717/391 1391/2718/391 1416/2712/391
f 1416/2712/391 1391/2718/391 1379/2719/391 1372/2714/391
f 1386/2720/385 1387/2721/385 1381/2722/385 1380/2723/385 1382/2724/385 1383/2725/385 1384/2726/385 1385/2727/385
f 1435/2728/550 1434/2729/550 1443/2730/550 1436/2731/550
f 1434/2729/551 1433/2732/551 1447/2733/551 1443/2730/551
f 1433/2734/582 1432/2735/582 1451/2736/582 1447/2737/582
f 1432/2735/391 1431/2738/391 1455/2739/391 1451/2736/391
f 1431/2740/553 1430/2741/553 1459/2742/553 1455/2743/553
f 1428/2744/554 1429/2745/554 1467/2746/554 1463/2747/554
f 1429/2745/389 1435/2748/389 1436/2749/389 1467/2746/389
f 1436/2731/555 1443/2730/555 1442/2750/555 1437/2751/555
f 1437/2751/455 1442/2750/455 1441/2752/455 1438/2753/455
f 1438/2753/583 1441/2752/583 1440/2754/583 1439/2755/583
f 1439/2756/557 1440/2757/557 1426/2758/557 1427/2759/557
f 1443/2730/558 1447/2733/558 1446/2760/558 1442/2750/558
f 1442/2761/452 1446/2762/452 1445/2763/452 1441/2764/452
f 1441/2764/584 1445/2763/584 1444/2765/584 1440/2757/584
f 1440/2757/560 1444/2765/560 1425/2766/560 1426/2758/560
f 1447/2737/561 1451/2736/561 1450/2767/561 1446/2768/561
f 1446/2768/448 1450/2767/448 1449/2769/448 1445/2770/448
f 1445/2770/585 1449/2769/585 1448/2771/585 1444/2772/585
f 1444/2765/563 1448/2773/563 1424/2774/563 1425/2766/563
f 1451/2736/391 1455/2739/391 1454/2775/391 1450/2767/391
f 1450/2767/391 1454/2775/391 1453/2776/391 1449/2769/391
f 1449/2769/391 1453/2776/391 1452/2777/391 1448/2771/391
f 1448/2771/391 1452/2777/391 1423/2778/391 1424/2779/391
f 1455/2743/586 1459/2742/586 1458/2780/586 1454/2781/586
f 1454/2781/587 1458/2780/587 1457/2782/587 1453/2783/587
f 1453/2783/565 1457/2782/565 1456/2784/565 1452/2785/565
f 1452/2785/588 1456/2784/588 1422/2786/588 1423/2787/588
f 1459/2707/567 1463/2788/567 1462/2789/567 1458/2790/567
f 1458/2790/589 1462/2789/589 1461/2791/589 1457/2792/589
f 1457/2792/568 1461/2791/568 1460/2429/568 1456/2793/568
f 1463/2747/569 1467/2746/569 1466/2794/569 1462/2795/569
f 1462/2795/436 1466/2794/436 1465/2796/436 1461/2797/436
f 1461/2797/570 1465/2796/570 1464/2798/570 1460/2799/570
f 1460/2800/590 1464/2801/590 1420/2802/590 1421/2803/590
f 1467/2746/389 1436/2749/389 1437/2804/389 1466/2794/389
f 1466/2794/389 1437/2804/389 1438/2805/389 1465/2796/389
f 1465/2796/389 1438/2805/389 1439/2806/389 1464/2798/389
f 1464/2798/389 1439/2806/389 1427/2807/389 1420/2808/389
f 1434/2809/385 1435/2810/385 1429/2811/385 1428/2812/385 1430/2813/385 1431/2814/385 1432/2815/385 1433/2816/385
f 1483/2817/591 1482/2818/591 1491/2819/591 1484/2820/591
f 1482/2821/592 1481/2822/592 1495/2823/592 1491/2824/592
f 1481/2822/593 1480/2825/593 1499/2826/593 1495/2823/593
f 1480/2827/383 1479/2828/383 1503/2829/383 1499/2830/383
f 1479/2828/594 1478/2831/594 1507/2832/594 1503/2829/594
f 1476/2833/595 1477/2834/595 1515/2835/595 1511/2836/595
f 1477/2837/387 1483/2817/387 1484/2820/387 1515/2838/387
f 1484/2820/596 1491/2819/596 1490/2839/596 1485/2840/596
f 1485/2840/597 1490/2839/597 1489/2841/597 1486/2842/597
f 1486/2842/598 1489/2841/598 1488/2843/598 1487/2844/598
f 1487/2845/599 1488/2846/599 1474/2847/599 1475/2848/599
f 1491/2824/600 1495/2823/600 1494/2849/600 1490/2850/600
f 1490/2851/601 1494/2852/601 1493/2853/601 1489/2854/601
f 1489/2854/602 1493/2853/602 1492/2855/602 1488/2846/602
f 1488/2846/603 1492/2855/603 1473/2856/603 1474/2847/603
f 1495/2823/604 1499/2826/604 1498/2857/604 1494/2849/604
f 1494/2849/605 1498/2857/605 1497/2858/605 1493/2859/605
f 1493/2859/606 1497/2858/606 1496/2860/606 1492/2861/606
f 1492/2855/607 1496/2862/607 1472/2863/607 1473/2856/607
f 1499/2830/383 1503/2829/383 1502/2864/383 1498/2865/383
f 1498/2865/383 1502/2864/383 1501/2866/383 1497/2867/383
f 1497/2867/383 1501/2866/383 1500/2868/383 1496/2869/383
f 1496/2869/383 1500/2868/383 1471/2870/383 1472/2871/383
f 1503/2829/608 1507/2832/608 1506/2872/608 1502/2864/608
f 1502/2864/609 1506/2872/609 1505/2873/609 1501/2866/609
f 1501/2866/610 1505/2873/610 1504/2874/610 1500/2868/610
f 1500/2875/611 1504/2876/611 1470/2877/611 1471/2878/611
f 1507/2879/612 1511/2880/612 1510/2881/612 1506/2882/612
f 1506/2882/613 1510/2881/613 1509/2883/613 1505/2884/613
f 1505/2884/614 1509/2883/614 1508/2885/614 1504/2886/614
f 1511/2836/615 1515/2835/615 1514/2887/615 1510/2888/615
f 1510/2888/616 1514/2887/616 1513/2889/616 1509/2890/616
f 1509/2890/617 1513/2889/617 1512/2891/617 1508/2892/617
f 1508/2893/618 1512/2894/618 1468/2895/618 1469/2896/618
f 1515/2838/387 1484/2820/387 1485/2840/387 1514/2897/387
f 1514/2897/387 1485/2840/387 1486/2842/387 1513/2898/387
f 1513/2898/387 1486/2842/387 1487/2844/387 1512/2899/387
f 1512/2899/387 1487/2844/387 1475/2900/387 1468/2901/387
f 1482/2902/390 1483/2903/390 1477/2904/390 1476/2905/390 1478/2906/390 1479/2907/390 1480/2908/390 1481/2909/390
f 1531/2910/619 1530/2911/619 1539/2912/619 1532/2913/619
f 1530/2911/620 1529/2914/620 1543/2915/620 1539/2912/620
f 1529/2914/621 1528/2916/621 1547/2917/621 1543/2915/621
f 1528/2918/383 1527/2919/383 1551/2920/383 1547/2921/383
f 1527/2922/622 1526/2923/622 1555/2924/622 1551/2925/622
f 1524/2926/623 1525/2927/623 1563/2928/623 1559/2929/623
f 1525/2930/387 1531/2931/387 1532/2932/387 1563/2933/387
f 1532/2932/624 1539/2934/624 1538/2935/624 1533/2936/624
f 1533/2936/625 1538/2935/625 1537/2937/625 1534/2938/625
f 1534/2938/626 1537/2937/626 1536/2939/626 1535/2940/626
f 1535/2940/627 1536/2939/627 1522/2941/627 1523/2942/627
f 1539/2912/628 1543/2915/628 1542/2943/628 1538/2944/628
f 1538/2944/629 1542/2943/629 1541/2945/629 1537/2946/629
f 1537/2947/630 1541/2948/630 1540/2949/630 1536/2950/630
f 1536/2950/631 1540/2949/631 1521/2951/631 1522/2952/631
f 1543/2953/632 1547/2954/632 1546/2955/632 1542/2956/632
f 1542/2956/633 1546/2955/633 1545/2957/633 1541/2948/633
f 1541/2948/634 1545/2957/634 1544/2958/634 1540/2949/634
f 1540/2949/635 1544/2958/635 1520/2959/635 1521/2951/635
f 1547/2921/383 1551/2920/383 1550/2960/383 1546/2961/383
f 1546/2961/383 1550/2960/383 1549/2962/383 1545/2963/383
f 1545/2963/383 1549/2962/383 1548/2964/383 1544/2965/383
f 1544/2965/383 1548/2964/383 1519/2966/383 1520/2967/383
f 1551/2920/636 1555/2968/636 1554/2969/636 1550/2960/636
f 1550/2960/637 1554/2969/637 1553/2970/637 1549/2962/637
f 1549/2962/638 1553/2970/638 1552/2971/638 1548/2964/638
f 1548/2964/639 1552/2971/639 1518/2972/639 1519/2966/639
f 1555/2973/640 1559/2974/640 1558/2975/640 1554/2976/640
f 1554/2976/641 1558/2975/641 1557/2977/641 1553/2978/641
f 1553/2978/642 1557/2977/642 1556/2979/642 1552/2980/642
f 1559/2981/643 1563/2982/643 1562/2983/643 1558/2984/643
f 1558/2984/644 1562/2983/644 1561/2985/644 1557/2986/644
f 1557/2986/645 1561/2985/645 1560/2987/645 1556/2988/645
f 1556/2988/646 1560/2987/646 1516/2989/646 1517/2990/646
f 1563/2933/387 1532/2932/387 1533/2936/387 1562/2991/387
f 1562/2991/387 1533/2936/387 1534/2938/387 1561/2992/387
f 1561/2992/387 1534/2938/387 1535/2940/387 1560/2993/387
f 1560/2993/387 1535/2940/387 1523/2942/387 1516/2994/387
f 1530/2995/391 1531/2996/391 1525/2997/391 1524/2998/391 1526/2999/391 1527/3000/391 1528/3001/391 1529/3002/391
g firebox_cylinder.060
v -0.364883 0.010954 -0.425669
v -0.364883 0.469156 -0.425669
v -0.329726 0.010954 -0.451275
v -0.329726 0.469156 -0.451275
v -0.309428 0.010954 -0.495626
v -0.309428 0.469156 -0.495626
v -0.309428 0.010954 -0.546838
v -0.309428 0.469156 -0.546838
v -0.329726 0.010954 -0.591189
v -0.329726 0.469156 -0.591189
v -0.364883 0.010954 -0.616795
v -0.364883 0.469156 -0.616795
v -0.405478 0.010954 -0.616795
v -0.405478 0.469156 -0.616795
v -0.440635 0.010954 -0.591189
v -0.440635 0.469156 -0.591189
v -0.460933 0.010954 -0.546838
v -0.460933 0.469156 -0.546838
v -0.460933 0.010954 -0.495626
v -0.460933 0.469156 -0.495626
v -0.440635 0.010954 -0.451275
v -0.440635 0.469156 -0.451275
v -0.405478 0.010954 -0.425669
v -0.405478 0.469156 -0.425669
v -0.296802 0.484430 -0.553086
v -0.296802 0.484430 -0.569014
v -0.296802 0.469156 -0.553086
v -0.296802 0.469156 -0.569014
v -0.334679 0.484430 -0.569014
v -0.334679 0.484430 -0.553086
v -0.334679 0.469156 -0.569014
v -0.334679 0.469156 -0.553086
v -0.296802 0.484430 -0.473451
v -0.296802 0.484430 -0.489378
v -0.296802 0.469156 -0.473451
v -0.296802 0.469156 -0.489378
v -0.334679 0.484430 -0.489378
v -0.334679 0.484430 -0.473451
v -0.334679 0.469156 -0.489378
v -0.334679 0.469156 -0.473451
v -0.296802 0.484430 -0.505305
v -0.296802 0.484430 -0.537159
v -0.296802 0.453883 -0.505305
v -0.296802 0.453883 -0.537159
v -0.309428 0.484430 -0.537159
v -0.309428 0.484430 -0.505305
v -0.309428 0.453883 -0.537159
v -0.309428 0.453883 -0.505305
v -0.302286 0.482902 -0.465487
v -0.302286 0.482902 -0.576977
v -0.299327 0.479324 -0.465487
v -0.299327 0.479324 -0.576977
v -0.299327 0.474263 -0.465487
v -0.299327 0.474263 -0.576977
v -0.302286 0.470684 -0.465487
v -0.302286 0.470684 -0.576977
v -0.306469 0.470684 -0.465487
v -0.306469 0.470684 -0.576977
v -0.309428 0.474263 -0.465487
v -0.309428 0.474263 -0.576977
v -0.309428 0.479324 -0.465487
v -0.309428 0.479324 -0.576977
v -0.306469 0.482902 -0.465487
v -0.306469 0.482902 -0.576977
v -0.382566 0.504619 -0.513269
v -0.382566 0.519893 -0.513269
v -0.378868 0.504619 -0.517934
v -0.378868 0.519893 -0.517934
v -0.378868 0.504619 -0.524531
v -0.378868 0.519893 -0.524531
v -0.382566 0.504619 -0.529196
v -0.382566 0.519893 -0.529196
v -0.387795 0.504619 -0.529196
v -0.387795 0.519893 -0.529196
v -0.391493 0.504619 -0.524531
v -0.391493 0.519893 -0.524531
v -0.391493 0.504619 -0.517934
v -0.391493 0.519893 -0.517934
v -0.387795 0.504619 -0.513269
v -0.387795 0.519893 -0.513269
v -0.377336 0.033864 -0.594497
v -0.377336 0.033864 -0.626351
v -0.366242 0.047284 -0.594497
v -0.366242 0.047284 -0.626351
v -0.366242 0.066264 -0.594497
v -0.366242 0.066264 -0.626351
v -0.377336 0.079684 -0.594497
v -0.377336 0.079684 -0.626351
v -0.393025 0.079684 -0.594497
v -0.393025 0.079684 -0.626351
v -0.404119 0.066264 -0.594497
v -0.404119 0.066264 -0.626351
v -0.404119 0.047284 -0.594497
v -0.404119 0.047284 -0.626351
v -0.393025 0.033864 -0.594497
v -0.393025 0.033864 -0.626351
v -0.375767 0.029282 -0.626351
v -0.375767 0.029282 -0.629537
v -0.362455 0.045386 -0.626351
v -0.362455 0.045386 -0.629537
v -0.362455 0.068162 -0.626351
v -0.362455 0.068162 -0.629537
v -0.375767 0.084266 -0.626351
v -0.375767 0.084266 -0.629537
v -0.394594 0.084266 -0.626351
v -0.394594 0.084266 -0.629537
v -0.407906 0.068162 -0.626351
v -0.407906 0.068162 -0.629537
v -0.407906 0.045386 -0.626351
v -0.407906 0.045386 -0.629537
v -0.394594 0.029282 -0.626351
v -0.394594 0.029282 -0.629537
v -0.384859 0.506807 -0.520798
v -0.404820 0.468983 -0.616629
v -0.402071 0.488027 -0.603758
v -0.394765 0.501667 -0.568683
v -0.364226 0.468665 -0.616265
v -0.366916 0.487751 -0.603442
v -0.374468 0.501507 -0.568501
v -0.329216 0.468335 -0.590344
v -0.336596 0.487465 -0.580994
v -0.356963 0.501547 -0.555539
v -0.309170 0.468083 -0.545812
v -0.319235 0.487246 -0.542429
v -0.346939 0.501420 -0.533273
v -0.309459 0.467975 -0.494602
v -0.319486 0.487154 -0.498079
v -0.347084 0.501367 -0.507667
v -0.330006 0.468042 -0.450435
v -0.337280 0.487211 -0.459829
v -0.357358 0.501400 -0.485584
v -0.365306 0.468264 -0.425145
v -0.367851 0.487404 -0.437927
v -0.375008 0.501511 -0.472939
v -0.405900 0.468583 -0.425509
v -0.403006 0.487680 -0.438243
v -0.395305 0.501671 -0.473121
v -0.440911 0.468913 -0.451430
v -0.433327 0.487966 -0.460691
v -0.412810 0.501836 -0.486082
v -0.460957 0.469165 -0.495962
v -0.450687 0.488184 -0.499257
v -0.422833 0.501962 -0.508347
v -0.460668 0.469272 -0.547172
v -0.450437 0.488277 -0.543606
v -0.422689 0.502015 -0.533953
v -0.440121 0.469206 -0.591340
v -0.432642 0.488219 -0.581856
v -0.412415 0.501982 -0.556037
v -0.460668 0.469272 -0.547172
v -0.440121 0.469206 -0.591340
v -0.440911 0.468913 -0.451430
v -0.460957 0.469165 -0.495962
vn 0.5887 -0.0000 0.8083
vn 0.9093 -0.0000 0.4162
vn 1.0000 -0.0000 -0.0000
vn 0.9093 -0.0000 -0.4162
vn 0.5887 -0.0000 -0.8083
vn -0.0000 -0.0000 -1.0000
vn -0.5887 -0.0000 -0.8083
vn -0.9093 -0.0000 -0.4162
vn -1.0000 -0.0000 -0.0000
vn -0.9093 -0.0000 0.4162
vn -0.5887 -0.0000 0.8083
vn -0.0000 -0.0000 1.0000
vn -0.0000 1.0000 -0.0000
vn -0.0000 -1.0000 -0.0000
vn 0.7708 0.6371 -0.0000
vn 0.7708 -0.6371 -0.0000
vn -0.7708 -0.6371 -0.0000
vn -0.7708 0.6371 -0.0000
vn 0.7837 -0.0000 0.6212
vn 0.7837 -0.0000 -0.6212
vn -0.7837 -0.0000 -0.6212
vn -0.7837 -0.0000 0.6212
vn 0.0118 0.5588 -0.8292
vn 0.0106 0.9312 -0.3643
vn 0.0088 0.9941 -0.1085
vn 0.5084 0.5284 -0.6799
vn 0.2372 0.9193 -0.3140
vn 0.0684 0.9931 -0.0954
vn 0.7995 0.4830 -0.3572
vn 0.4017 0.8987 -0.1758
vn 0.1242 0.9910 -0.0503
vn 0.8857 0.4642 0.0060
vn 0.4566 0.8896 0.0044
vn 0.1416 0.9899 0.0029
vn 0.7945 0.4823 0.3689
vn 0.3987 0.8984 0.1841
vn 0.1233 0.9908 0.0558
vn 0.4973 0.5266 0.6895
vn 0.2360 0.9171 0.3213
vn 0.0740 0.9928 0.0946
vn -0.0031 0.5551 0.8318
vn 0.0039 0.9278 0.3730
vn 0.0068 0.9941 0.1086
vn -0.5008 0.5314 0.6832
vn -0.2274 0.9201 0.3189
vn -0.0601 0.9938 0.0939
vn -0.7934 0.4908 0.3600
vn -0.3883 0.9038 0.1799
vn -0.1087 0.9926 0.0546
vn -0.8802 0.4746 -0.0040
vn -0.4435 0.8963 -0.0006
vn -0.1261 0.9920 0.0014
vn -0.7884 0.4934 -0.3675
vn -0.3852 0.9050 -0.1806
vn -0.1078 0.9928 -0.0516
vn -0.4895 0.5357 -0.6880
vn -0.2175 0.9231 -0.3171
vn -0.0511 0.9941 -0.0961
vt 0.073089 0.389779
vt 0.107002 0.390880
vt 0.107002 0.755720
vt 0.073089 0.754619
vt 0.634608 0.366933
vt 0.668540 0.365944
vt 0.668540 0.730894
vt 0.634608 0.731883
vt 0.707705 0.365945
vt 0.707705 0.730895
vt 0.741610 0.366937
vt 0.741610 0.731887
vt 0.741610 0.364837
vt 0.707672 0.365944
vt 0.707672 0.001113
vt 0.741610 0.000006
vt 0.668507 0.365942
vt 0.668507 0.001110
vt 0.634608 0.364831
vt 0.634608 -0.000000
vt 0.214003 0.755196
vt 0.180085 0.755196
vt 0.180085 0.389778
vt 0.214003 0.389778
vt 0.140920 0.755196
vt 0.140920 0.389778
vt 0.107002 0.755196
vt 0.107002 0.389778
vt 0.000000 0.390879
vt 0.033923 0.389778
vt 0.033923 0.754618
vt 0.000000 0.755718
vt 0.986119 0.805006
vt 0.986119 0.841547
vt 0.973958 0.841548
vt 0.973958 0.805006
vt 0.974461 0.243612
vt 0.974461 0.255793
vt 0.962296 0.255793
vt 0.962296 0.243612
vt 0.890226 0.980370
vt 0.890226 0.943828
vt 0.902388 0.943828
vt 0.902388 0.980370
vt 0.974009 0.605792
vt 0.961828 0.605792
vt 0.961828 0.593612
vt 0.974009 0.593612
vt 0.510010 0.925724
vt 0.510010 0.962265
vt 0.497830 0.962265
vt 0.497830 0.925724
vt 0.865871 0.585886
vt 0.865871 0.622427
vt 0.853690 0.622427
vt 0.853690 0.585886
vt 0.986119 0.768463
vt 0.986119 0.805005
vt 0.973958 0.805006
vt 0.973958 0.768464
vt 0.822856 0.976322
vt 0.822856 0.988502
vt 0.810691 0.988503
vt 0.810691 0.976322
vt 0.973958 0.768463
vt 0.973957 0.731921
vt 0.986119 0.731921
vt 0.986119 0.768463
vt 0.968637 0.731921
vt 0.956456 0.731921
vt 0.956456 0.719741
vt 0.968637 0.719741
vt 0.477498 0.925724
vt 0.477498 0.962265
vt 0.465317 0.962265
vt 0.465317 0.925724
vt 0.475025 0.877240
vt 0.475025 0.913781
vt 0.462844 0.913781
vt 0.462844 0.877240
vt 0.914593 0.999856
vt 0.902413 0.999855
vt 0.902413 0.975533
vt 0.914593 0.975533
vt 0.414109 0.952309
vt 0.414109 0.976670
vt 0.389779 0.976671
vt 0.389779 0.952310
vt 0.934952 0.975504
vt 0.947132 0.975504
vt 0.947132 0.999827
vt 0.934952 0.999827
vt 0.951135 0.389778
vt 0.926774 0.389778
vt 0.926774 0.365417
vt 0.951135 0.365417
vt 0.987250 0.609029
vt 0.999431 0.609029
vt 0.999431 0.633390
vt 0.987250 0.633390
vt 0.992346 0.535370
vt 0.980166 0.535370
vt 0.980166 0.511009
vt 0.992346 0.511009
vt 0.741610 0.504592
vt 0.744604 0.504594
vt 0.744604 0.589858
vt 0.741610 0.589856
vt 0.748635 0.504594
vt 0.748635 0.589858
vt 0.741610 0.419328
vt 0.744464 0.419328
vt 0.744464 0.504592
vt 0.741610 0.504592
vt 0.748500 0.419328
vt 0.748500 0.504592
vt 0.623665 0.622522
vt 0.626519 0.622522
vt 0.626519 0.707786
vt 0.623665 0.707786
vt 0.630555 0.622522
vt 0.630555 0.707786
vt 0.633410 0.622522
vt 0.633410 0.707786
vt 0.973958 0.942582
vt 0.976808 0.939728
vt 0.980837 0.939728
vt 0.983687 0.942582
vt 0.983686 0.946618
vt 0.980837 0.949473
vt 0.976807 0.949473
vt 0.973958 0.946618
vt 0.748500 0.419328
vt 0.752536 0.419328
vt 0.752536 0.504592
vt 0.748500 0.504592
vt 0.472574 0.916635
vt 0.472574 0.920672
vt 0.469724 0.923526
vt 0.465694 0.923526
vt 0.462844 0.920672
vt 0.462844 0.916636
vt 0.465694 0.913781
vt 0.469724 0.913781
vt 0.947132 0.975684
vt 0.950702 0.975504
vt 0.950702 0.987669
vt 0.947132 0.987849
vt 0.955748 0.975504
vt 0.955748 0.987669
vt 0.987652 0.257965
vt 0.984081 0.258166
vt 0.984081 0.246005
vt 0.987652 0.245804
vt 0.979035 0.258166
vt 0.979035 0.246005
vt 0.980817 0.731921
vt 0.977250 0.731921
vt 0.977250 0.719741
vt 0.980817 0.719741
vt 0.972204 0.731921
vt 0.972204 0.719741
vt 0.968637 0.731921
vt 0.968637 0.719741
vt 0.460474 0.979107
vt 0.460474 0.984152
vt 0.456907 0.987719
vt 0.451861 0.987719
vt 0.448294 0.984152
vt 0.448294 0.979107
vt 0.451861 0.975539
vt 0.456907 0.975539
vt 0.822459 0.610613
vt 0.827504 0.610613
vt 0.827504 0.622774
vt 0.822459 0.622774
vt 0.860156 0.952615
vt 0.835795 0.952615
vt 0.835795 0.941912
vt 0.860156 0.941912
vt 0.389779 0.937192
vt 0.414140 0.937192
vt 0.414140 0.952309
vt 0.389779 0.952309
vt 0.389785 0.925962
vt 0.414147 0.925962
vt 0.980165 0.501488
vt 0.980165 0.477127
vt 0.995302 0.477127
vt 0.995302 0.501488
vt 0.790332 0.600561
vt 0.765971 0.600561
vt 0.765971 0.589858
vt 0.790332 0.589858
vt 0.790332 0.615697
vt 0.765971 0.615697
vt 0.790332 0.626400
vt 0.765971 0.626400
vt 0.835795 0.926776
vt 0.860156 0.926776
vt 0.754136 0.409513
vt 0.751700 0.409513
vt 0.751700 0.396670
vt 0.754136 0.396670
vt 0.752536 0.432805
vt 0.754972 0.432804
vt 0.754977 0.450944
vt 0.752541 0.450945
vt 0.752541 0.419329
vt 0.754977 0.419328
vt 0.790332 0.589858
vt 0.792768 0.589858
vt 0.792768 0.608021
vt 0.790332 0.608021
vt 0.754972 0.463788
vt 0.752536 0.463788
vt 0.752536 0.450945
vt 0.754972 0.450945
vt 0.754972 0.481952
vt 0.752536 0.481952
vt 0.565059 0.865483
vt 0.565059 0.883646
vt 0.552236 0.896491
vt 0.534102 0.896492
vt 0.521279 0.883649
vt 0.521279 0.865486
vt 0.534102 0.852641
vt 0.552236 0.852640
vt 0.754136 0.378507
vt 0.751700 0.378507
vt 0.751700 0.365663
vt 0.754136 0.365663
vt 0.477498 0.865484
vt 0.490321 0.852641
vt 0.508456 0.852640
vt 0.521279 0.865484
vt 0.521279 0.883647
vt 0.508456 0.896490
vt 0.490321 0.896491
vt 0.477498 0.883648
vt 0.960158 0.331122
vt 0.944422 0.328556
vt 0.944422 0.294639
vt 0.960158 0.291957
vt 0.634608 0.812138
vt 0.661375 0.804981
vt 0.671166 0.821940
vt 0.651567 0.841512
vt 0.697923 0.795192
vt 0.943500 0.265375
vt 0.959093 0.258166
vt 0.688126 0.831730
vt 0.680941 0.858471
vt 0.942383 0.365166
vt 0.926774 0.358039
vt 0.927741 0.328555
vt 0.943500 0.331120
vt 0.707708 0.831730
vt 0.714859 0.858471
vt 0.927741 0.294638
vt 0.943500 0.291956
vt 0.724667 0.821939
vt 0.744233 0.841512
vt 0.926774 0.265375
vt 0.942383 0.258166
vt 0.734458 0.804980
vt 0.761192 0.812138
vt 0.848241 0.624887
vt 0.863859 0.632014
vt 0.862868 0.661497
vt 0.847097 0.658931
vt 0.734458 0.785397
vt 0.761192 0.778220
vt 0.862869 0.695415
vt 0.847097 0.698096
vt 0.724667 0.768438
vt 0.744233 0.748846
vt 0.863860 0.724678
vt 0.848241 0.731887
vt 0.707708 0.758647
vt 0.714859 0.731887
vt 0.617835 0.901363
vt 0.632988 0.908535
vt 0.632988 0.938029
vt 0.617835 0.935420
vt 0.688126 0.758647
vt 0.680941 0.731887
vt 0.927254 0.641925
vt 0.942420 0.644452
vt 0.942479 0.678369
vt 0.927322 0.681089
vt 0.671166 0.768438
vt 0.651567 0.748846
vt 0.942420 0.707621
vt 0.927254 0.714867
vt 0.661375 0.785397
vt 0.634608 0.778220
vt 0.959093 0.365166
vt 0.943500 0.358039
s 0
g firebox_blue
usemtl blue
f 1564/3003/647 1566/3004/647 1567/3005/647 1565/3006/647
f 1566/3007/648 1568/3008/648 1569/3009/648 1567/3010/648
f 1568/3008/649 1570/3011/649 1571/3012/649 1569/3009/649
f 1570/3011/650 1572/3013/650 1573/3014/650 1571/3012/650
f 1572/3015/651 1574/3016/651 1575/3017/651 1573/3018/651
f 1574/3016/652 1576/3019/652 1577/3020/652 1575/3017/652
f 1576/3019/653 1578/3021/653 1579/3022/653 1577/3020/653
f 1578/3023/654 1580/3024/654 1581/3025/654 1579/3026/654
f 1580/3024/655 1582/3027/655 1583/3028/655 1581/3025/655
f 1582/3027/656 1584/3029/656 1585/3030/656 1583/3028/656
f 1584/3031/657 1586/3032/657 1587/3033/657 1585/3034/657
f 1586/3032/658 1564/3003/658 1565/3006/658 1587/3033/658
f 1591/3035/652 1594/3036/652 1592/3037/652 1589/3038/652
f 1590/3039/649 1591/3040/649 1589/3041/649 1588/3042/649
f 1595/3043/658 1590/3044/658 1588/3045/658 1593/3046/658
f 1594/3047/655 1595/3048/655 1593/3049/655 1592/3050/655
f 1593/3051/659 1588/3052/659 1589/3053/659 1592/3054/659
f 1594/3055/660 1591/3056/660 1590/3057/660 1595/3058/660
f 1599/3059/652 1602/3060/652 1600/3061/652 1597/3062/652
f 1598/3063/649 1599/3064/649 1597/3065/649 1596/3066/649
f 1603/3067/658 1598/3068/658 1596/3069/658 1601/3070/658
f 1602/3071/655 1603/3072/655 1601/3073/655 1600/3074/655
f 1601/3075/659 1596/3076/659 1597/3077/659 1600/3078/659
f 1602/3079/660 1599/3080/660 1598/3081/660 1603/3082/660
f 1607/3083/652 1610/3084/652 1608/3085/652 1605/3086/652
f 1606/3087/649 1607/3088/649 1605/3089/649 1604/3090/649
f 1611/3091/658 1606/3092/658 1604/3093/658 1609/3094/658
f 1610/3095/655 1611/3096/655 1609/3097/655 1608/3098/655
f 1609/3099/659 1604/3100/659 1605/3101/659 1608/3102/659
f 1610/3103/660 1607/3104/660 1606/3105/660 1611/3106/660
f 1612/3107/661 1614/3108/661 1615/3109/661 1613/3110/661
f 1614/3108/649 1616/3111/649 1617/3112/649 1615/3109/649
f 1616/3113/662 1618/3114/662 1619/3115/662 1617/3116/662
f 1618/3114/660 1620/3117/660 1621/3118/660 1619/3115/660
f 1620/3119/663 1622/3120/663 1623/3121/663 1621/3122/663
f 1622/3120/655 1624/3123/655 1625/3124/655 1623/3121/655
f 1624/3123/664 1626/3125/664 1627/3126/664 1625/3124/664
f 1613/3127/652 1615/3128/652 1617/3129/652 1619/3130/652 1621/3131/652 1623/3132/652 1625/3133/652 1627/3134/652
f 1626/3135/659 1612/3136/659 1613/3137/659 1627/3138/659
f 1612/3139/658 1626/3140/658 1624/3141/658 1622/3142/658 1620/3143/658 1618/3144/658 1616/3145/658 1614/3146/658
f 1628/3147/665 1630/3148/665 1631/3149/665 1629/3150/665
f 1630/3148/649 1632/3151/649 1633/3152/649 1631/3149/649
f 1632/3153/666 1634/3154/666 1635/3155/666 1633/3156/666
f 1634/3154/652 1636/3157/652 1637/3158/652 1635/3155/652
f 1636/3159/667 1638/3160/667 1639/3161/667 1637/3162/667
f 1638/3160/655 1640/3163/655 1641/3164/655 1639/3161/655
f 1640/3163/668 1642/3165/668 1643/3166/668 1641/3164/668
f 1629/3167/659 1631/3168/659 1633/3169/659 1635/3170/659 1637/3171/659 1639/3172/659 1641/3173/659 1643/3174/659
f 1642/3175/658 1628/3176/658 1629/3177/658 1643/3178/658
f 1647/3179/662 1646/3180/662 1644/3181/662 1645/3182/662
f 1649/3183/649 1648/3184/649 1646/3185/649 1647/3186/649
f 1651/3187/661 1650/3188/661 1648/3184/661 1649/3183/661
f 1653/3189/659 1652/3190/659 1650/3191/659 1651/3192/659
f 1655/3193/664 1654/3194/664 1652/3195/664 1653/3196/664
f 1657/3197/655 1656/3198/655 1654/3194/655 1655/3193/655
f 1659/3199/663 1658/3200/663 1656/3198/663 1657/3197/663
f 1645/3182/660 1644/3181/660 1658/3201/660 1659/3202/660
f 1663/3203/662 1662/3204/662 1660/3205/662 1661/3206/662
f 1665/3207/649 1664/3208/649 1662/3209/649 1663/3210/649
f 1667/3211/661 1666/3212/661 1664/3208/661 1665/3207/661
f 1669/3213/659 1668/3214/659 1666/3215/659 1667/3216/659
f 1671/3217/664 1670/3218/664 1668/3219/664 1669/3220/664
f 1673/3221/655 1672/3222/655 1670/3218/655 1671/3217/655
f 1661/3223/652 1675/3224/652 1673/3225/652 1671/3226/652 1669/3227/652 1667/3228/652 1665/3229/652 1663/3230/652
f 1675/3231/663 1674/3232/663 1672/3233/663 1673/3234/663
f 1660/3235/658 1662/3236/658 1664/3237/658 1666/3238/658 1668/3239/658 1670/3240/658 1672/3241/658 1674/3242/658
f 1661/3206/660 1660/3205/660 1674/3232/660 1675/3231/660
f 1677/3243/669 1678/3244/669 1681/3245/669 1680/3246/669
f 1678/3247/670 1679/3248/670 1682/3249/670 1681/3250/670
f 1682/3249/671 1679/3248/671 1676/3251/671
f 1680/3246/672 1681/3245/672 1684/3252/672 1683/3253/672
f 1681/3250/673 1682/3249/673 1685/3254/673 1684/3255/673
f 1685/3254/674 1682/3249/674 1676/3251/674
f 1683/3256/675 1684/3257/675 1687/3258/675 1686/3259/675
f 1684/3255/676 1685/3254/676 1688/3260/676 1687/3261/676
f 1688/3260/677 1685/3254/677 1676/3251/677
f 1686/3259/678 1687/3258/678 1690/3262/678 1689/3263/678
f 1687/3261/679 1688/3260/679 1691/3264/679 1690/3265/679
f 1691/3264/680 1688/3260/680 1676/3251/680
f 1689/3263/681 1690/3262/681 1693/3266/681 1692/3267/681
f 1690/3265/682 1691/3264/682 1694/3268/682 1693/3269/682
f 1694/3268/683 1691/3264/683 1676/3251/683
f 1692/3270/684 1693/3271/684 1696/3272/684 1695/3273/684
f 1693/3269/685 1694/3268/685 1697/3274/685 1696/3275/685
f 1697/3274/686 1694/3268/686 1676/3251/686
f 1695/3273/687 1696/3272/687 1699/3276/687 1698/3277/687
f 1696/3275/688 1697/3274/688 1700/3278/688 1699/3279/688
f 1700/3278/689 1697/3274/689 1676/3251/689
f 1698/3277/690 1699/3276/690 1702/3280/690 1715/3281/690
f 1699/3279/691 1700/3278/691 1703/3282/691 1702/3283/691
f 1703/3282/692 1700/3278/692 1676/3251/692
f 1701/3284/693 1702/3285/693 1705/3286/693 1716/3287/693
f 1702/3283/694 1703/3282/694 1706/3288/694 1705/3289/694
f 1706/3288/695 1703/3282/695 1676/3251/695
f 1704/3290/696 1705/3291/696 1708/3292/696 1707/3293/696
f 1705/3289/697 1706/3288/697 1709/3294/697 1708/3295/697
f 1709/3294/698 1706/3288/698 1676/3251/698
f 1707/3293/699 1708/3292/699 1711/3296/699 1710/3297/699
f 1708/3295/700 1709/3294/700 1712/3298/700 1711/3299/700
f 1712/3298/701 1709/3294/701 1676/3251/701
f 1710/3300/702 1711/3301/702 1678/3244/702 1677/3243/702
f 1711/3299/703 1712/3298/703 1679/3248/703 1678/3247/703
f 1679/3248/704 1712/3298/704 1676/3251/704
l 1713 1714
g pipe-cover_pipe_cover_2
v -0.372555 0.315659 -0.377888
v -0.372555 0.315659 -0.425669
v -0.599813 0.315659 -0.425669
v -0.599813 0.315659 -0.377888
v -0.574562 0.316422 -0.425669
v -0.574562 0.316422 -0.441597
v -0.574562 0.301149 -0.425669
v -0.574562 0.301149 -0.441597
v -0.599813 0.316422 -0.441597
v -0.599813 0.316422 -0.425669
v -0.599813 0.301149 -0.441597
v -0.599813 0.301149 -0.425669
v -0.574562 0.224782 -0.425669
v -0.574562 0.224782 -0.441597
v -0.574562 0.209508 -0.425669
v -0.574562 0.209508 -0.441597
v -0.599813 0.224782 -0.441597
v -0.599813 0.224782 -0.425669
v -0.599813 0.209508 -0.441597
v -0.599813 0.209508 -0.425669
v -0.574562 0.133141 -0.425669
v -0.574562 0.133141 -0.441597
v -0.574562 0.117868 -0.425669
v -0.574562 0.117868 -0.441597
v -0.599813 0.133141 -0.441597
v -0.599813 0.133141 -0.425669
v -0.599813 0.117868 -0.441597
v -0.599813 0.117868 -0.425669
v -0.346042 0.362242 -0.377888
v -0.346042 0.362242 -0.425669
v -0.599813 0.362242 -0.425669
v -0.599813 0.362242 -0.377888
v -0.346357 0.055247 -0.377888
v -0.346357 0.055247 -0.425669
v -0.346357 0.362242 -0.425669
v -0.346357 0.362242 -0.377888
v -0.372555 0.224018 -0.377888
v -0.372555 0.224018 -0.425669
v -0.599813 0.224018 -0.425669
v -0.599813 0.224018 -0.377888
v -0.372555 0.132377 -0.377888
v -0.372555 0.132377 -0.425669
v -0.599813 0.132377 -0.425669
v -0.599813 0.132377 -0.377888
v -0.346042 0.362242 -0.377490
v -0.346042 0.362242 -0.377490
v -0.346042 0.041501 -0.377490
v -0.346042 0.041501 -0.377490
v -0.599813 0.362242 -0.377490
v -0.599813 0.362242 -0.377490
v -0.599813 0.041501 -0.377490
v -0.599813 0.041501 -0.377490
vn -0.0000 1.0000 -0.0000
vn -0.0000 -0.0000 -1.0000
vn 1.0000 -0.0000 -0.0000
vn -0.0000 -0.0000 1.0000
vn -1.0000 -0.0000 -0.0000
vn -0.0000 -1.0000 -0.0000
vn -0.0001 1.0000 -0.0000
vn 0.0001 -1.0000 -0.0000
vt 0.756246 0.584906
vt 0.756246 0.365656
vt 0.792787 0.365656
vt 0.792787 0.584906
vt 0.986246 0.727056
vt 0.986246 0.702695
vt 0.998427 0.702695
vt 0.998427 0.727056
vt 0.423933 0.975539
vt 0.436113 0.975539
vt 0.436113 0.987719
vt 0.423933 0.987719
vt 0.986297 0.666286
vt 0.986297 0.641925
vt 0.998477 0.641925
vt 0.998477 0.666286
vt 0.954660 0.727189
vt 0.942479 0.727189
vt 0.942479 0.715009
vt 0.954660 0.715009
vt 0.197922 0.998807
vt 0.197922 0.974446
vt 0.210102 0.974446
vt 0.210102 0.998807
vt 0.998990 0.048757
vt 0.998990 0.073118
vt 0.986810 0.073118
vt 0.986810 0.048757
vt 0.986810 0.097496
vt 0.986810 0.073135
vt 0.998990 0.073135
vt 0.998990 0.097496
vt 0.810278 0.610593
vt 0.822458 0.610593
vt 0.822458 0.622774
vt 0.810278 0.622774
vt 0.986810 0.121857
vt 0.998990 0.121857
vt 0.436113 0.987719
vt 0.436113 0.975539
vt 0.448294 0.975539
vt 0.448294 0.987719
vt 0.986810 0.146253
vt 0.986810 0.121892
vt 0.998990 0.121892
vt 0.998990 0.146253
vt 0.998990 0.146270
vt 0.998990 0.170631
vt 0.986810 0.170631
vt 0.986810 0.146270
vt 0.986809 0.195026
vt 0.986809 0.170665
vt 0.998990 0.170665
vt 0.998990 0.195026
vt 0.927254 0.714867
vt 0.939434 0.714867
vt 0.939434 0.727048
vt 0.927254 0.727048
vt 0.288751 0.999045
vt 0.288751 0.974684
vt 0.300931 0.974684
vt 0.300931 0.999045
vt 0.962296 0.255793
vt 0.950115 0.255793
vt 0.950115 0.243612
vt 0.962296 0.243612
vt 0.357366 0.999045
vt 0.357366 0.974684
vt 0.369546 0.974684
vt 0.369546 0.999045
vt 0.028324 0.974970
vt 0.028324 0.999331
vt 0.016143 0.999331
vt 0.016143 0.974970
vt 0.829329 0.585886
vt 0.829329 0.341056
vt 0.865871 0.341056
vt 0.865871 0.585886
vt 0.792787 0.610485
vt 0.792787 0.365655
vt 0.829329 0.365655
vt 0.829329 0.610485
vt 0.865871 0.902493
vt 0.865871 0.683243
vt 0.902413 0.683243
vt 0.902413 0.902493
vt 0.902413 0.951172
vt 0.902413 0.731921
vt 0.938954 0.731921
vt 0.938954 0.951172
vt 0.389779 0.000000
vt 0.634608 0.000000
vt 0.634608 0.255792
vt 0.389779 0.255792
vt 0.194889 0.389778
vt 0.389779 0.255792
vt 0.634608 0.511584
vt 0.389779 0.511584
s 0
g pipe-cover_blue
usemtl blue
f 1720/3302/705 1717/3303/705 1718/3304/705 1719/3305/705
f 1724/3306/706 1727/3307/706 1725/3308/706 1722/3309/706
f 1723/3310/707 1724/3311/707 1722/3312/707 1721/3313/707
f 1728/3314/708 1723/3315/708 1721/3316/708 1726/3317/708
f 1727/3318/709 1728/3319/709 1726/3320/709 1725/3321/709
f 1726/3322/705 1721/3323/705 1722/3324/705 1725/3325/705
f 1727/3326/710 1724/3327/710 1723/3328/710 1728/3329/710
f 1732/3330/706 1735/3331/706 1733/3332/706 1730/3333/706
f 1731/3334/707 1732/3335/707 1730/3336/707 1729/3337/707
f 1736/3338/708 1731/3330/708 1729/3333/708 1734/3339/708
f 1735/3340/709 1736/3341/709 1734/3342/709 1733/3343/709
f 1734/3344/705 1729/3345/705 1730/3346/705 1733/3347/705
f 1735/3348/710 1732/3349/710 1731/3350/710 1736/3351/710
f 1740/3352/706 1743/3353/706 1741/3354/706 1738/3355/706
f 1739/3356/707 1740/3357/707 1738/3358/707 1737/3359/707
f 1744/3360/708 1739/3361/708 1737/3362/708 1742/3363/708
f 1743/3364/709 1744/3365/709 1742/3366/709 1741/3367/709
f 1742/3368/705 1737/3369/705 1738/3370/705 1741/3371/705
f 1743/3372/710 1740/3373/710 1739/3374/710 1744/3375/710
f 1748/3376/705 1745/3377/705 1746/3378/705 1747/3379/705
f 1752/3380/707 1749/3381/707 1750/3382/707 1751/3383/707
f 1756/3384/705 1753/3385/705 1754/3386/705 1755/3387/705
f 1760/3388/705 1757/3389/705 1758/3390/705 1759/3391/705
f 1764/3392/706 1767/3393/706 1765/3394/706 1762/3395/706
f 1763/3396/706 1764/3396/707 1762/3396/706 1761/3396/707
f 1768/3397/708 1763/3394/708 1761/3398/708 1766/3399/708
f 1767/3396/706 1768/3396/709 1766/3396/706 1765/3396/709
f 1766/3396/705 1761/3396/706 1762/3396/711 1765/3396/706
f 1767/3396/712 1764/3396/706 1763/3396/710 1768/3396/706
