# Blender 4.2.0
# www.blender.org
mtllib wood-gasifier.mtl
g condenser_condenser
v 1.026549 0.687133 0.126129
v 1.026549 0.687133 0.063629
v 1.063160 0.723745 0.126129
v 1.063160 0.723745 0.063629
v 1.063160 0.775521 0.126129
v 1.063160 0.775521 0.063629
v 1.026549 0.812133 0.126129
v 1.026549 0.812133 0.063629
v 0.974772 0.812133 0.126129
v 0.974772 0.812133 0.063629
v 0.938160 0.775521 0.126129
v 0.938160 0.775521 0.063629
v 0.938160 0.723745 0.126129
v 0.938160 0.723745 0.063629
v 0.974772 0.687133 0.126129
v 0.974772 0.687133 0.063629
v 1.188160 1.437133 0.751129
v 1.188160 1.437133 0.126129
v 1.188160 0.562133 0.751129
v 1.188160 0.562133 0.126129
v 0.813160 1.437133 0.126129
v 0.813160 1.437133 0.751129
v 0.813160 0.562133 0.126129
v 0.813160 0.562133 0.751129
v 1.029137 0.680883 0.063629
v 1.029137 0.680883 0.051129
v 1.069411 0.721156 0.063629
v 1.069411 0.721156 0.051129
v 1.069411 0.778110 0.063629
v 1.069411 0.778110 0.051129
v 1.029137 0.818383 0.063629
v 1.029137 0.818383 0.051129
v 0.972183 0.818383 0.063629
v 0.972183 0.818383 0.051129
v 0.931911 0.778110 0.063629
v 0.931911 0.778110 0.051129
v 0.931911 0.721156 0.063629
v 0.931911 0.721156 0.051129
v 0.972183 0.680883 0.063629
v 0.972183 0.680883 0.051129
vn 0.7071 -0.7071 -0.0000
vn 1.0000 -0.0000 -0.0000
vn 0.7071 0.7071 -0.0000
vn -0.0000 1.0000 -0.0000
vn -0.7071 0.7071 -0.0000
vn -1.0000 -0.0000 -0.0000
vn -0.7071 -0.7071 -0.0000
vn -0.0000 -1.0000 -0.0000
vn -0.0000 -0.0000 -1.0000
vn -0.0000 -0.0000 1.0000
vt 0.750000 0.606635
vt 0.714286 0.606635
vt 0.714286 0.585714
vt 0.750000 0.585714
vt 0.750000 0.636222
vt 0.714286 0.636222
vt 0.750000 0.657143
vt 0.714286 0.657143
vt 0.714286 0.692857
vt 0.714286 0.657143
vt 0.743872 0.657143
vt 0.743872 0.692857
vt 0.750000 0.535207
vt 0.714286 0.535207
vt 0.714286 0.514286
vt 0.750000 0.514286
vt 0.750000 0.564793
vt 0.714286 0.564793
vt 0.750000 0.585714
vt 0.714286 0.585714
vt 0.714286 0.728571
vt 0.714286 0.692857
vt 0.743872 0.692857
vt 0.743872 0.728571
vt 0.000000 0.500000
vt 0.214286 0.500000
vt 0.214286 1.000000
vt 0.000000 1.000000
vt 0.000000 -0.000000
vt 0.357143 -0.000000
vt 0.357143 0.500000
vt -0.000000 0.500000
vt 0.428571 0.500000
vt 0.428571 1.000000
vt 0.714286 0.500000
vt 0.357143 0.500000
vt 0.357143 -0.000000
vt 0.714286 -0.000000
vt 0.428571 0.500000
vt 0.642857 0.500000
vt 0.642857 0.857143
vt 0.428571 0.857143
vt 0.928571 0.357143
vt 0.714286 0.357143
vt 0.714286 0.000000
vt 0.928571 0.000000
vt 0.721429 0.862701
vt 0.714286 0.862701
vt 0.714286 0.839688
vt 0.721429 0.839688
vt 0.721429 0.950805
vt 0.714286 0.950805
vt 0.714286 0.918260
vt 0.721429 0.918260
vt 0.721429 0.885714
vt 0.714286 0.885714
vt 0.714286 0.862701
vt 0.721429 0.862701
vt 0.721429 0.918259
vt 0.714286 0.918259
vt 0.721429 0.751585
vt 0.714286 0.751585
vt 0.714286 0.728571
vt 0.721429 0.728571
vt 0.721429 0.784130
vt 0.714286 0.784130
vt 0.721429 0.807143
vt 0.714286 0.807143
vt 0.769844 0.357143
vt 0.792857 0.380156
vt 0.792857 0.412701
vt 0.769844 0.435714
vt 0.737299 0.435714
vt 0.714286 0.412701
vt 0.714286 0.380156
vt 0.737299 0.357143
vt 0.714286 0.807143
vt 0.721429 0.807143
vt 0.737299 0.435714
vt 0.769844 0.435714
vt 0.792857 0.458727
vt 0.792857 0.491273
vt 0.769844 0.514286
vt 0.737299 0.514286
vt 0.714286 0.491273
vt 0.714286 0.458727
s 0
g condenser_wood-gasifier-condenser
usemtl wood-gasifier-condenser
f 4/1/1 3/2/1 1/3/1 2/4/1
f 6/5/2 5/6/2 3/2/2 4/1/2
f 8/7/3 7/8/3 5/6/3 6/5/3
f 10/9/4 9/10/4 7/11/4 8/12/4
f 12/13/5 11/14/5 9/15/5 10/16/5
f 14/17/6 13/18/6 11/14/6 12/13/6
f 16/19/7 15/20/7 13/18/7 14/17/7
f 2/21/8 1/22/8 15/23/8 16/24/8
f 20/25/9 23/26/9 21/27/9 18/28/9
f 19/29/2 20/30/2 18/31/2 17/32/2
f 24/26/10 19/33/10 17/34/10 22/27/10
f 23/35/6 24/36/6 22/37/6 21/38/6
f 22/39/4 17/40/4 18/41/4 21/42/4
f 23/43/8 20/44/8 19/45/8 24/46/8
f 28/47/1 27/48/1 25/49/1 26/50/1
f 30/51/2 29/52/2 27/53/2 28/54/2
f 32/55/3 31/56/3 29/57/3 30/58/3
f 34/59/4 33/60/4 31/56/4 32/55/4
f 36/61/5 35/62/5 33/63/5 34/64/5
f 38/65/6 37/66/6 35/62/6 36/61/6
f 40/67/7 39/68/7 37/66/7 38/65/7
f 26/69/9 40/70/9 38/71/9 36/72/9 34/73/9 32/74/9 30/75/9 28/76/9
f 26/50/8 25/49/8 39/77/8 40/78/8
f 25/79/10 27/80/10 29/81/10 31/82/10 33/83/10 35/84/10 37/85/10 39/86/10
g firebox_firebox
v 1.601141 0.124633 0.813630
v 1.601141 1.999633 0.813629
v 1.775179 0.124633 0.713148
v 1.775179 1.999633 0.713148
v 1.875660 0.124633 0.539110
v 1.875660 1.999633 0.539110
v 1.875660 0.124633 0.338149
v 1.875660 1.999633 0.338148
v 1.775179 0.124633 0.164110
v 1.775179 1.999633 0.164110
v 1.601141 0.124633 0.063630
v 1.601141 1.999633 0.063629
v 1.400180 0.124633 0.063630
v 1.400180 1.999633 0.063629
v 1.226141 0.124633 0.164110
v 1.226141 1.999633 0.164110
v 1.125660 0.124633 0.338149
v 1.125660 1.999633 0.338148
v 1.125660 0.124633 0.539110
v 1.125660 1.999633 0.539110
v 1.226141 0.124633 0.713148
v 1.226141 1.999633 0.713148
v 1.400180 0.124633 0.813630
v 1.400180 1.999633 0.813629
v 1.938160 2.062133 0.313629
v 1.938160 2.062133 0.251129
v 1.938160 1.999633 0.313629
v 1.938160 1.999633 0.251129
v 1.750660 2.062133 0.251129
v 1.750660 2.062133 0.313629
v 1.750660 1.999633 0.251129
v 1.750660 1.999633 0.313629
v 1.938160 2.062133 0.626129
v 1.938160 2.062133 0.563629
v 1.938160 1.999633 0.626129
v 1.938160 1.999633 0.563629
v 1.750660 2.062133 0.563629
v 1.750660 2.062133 0.626129
v 1.750660 1.999633 0.563629
v 1.750660 1.999633 0.626129
v 1.938160 2.062133 0.501129
v 1.938160 2.062133 0.376129
v 1.938160 1.937133 0.501129
v 1.938160 1.937133 0.376129
v 1.875660 2.062133 0.376129
v 1.875660 2.062133 0.501129
v 1.875660 1.937133 0.376129
v 1.875660 1.937133 0.501129
v 1.911016 2.055883 0.657379
v 1.911016 2.055883 0.219879
v 1.925660 2.041238 0.657379
v 1.925660 2.041238 0.219879
v 1.925660 2.020528 0.657379
v 1.925660 2.020528 0.219879
v 1.911016 2.005883 0.657379
v 1.911016 2.005883 0.219879
v 1.890306 2.005883 0.657379
v 1.890306 2.005883 0.219879
v 1.875660 2.020528 0.657379
v 1.875660 2.020528 0.219879
v 1.875660 2.041238 0.657379
v 1.875660 2.041238 0.219879
v 1.890306 2.055883 0.657379
v 1.890306 2.055883 0.219879
v 1.513604 2.144750 0.469879
v 1.513604 2.207250 0.469879
v 1.531910 2.144750 0.451573
v 1.531910 2.207250 0.451573
v 1.531910 2.144750 0.425685
v 1.531910 2.207250 0.425685
v 1.513604 2.144750 0.407379
v 1.513604 2.207250 0.407379
v 1.487716 2.144750 0.407379
v 1.487716 2.207250 0.407379
v 1.469410 2.144750 0.425685
v 1.469410 2.207250 0.425685
v 1.469410 2.144750 0.451573
v 1.469410 2.207250 0.451573
v 1.487716 2.144750 0.469879
v 1.487716 2.207250 0.469879
v 1.539494 0.218383 0.151129
v 1.539494 0.218383 0.026129
v 1.594410 0.273300 0.151129
v 1.594410 0.273300 0.026129
v 1.594410 0.350965 0.151129
v 1.594410 0.350965 0.026129
v 1.539494 0.405883 0.151129
v 1.539494 0.405883 0.026129
v 1.461828 0.405883 0.151129
v 1.461828 0.405883 0.026129
v 1.406910 0.350965 0.151129
v 1.406910 0.350965 0.026129
v 1.406910 0.273300 0.151129
v 1.406910 0.273300 0.026129
v 1.461828 0.218383 0.151129
v 1.461828 0.218383 0.026129
v 1.547260 0.199633 0.026129
v 1.547260 0.199633 0.013629
v 1.613160 0.265534 0.026129
v 1.613160 0.265534 0.013629
v 1.613160 0.358732 0.026129
v 1.613160 0.358732 0.013629
v 1.547260 0.424633 0.026129
v 1.547260 0.424633 0.013629
v 1.454062 0.424633 0.026129
v 1.454062 0.424633 0.013629
v 1.388160 0.358732 0.026129
v 1.388160 0.358732 0.013629
v 1.388160 0.265534 0.026129
v 1.388160 0.265534 0.013629
v 1.454062 0.199633 0.026129
v 1.454062 0.199633 0.013629
v 1.502251 2.153701 0.440332
v 1.403436 1.998925 0.064279
v 1.417045 2.076851 0.114788
v 1.453214 2.132667 0.252426
v 1.604389 1.997621 0.065709
v 1.591076 2.075721 0.116026
v 1.553690 2.132014 0.253142
v 1.777704 1.996272 0.167425
v 1.741169 2.074553 0.204115
v 1.640348 2.132176 0.304006
v 1.876939 1.995239 0.342173
v 1.827111 2.073659 0.355451
v 1.689965 2.131660 0.391380
v 1.875506 1.994800 0.543129
v 1.825871 2.073279 0.529485
v 1.689250 2.131440 0.491859
v 1.773789 1.995073 0.716448
v 1.737781 2.073515 0.679583
v 1.638391 2.131576 0.578517
v 1.599042 1.995983 0.815688
v 1.586446 2.074303 0.765527
v 1.551018 2.132032 0.628137
v 1.398089 1.997288 0.814258
v 1.412416 2.075433 0.764289
v 1.450541 2.132684 0.627423
v 1.224777 1.998637 0.712542
v 1.262321 2.076602 0.676200
v 1.363884 2.133358 0.576564
v 1.125540 1.999669 0.537793
v 1.176379 2.077496 0.524864
v 1.314266 2.133875 0.489190
v 1.126972 2.000108 0.336837
v 1.177621 2.077875 0.350830
v 1.314982 2.134094 0.388713
v 1.228689 1.999836 0.163519
v 1.265710 2.077640 0.200732
v 1.365842 2.133958 0.302052
v 1.126972 2.000108 0.336837
v 1.228689 1.999836 0.163519
v 1.224777 1.998637 0.712542
v 1.125540 1.999669 0.537793
vn 0.5000 -0.0000 0.8660
vn 0.8660 -0.0000 0.5000
vn 1.0000 -0.0000 -0.0000
vn 0.8660 -0.0000 -0.5000
vn 0.5000 -0.0000 -0.8660
vn -0.0000 -0.0000 -1.0000
vn -0.5000 -0.0000 -0.8660
vn -0.8660 -0.0000 -0.5000
vn -1.0000 -0.0000 -0.0000
vn -0.8660 -0.0000 0.5000
vn -0.5000 -0.0000 0.8660
vn -0.0000 -0.0000 1.0000
vn -0.0000 1.0000 -0.0000
vn -0.0000 -1.0000 -0.0000
vn 0.7071 0.7071 -0.0000
vn 0.7071 -0.7071 -0.0000
vn -0.7071 -0.7071 -0.0000
vn -0.7071 0.7071 -0.0000
vn 0.7071 -0.0000 0.7071
vn 0.7071 -0.0000 -0.7071
vn -0.7071 -0.0000 -0.7071
vn -0.7071 -0.0000 0.7071
vn 0.0095 0.5427 -0.8399
vn 0.0087 0.9259 -0.3777
vn 0.0073 0.9936 -0.1131
vn 0.4292 0.5397 -0.7242
vn 0.1970 0.9235 -0.3290
vn 0.0566 0.9934 -0.0995
vn 0.7349 0.5371 -0.4141
vn 0.3404 0.9213 -0.1879
vn 0.1029 0.9933 -0.0526
vn 0.8446 0.5354 0.0072
vn 0.3906 0.9206 0.0048
vn 0.1174 0.9931 0.0030
vn 0.7289 0.5352 0.4269
vn 0.3377 0.9205 0.1967
vn 0.1021 0.9931 0.0584
vn 0.4188 0.5366 0.7326
vn 0.1959 0.9211 0.3365
vn 0.0612 0.9932 0.0987
vn -0.0025 0.5390 0.8423
vn 0.0032 0.9222 0.3867
vn 0.0056 0.9936 0.1132
vn -0.4222 0.5420 0.7266
vn -0.1887 0.9236 0.3338
vn -0.0497 0.9940 0.0979
vn -0.7279 0.5447 0.4166
vn -0.3285 0.9248 0.1920
vn -0.0900 0.9943 0.0570
vn -0.8376 0.5463 -0.0048
vn -0.3786 0.9256 -0.0007
vn -0.1045 0.9945 0.0014
vn -0.7219 0.5465 -0.4245
vn -0.3257 0.9256 -0.1926
vn -0.0893 0.9945 -0.0539
vn -0.4118 0.5452 -0.7302
vn -0.1803 0.9260 -0.3317
vn -0.0423 0.9941 -0.1002
vt 0.583518 0.000001
vt 0.652446 0.002239
vt 0.652446 0.743780
vt 0.583518 0.741542
vt 0.217482 0.002010
vt 0.286448 -0.000000
vt 0.286448 0.741765
vt 0.217482 0.743775
vt 0.366052 0.000003
vt 0.366052 0.741768
vt 0.434964 0.002017
vt 0.434964 0.743783
vt 0.217482 0.741536
vt 0.148504 0.743786
vt 0.148504 0.002261
vt 0.217482 0.000012
vt 0.068900 0.743781
vt 0.068900 0.002257
vt 0.000000 0.741524
vt 0.000000 0.000000
vt 0.869928 0.742715
vt 0.800989 0.742715
vt 0.800989 0.000000
vt 0.869928 0.000000
vt 0.721385 0.742715
vt 0.721385 0.000000
vt 0.652446 0.742715
vt 0.652446 0.000000
vt 0.434964 0.002236
vt 0.503914 -0.000000
vt 0.503914 0.741541
vt 0.434964 0.743777
vt 0.074247 0.793302
vt 0.074247 0.867573
vt 0.049530 0.867575
vt 0.049530 0.793303
vt 0.563461 0.832907
vt 0.563461 0.857664
vt 0.538736 0.857665
vt 0.538736 0.832908
vt 0.074247 0.867574
vt 0.074247 0.793302
vt 0.098965 0.793302
vt 0.098965 0.867573
vt 0.154520 0.842815
vt 0.129763 0.842815
vt 0.129763 0.818057
vt 0.154520 0.818057
vt 0.217482 0.743786
vt 0.217482 0.818056
vt 0.192725 0.818057
vt 0.192725 0.743786
vt 0.154520 0.743786
vt 0.154520 0.818057
vt 0.129763 0.818057
vt 0.129763 0.743786
vt 0.291319 0.796301
vt 0.291319 0.870572
vt 0.266601 0.870574
vt 0.266601 0.796302
vt 0.538736 0.832907
vt 0.538736 0.857664
vt 0.514010 0.857665
vt 0.514010 0.832907
vt 0.024796 0.867572
vt 0.024796 0.793301
vt 0.049514 0.793300
vt 0.049514 0.867572
vt 0.098965 0.843068
vt 0.098965 0.818311
vt 0.123723 0.818311
vt 0.123723 0.843068
vt 0.024757 0.793300
vt 0.024757 0.867571
vt -0.000000 0.867571
vt -0.000000 0.793300
vt 0.179277 0.743786
vt 0.179277 0.818057
vt 0.217482 0.867493
vt 0.192725 0.867491
vt 0.192725 0.818057
vt 0.217482 0.818058
vt 0.098965 0.743786
vt 0.098965 0.793300
vt 0.049514 0.793302
vt 0.049514 0.743787
vt 0.410207 0.818054
vt 0.434964 0.818055
vt 0.434964 0.867491
vt 0.410207 0.867490
vt 0.000000 0.793300
vt 0.000000 0.743786
vt 0.049514 0.743786
vt 0.049514 0.793300
vt 0.385450 0.818054
vt 0.410207 0.818054
vt 0.410207 0.867569
vt 0.385450 0.867569
vt 0.316076 0.845815
vt 0.291319 0.845815
vt 0.291319 0.796301
vt 0.316076 0.796301
vt 0.252321 0.743783
vt 0.258408 0.743787
vt 0.258408 0.917087
vt 0.252321 0.917083
vt 0.266601 0.743786
vt 0.266601 0.917086
vt 0.238317 0.743783
vt 0.244118 0.743783
vt 0.244118 0.917083
vt 0.238317 0.917083
vt 0.252321 0.743783
vt 0.252321 0.917083
vt 0.365644 0.743783
vt 0.371445 0.743783
vt 0.371445 0.917083
vt 0.365644 0.917083
vt 0.379649 0.743783
vt 0.379649 0.917083
vt 0.385450 0.743783
vt 0.385450 0.917083
vt 0.218540 0.819609
vt 0.224332 0.813808
vt 0.232523 0.813808
vt 0.238314 0.819609
vt 0.238314 0.827813
vt 0.232522 0.833614
vt 0.224331 0.833614
vt 0.218540 0.827813
vt 0.903786 0.434955
vt 0.911990 0.434955
vt 0.911990 0.608255
vt 0.903786 0.608255
vt 0.238314 0.799803
vt 0.238314 0.808007
vt 0.232522 0.813808
vt 0.224332 0.813808
vt 0.218540 0.808007
vt 0.218540 0.799803
vt 0.224332 0.794002
vt 0.232523 0.794002
vt 0.220804 0.769277
vt 0.228060 0.768910
vt 0.228060 0.793636
vt 0.220804 0.794002
vt 0.238314 0.768911
vt 0.238314 0.793636
vt 0.238317 0.768500
vt 0.231058 0.768911
vt 0.231058 0.744193
vt 0.238317 0.743783
vt 0.220804 0.768910
vt 0.220804 0.744192
vt 0.179278 0.842814
vt 0.172026 0.842814
vt 0.172026 0.818057
vt 0.179278 0.818057
vt 0.161772 0.842814
vt 0.161772 0.818057
vt 0.154520 0.842814
vt 0.154520 0.818057
vt 0.588218 0.840158
vt 0.588218 0.850412
vt 0.580967 0.857664
vt 0.570712 0.857664
vt 0.563461 0.850413
vt 0.563461 0.840158
vt 0.570712 0.832907
vt 0.580967 0.832907
vt 0.346880 0.797334
vt 0.357135 0.797334
vt 0.357135 0.822052
vt 0.346880 0.822052
vt 0.434964 0.818054
vt 0.385450 0.796301
vt 0.434964 0.796301
vt 0.316116 0.766609
vt 0.365630 0.766609
vt 0.365631 0.797334
vt 0.316117 0.797334
vt 0.316130 0.743783
vt 0.365644 0.743783
vt 0.316116 0.846848
vt 0.316116 0.797334
vt 0.346880 0.797334
vt 0.346880 0.846848
vt 0.316116 0.765537
vt 0.266601 0.765537
vt 0.266601 0.743783
vt 0.316116 0.743783
vt 0.316116 0.796301
vt 0.266601 0.796301
vt 0.434964 0.765536
vt 0.385450 0.765536
vt 0.385450 0.743783
vt 0.434964 0.743783
vt 0.443533 0.832906
vt 0.438581 0.832906
vt 0.438581 0.806802
vt 0.443533 0.806802
vt 0.187763 0.771178
vt 0.192715 0.771177
vt 0.192725 0.808047
vt 0.187773 0.808048
vt 0.187773 0.743787
vt 0.192725 0.743786
vt 0.357135 0.797334
vt 0.362086 0.797334
vt 0.362086 0.834250
vt 0.357135 0.834250
vt 0.187763 0.769890
vt 0.182812 0.769890
vt 0.182812 0.743786
vt 0.187763 0.743786
vt 0.187763 0.806807
vt 0.182812 0.806807
vt 0.563461 0.769883
vt 0.563461 0.806800
vt 0.537399 0.832906
vt 0.500541 0.832908
vt 0.474478 0.806805
vt 0.474478 0.769888
vt 0.500541 0.743783
vt 0.537399 0.743780
vt 0.443533 0.769885
vt 0.438581 0.769885
vt 0.438581 0.743780
vt 0.443533 0.743780
vt 0.563461 0.769886
vt 0.589524 0.743781
vt 0.626383 0.743780
vt 0.652446 0.769884
vt 0.652446 0.806801
vt 0.626383 0.832906
vt 0.589524 0.832907
vt 0.563461 0.806803
vt 0.903786 0.583238
vt 0.871803 0.578023
vt 0.871803 0.509085
vt 0.903786 0.503635
vt 0.652446 0.905827
vt 0.706849 0.891281
vt 0.726751 0.925751
vt 0.686916 0.965531
vt 0.781134 0.871385
vt 0.869928 0.449607
vt 0.901621 0.434955
vt 0.761221 0.945650
vt 0.746618 1.000000
vt 0.901655 0.434955
vt 0.869928 0.420471
vt 0.871894 0.360544
vt 0.903925 0.365757
vt 0.801023 0.945649
vt 0.815557 1.000000
vt 0.871894 0.291606
vt 0.903925 0.286155
vt 0.835493 0.925748
vt 0.875261 0.965531
vt 0.869928 0.232129
vt 0.901655 0.217478
vt 0.855393 0.891279
vt 0.909730 0.905828
vt 0.872254 -0.000000
vt 0.903999 0.014486
vt 0.901985 0.074411
vt 0.869928 0.069195
vt 0.855393 0.851477
vt 0.909730 0.836889
vt 0.901985 0.143348
vt 0.869928 0.148798
vt 0.835493 0.817007
vt 0.875261 0.777185
vt 0.903999 0.202827
vt 0.872254 0.217478
vt 0.801023 0.797107
vt 0.815558 0.742716
vt 0.098966 0.743786
vt 0.129763 0.758364
vt 0.129763 0.818311
vt 0.098966 0.813008
vt 0.761221 0.797106
vt 0.746619 0.742715
vt 0.443533 0.743780
vt 0.474359 0.748916
vt 0.474478 0.817853
vt 0.443671 0.823382
vt 0.726752 0.817007
vt 0.686916 0.777185
vt 0.474359 0.877309
vt 0.443533 0.892036
vt 0.706850 0.851477
vt 0.652446 0.836888
vt 0.901621 0.652433
vt 0.869928 0.637948
s 0
g firebox_wood-gasifier-firebox
usemtl wood-gasifier-firebox
f 41/87/11 43/88/11 44/89/11 42/90/11
f 43/91/12 45/92/12 46/93/12 44/94/12
f 45/92/13 47/95/13 48/96/13 46/93/13
f 47/95/14 49/97/14 50/98/14 48/96/14
f 49/99/15 51/100/15 52/101/15 50/102/15
f 51/100/16 53/103/16 54/104/16 52/101/16
f 53/103/17 55/105/17 56/106/17 54/104/17
f 55/107/18 57/108/18 58/109/18 56/110/18
f 57/108/19 59/111/19 60/112/19 58/109/19
f 59/111/20 61/113/20 62/114/20 60/112/20
f 61/115/21 63/116/21 64/117/21 62/118/21
f 63/116/22 41/87/22 42/90/22 64/117/22
f 68/119/16 71/120/16 69/121/16 66/122/16
f 67/123/13 68/124/13 66/125/13 65/126/13
f 72/127/22 67/128/22 65/129/22 70/130/22
f 71/131/19 72/132/19 70/133/19 69/134/19
f 70/135/23 65/136/23 66/137/23 69/138/23
f 71/139/24 68/140/24 67/141/24 72/142/24
f 76/143/16 79/144/16 77/145/16 74/146/16
f 75/147/13 76/148/13 74/149/13 73/150/13
f 80/151/22 75/152/22 73/153/22 78/154/22
f 79/155/19 80/156/19 78/157/19 77/158/19
f 78/159/23 73/160/23 74/161/23 77/162/23
f 79/163/24 76/164/24 75/140/24 80/139/24
f 84/165/16 87/166/16 85/167/16 82/168/16
f 83/169/13 84/170/13 82/171/13 81/172/13
f 88/173/22 83/174/22 81/175/22 86/176/22
f 87/177/19 88/178/19 86/179/19 85/180/19
f 86/181/23 81/182/23 82/183/23 85/184/23
f 87/185/24 84/186/24 83/187/24 88/188/24
f 89/189/25 91/190/25 92/191/25 90/192/25
f 91/190/13 93/193/13 94/194/13 92/191/13
f 93/195/26 95/196/26 96/197/26 94/198/26
f 95/196/24 97/199/24 98/200/24 96/197/24
f 97/201/27 99/202/27 100/203/27 98/204/27
f 99/202/19 101/205/19 102/206/19 100/203/19
f 101/205/28 103/207/28 104/208/28 102/206/28
f 90/209/16 92/210/16 94/211/16 96/212/16 98/213/16 100/214/16 102/215/16 104/216/16
f 103/217/23 89/218/23 90/219/23 104/220/23
f 89/221/22 103/222/22 101/223/22 99/224/22 97/225/22 95/226/22 93/227/22 91/228/22
f 105/229/29 107/230/29 108/231/29 106/232/29
f 107/230/13 109/233/13 110/234/13 108/231/13
f 109/235/30 111/236/30 112/237/30 110/238/30
f 111/236/16 113/239/16 114/240/16 112/237/16
f 113/241/31 115/242/31 116/243/31 114/244/31
f 115/242/19 117/245/19 118/246/19 116/243/19
f 117/245/32 119/247/32 120/248/32 118/246/32
f 106/249/23 108/250/23 110/251/23 112/252/23 114/253/23 116/254/23 118/255/23 120/256/23
f 119/257/22 105/258/22 106/259/22 120/260/22
f 124/261/26 123/181/26 121/262/26 122/263/26
f 126/264/13 125/265/13 123/266/13 124/267/13
f 128/268/25 127/269/25 125/265/25 126/264/25
f 130/270/23 129/271/23 127/272/23 128/273/23
f 132/274/28 131/275/28 129/276/28 130/277/28
f 134/278/19 133/279/19 131/275/19 132/274/19
f 136/280/27 135/281/27 133/282/27 134/283/27
f 122/263/24 121/262/24 135/281/24 136/280/24
f 140/284/26 139/285/26 137/286/26 138/287/26
f 142/288/13 141/289/13 139/290/13 140/291/13
f 144/292/25 143/293/25 141/289/25 142/288/25
f 146/294/23 145/295/23 143/296/23 144/297/23
f 148/298/28 147/299/28 145/300/28 146/301/28
f 150/302/19 149/303/19 147/299/19 148/298/19
f 138/304/16 152/305/16 150/306/16 148/307/16 146/308/16 144/309/16 142/310/16 140/311/16
f 152/312/27 151/313/27 149/314/27 150/315/27
f 137/316/22 139/317/22 141/318/22 143/319/22 145/320/22 147/321/22 149/322/22 151/323/22
f 138/287/24 137/286/24 151/313/24 152/312/24
f 154/324/33 155/325/33 158/326/33 157/327/33
f 155/328/34 156/329/34 159/330/34 158/331/34
f 159/330/35 156/329/35 153/332/35
f 157/327/36 158/326/36 161/333/36 160/334/36
f 158/331/37 159/330/37 162/335/37 161/336/37
f 162/335/38 159/330/38 153/332/38
f 160/337/39 161/338/39 164/339/39 163/340/39
f 161/336/40 162/335/40 165/341/40 164/342/40
f 165/341/41 162/335/41 153/332/41
f 163/340/42 164/339/42 167/343/42 166/344/42
f 164/342/43 165/341/43 168/345/43 167/346/43
f 168/345/44 165/341/44 153/332/44
f 166/344/45 167/343/45 170/347/45 169/348/45
f 167/346/46 168/345/46 171/349/46 170/350/46
f 171/349/47 168/345/47 153/332/47
f 169/351/48 170/352/48 173/353/48 172/354/48
f 170/350/49 171/349/49 174/355/49 173/356/49
f 174/355/50 171/349/50 153/332/50
f 172/354/51 173/353/51 176/357/51 175/358/51
f 173/356/52 174/355/52 177/359/52 176/360/52
f 177/359/53 174/355/53 153/332/53
f 175/358/54 176/357/54 179/361/54 192/362/54
f 176/360/55 177/359/55 180/363/55 179/364/55
f 180/363/56 177/359/56 153/332/56
f 178/365/57 179/366/57 182/367/57 193/368/57
f 179/364/58 180/363/58 183/369/58 182/370/58
f 183/369/59 180/363/59 153/332/59
f 181/371/60 182/372/60 185/373/60 184/374/60
f 182/370/61 183/369/61 186/375/61 185/376/61
f 186/375/62 183/369/62 153/332/62
f 184/374/63 185/373/63 188/377/63 187/378/63
f 185/376/64 186/375/64 189/379/64 188/380/64
f 189/379/65 186/375/65 153/332/65
f 187/381/66 188/382/66 155/325/66 154/324/66
f 188/380/67 189/379/67 156/329/67 155/328/67
f 156/329/68 189/379/68 153/332/68
l 190 191
g gas-filter_gas-filter
v 0.401548 0.249633 0.876130
v 0.401548 0.249633 0.688630
v 0.438160 0.286245 0.876130
v 0.438160 0.286245 0.688630
v 0.438160 0.338021 0.876130
v 0.438160 0.338021 0.688630
v 0.401548 0.374633 0.876130
v 0.401548 0.374633 0.688630
v 0.349772 0.374633 0.876130
v 0.349772 0.374633 0.688630
v 0.313160 0.338021 0.876130
v 0.313160 0.338021 0.688630
v 0.313160 0.286245 0.876130
v 0.313160 0.286245 0.688630
v 0.349772 0.249633 0.876130
v 0.349772 0.249633 0.688630
v 0.620456 1.943226 0.797302
v 0.620456 2.080726 0.797302
v 0.630458 1.943226 0.799982
v 0.630458 2.080726 0.799982
v 0.639426 1.943226 0.794805
v 0.639426 2.080726 0.794805
v 0.642106 1.943226 0.784802
v 0.642106 2.080726 0.784802
v 0.636930 1.943226 0.775834
v 0.636930 2.080726 0.775834
v 0.626926 1.943226 0.773154
v 0.626926 2.080726 0.773154
v 0.617958 1.943226 0.778332
v 0.617958 2.080726 0.778332
v 0.615278 1.943226 0.788334
v 0.615278 2.080726 0.788334
v 0.625567 1.999476 0.826909
v 0.668868 1.999476 0.801909
v 0.625567 1.968226 0.826909
v 0.668868 1.968226 0.801909
v 0.578243 1.999476 0.644942
v 0.534943 1.999476 0.669942
v 0.578243 1.968226 0.644942
v 0.534943 1.968226 0.669942
v 0.625567 2.061976 0.826909
v 0.668868 2.061976 0.801909
v 0.625567 2.030726 0.826909
v 0.668868 2.030726 0.801909
v 0.578243 2.061976 0.644942
v 0.534943 2.061976 0.669942
v 0.578243 2.030726 0.644942
v 0.534943 2.030726 0.669942
v 0.616337 2.080726 0.802669
v 0.616337 2.093226 0.802669
v 0.631341 2.080726 0.806689
v 0.631341 2.093226 0.806689
v 0.644794 2.080726 0.798923
v 0.644794 2.093226 0.798923
v 0.648813 2.080726 0.783919
v 0.648813 2.093226 0.783919
v 0.641047 2.080726 0.770467
v 0.641047 2.093226 0.770467
v 0.626043 2.080726 0.766447
v 0.626043 2.093226 0.766447
v 0.612592 2.080726 0.774213
v 0.612592 2.093226 0.774213
v 0.608571 2.080726 0.789217
v 0.608571 2.093226 0.789217
v 0.246754 1.943526 0.088444
v 0.246754 2.081026 0.088444
v 0.236752 1.943526 0.085764
v 0.236752 2.081026 0.085764
v 0.227784 1.943526 0.090942
v 0.227784 2.081026 0.090942
v 0.225104 1.943526 0.100944
v 0.225104 2.081026 0.100944
v 0.230281 1.943526 0.109912
v 0.230281 2.081026 0.109912
v 0.240284 1.943526 0.112593
v 0.240284 2.081026 0.112593
v 0.249252 1.943526 0.107415
v 0.249252 2.081026 0.107415
v 0.251932 1.943526 0.097412
v 0.251932 2.081026 0.097412
v 0.241643 1.999776 0.058838
v 0.198341 1.999776 0.083838
v 0.241643 1.968526 0.058838
v 0.198341 1.968526 0.083838
v 0.288966 1.999776 0.240805
v 0.332268 1.999776 0.215805
v 0.288966 1.968526 0.240805
v 0.332268 1.968526 0.215805
v 0.241643 2.062276 0.058838
v 0.198341 2.062276 0.083838
v 0.241643 2.031026 0.058838
v 0.198341 2.031026 0.083838
v 0.288966 2.062276 0.240805
v 0.332268 2.062276 0.215805
v 0.288966 2.031026 0.240805
v 0.332268 2.031026 0.215805
v 0.250872 2.081026 0.083077
v 0.250872 2.093526 0.083077
v 0.235869 2.081026 0.079057
v 0.235869 2.093526 0.079057
v 0.222417 2.081026 0.086824
v 0.222417 2.093526 0.086824
v 0.218396 2.081026 0.101827
v 0.218396 2.093526 0.101827
v 0.226163 2.081026 0.115279
v 0.226163 2.093526 0.115279
v 0.241167 2.081026 0.119300
v 0.241167 2.093526 0.119300
v 0.254619 2.081026 0.111533
v 0.254619 2.093526 0.111533
v 0.258639 2.081026 0.096529
v 0.258639 2.093526 0.096529
v 0.079481 1.943412 0.629715
v 0.079481 2.080912 0.629715
v 0.076801 1.943412 0.639718
v 0.076801 2.080912 0.639718
v 0.081978 1.943412 0.648686
v 0.081978 2.080912 0.648686
v 0.091981 1.943412 0.651366
v 0.091981 2.080912 0.651366
v 0.100949 1.943412 0.646188
v 0.100949 2.080912 0.646188
v 0.103629 1.943412 0.636186
v 0.103629 2.080912 0.636186
v 0.098451 1.943412 0.627218
v 0.098451 2.080912 0.627218
v 0.088449 1.943412 0.624537
v 0.088449 2.080912 0.624537
v 0.049874 1.999662 0.634827
v 0.074874 1.999662 0.678128
v 0.049874 1.968412 0.634827
v 0.074874 1.968412 0.678128
v 0.231841 1.999662 0.587503
v 0.206841 1.999662 0.544202
v 0.231841 1.968412 0.587503
v 0.206841 1.968412 0.544202
v 0.049874 2.062162 0.634827
v 0.074874 2.062162 0.678128
v 0.049874 2.030912 0.634827
v 0.074874 2.030912 0.678128
v 0.231841 2.062162 0.587503
v 0.206841 2.062162 0.544202
v 0.231841 2.030912 0.587503
v 0.206841 2.030912 0.544202
v 0.074114 2.080912 0.625597
v 0.074114 2.093412 0.625597
v 0.070094 2.080912 0.640601
v 0.070094 2.093412 0.640601
v 0.077860 2.080912 0.654053
v 0.077860 2.093412 0.654053
v 0.092864 2.080912 0.658073
v 0.092864 2.093412 0.658073
v 0.106316 2.080912 0.650306
v 0.106316 2.093412 0.650306
v 0.110336 2.080912 0.635303
v 0.110336 2.093412 0.635303
v 0.102569 2.080912 0.621851
v 0.102569 2.093412 0.621851
v 0.087566 2.080912 0.617830
v 0.087566 2.093412 0.617830
v 0.788338 1.943711 0.256014
v 0.788338 2.081211 0.256014
v 0.791019 1.943711 0.246011
v 0.791019 2.081211 0.246011
v 0.785841 1.943711 0.237043
v 0.785841 2.081211 0.237043
v 0.775838 1.943711 0.234363
v 0.775838 2.081211 0.234363
v 0.766870 1.943711 0.239541
v 0.766870 2.081211 0.239541
v 0.764190 1.943711 0.249543
v 0.764190 2.081211 0.249543
v 0.769368 1.943711 0.258511
v 0.769368 2.081211 0.258511
v 0.779370 1.943711 0.261191
v 0.779370 2.081211 0.261191
v 0.817945 1.999961 0.250902
v 0.792946 1.999961 0.207601
v 0.817945 1.968711 0.250902
v 0.792946 1.968711 0.207601
v 0.635978 1.999961 0.298226
v 0.660978 1.999961 0.341527
v 0.635978 1.968711 0.298226
v 0.660978 1.968711 0.341527
v 0.817945 2.062461 0.250902
v 0.792946 2.062461 0.207601
v 0.817945 2.031211 0.250902
v 0.792946 2.031211 0.207601
v 0.635978 2.062461 0.298226
v 0.660978 2.062461 0.341527
v 0.635978 2.031211 0.298226
v 0.660978 2.031211 0.341527
v 0.793705 2.081211 0.260132
v 0.793705 2.093711 0.260132
v 0.797727 2.081211 0.245128
v 0.797727 2.093711 0.245128
v 0.789959 2.081211 0.231676
v 0.789959 2.093711 0.231676
v 0.774956 2.081211 0.227656
v 0.774956 2.093711 0.227656
v 0.761503 2.081211 0.235422
v 0.761503 2.093711 0.235422
v 0.757483 2.081211 0.250426
v 0.757483 2.093711 0.250426
v 0.765250 2.081211 0.263878
v 0.765250 2.093711 0.263878
v 0.780253 2.081211 0.267898
v 0.780253 2.093711 0.267898
v 0.450660 0.343199 0.851130
v 0.450660 0.343199 0.876130
v 0.406726 0.387133 0.851130
v 0.406726 0.387133 0.876130
v 0.344594 0.387133 0.851130
v 0.344594 0.387133 0.876130
v 0.300660 0.343199 0.851130
v 0.300660 0.343199 0.876130
v 0.300660 0.281067 0.851130
v 0.300660 0.281067 0.876130
v 0.344594 0.237133 0.851130
v 0.344594 0.237133 0.876130
v 0.406726 0.237133 0.851130
v 0.406726 0.237133 0.876130
v 0.450660 0.281067 0.851130
v 0.450660 0.281067 0.876130
v 0.521894 0.126196 0.751130
v 0.521894 2.001196 0.751129
v 0.666927 0.126196 0.667395
v 0.666927 2.001196 0.667395
v 0.750660 0.126196 0.522363
v 0.750660 2.001196 0.522363
v 0.750660 0.126196 0.354896
v 0.750660 2.001196 0.354895
v 0.666927 0.126196 0.209863
v 0.666927 2.001196 0.209863
v 0.521894 0.126196 0.126129
v 0.521894 2.001196 0.126129
v 0.354426 0.126196 0.126129
v 0.354426 2.001196 0.126129
v 0.209394 0.126196 0.209863
v 0.209394 2.001196 0.209863
v 0.125660 0.126196 0.354896
v 0.125660 2.001196 0.354895
v 0.125660 0.126196 0.522363
v 0.125660 2.001196 0.522363
v 0.209394 0.126196 0.667395
v 0.209394 2.001196 0.667395
v 0.354426 0.126196 0.751130
v 0.354426 2.001196 0.751129
v 0.438160 2.312133 0.438629
v 0.480027 2.270266 0.594879
v 0.510677 2.155883 0.709262
v 0.552543 2.270266 0.553012
v 0.636277 2.155883 0.636746
v 0.594410 2.270266 0.480496
v 0.708793 2.155883 0.511145
v 0.594410 2.270266 0.396762
v 0.708793 2.155883 0.366113
v 0.552543 2.270266 0.324246
v 0.636277 2.155883 0.240512
v 0.480027 2.270266 0.282379
v 0.510677 2.155883 0.167996
v 0.396293 2.270266 0.282379
v 0.365644 2.155883 0.167996
v 0.323777 2.270266 0.324246
v 0.240043 2.155883 0.240512
v 0.281910 2.270266 0.396762
v 0.167527 2.155883 0.366113
v 0.281910 2.270266 0.480496
v 0.167527 2.155883 0.511145
v 0.323777 2.270266 0.553012
v 0.240043 2.155883 0.636746
v 0.396293 2.270266 0.594879
v 0.365644 2.155883 0.709262
v 0.521894 1.999633 0.751129
v 0.666927 1.999633 0.667395
v 0.750660 1.999633 0.522363
v 0.750660 1.999633 0.354895
v 0.666927 1.999633 0.209863
v 0.521894 1.999633 0.126129
v 0.354426 1.999633 0.126129
v 0.209394 1.999633 0.209863
v 0.125660 1.999633 0.354895
v 0.125660 1.999633 0.522363
v 0.209394 1.999633 0.667395
v 0.354426 1.999633 0.751129
vn 0.7071 -0.7071 -0.0000
vn 1.0000 -0.0000 -0.0000
vn 0.7071 0.7071 -0.0000
vn -0.0000 1.0000 -0.0000
vn -0.7071 0.7071 -0.0000
vn -1.0000 -0.0000 -0.0000
vn -0.7071 -0.7071 -0.0000
vn -0.0000 -1.0000 -0.0000
vn -0.0000 -0.0000 -1.0000
vn -0.0000 -0.0000 1.0000
vn 0.1294 0.9659 0.2241
vn 0.3536 0.7071 0.6124
vn 0.4830 0.2588 0.8365
vn 0.2241 0.9659 0.1294
vn 0.6124 0.7071 0.3536
vn 0.8365 0.2588 0.4830
vn 0.2588 0.9659 -0.0000
vn 0.9659 0.2588 -0.0000
vn 0.2241 0.9659 -0.1294
vn 0.6124 0.7071 -0.3536
vn 0.8365 0.2588 -0.4830
vn 0.1294 0.9659 -0.2241
vn 0.3536 0.7071 -0.6124
vn 0.4830 0.2588 -0.8365
vn -0.0000 0.9659 -0.2588
vn -0.0000 0.7071 -0.7071
vn -0.0000 0.2588 -0.9659
vn -0.1294 0.9659 -0.2241
vn -0.3536 0.7071 -0.6124
vn -0.4830 0.2588 -0.8365
vn -0.2241 0.9659 -0.1294
vn -0.6124 0.7071 -0.3536
vn -0.8365 0.2588 -0.4830
vn -0.2588 0.9659 -0.0000
vn -0.9659 0.2588 -0.0000
vn -0.2241 0.9659 0.1294
vn -0.6124 0.7071 0.3536
vn -0.8365 0.2588 0.4830
vn -0.1294 0.9659 0.2241
vn -0.3536 0.7071 0.6124
vn -0.4830 0.2588 0.8365
vn -0.0000 0.9659 0.2588
vn -0.0000 0.7071 0.7071
vn -0.0000 0.2588 0.9659
vn -0.2588 -0.0000 0.9659
vn 0.5000 -0.0000 0.8661
vn 0.9659 -0.0000 0.2588
vn 0.8661 -0.0000 -0.4999
vn 0.2588 -0.0000 -0.9659
vn -0.5000 -0.0000 -0.8660
vn -0.9659 -0.0000 -0.2588
vn -0.8660 -0.0000 0.5000
vn 0.8660 -0.0000 -0.5000
vn 0.5000 -0.0000 0.8660
vn -0.8661 -0.0000 0.5000
vn -0.2589 -0.0000 0.9659
vn -0.9659 -0.0000 -0.2589
vn 0.2589 -0.0000 -0.9659
vn 0.9659 -0.0000 0.2589
vn 0.8660 -0.0000 0.5000
vn 0.5000 -0.0000 -0.8660
vn -0.8660 -0.0000 -0.5000
vn -0.5000 -0.0000 0.8660
vt 0.115008 0.870915
vt 0.115008 0.791781
vt 0.130460 0.791781
vt 0.130460 0.870915
vt 0.814512 0.877413
vt 0.814512 0.807110
vt 0.836362 0.807246
vt 0.836362 0.877549
vt 0.205068 0.870915
vt 0.205068 0.791781
vt 0.220520 0.791781
vt 0.220520 0.870915
vt 0.183216 0.870915
vt 0.183216 0.791781
vt 0.167764 0.870915
vt 0.167764 0.791781
vt 0.792663 0.877413
vt 0.792663 0.807110
vt 0.814512 0.807246
vt 0.814512 0.877549
vt 0.152312 0.870915
vt 0.152312 0.791781
vt 0.167764 0.791781
vt 0.167764 0.870915
vt 0.611811 0.844533
vt 0.592398 0.844654
vt 0.578670 0.829289
vt 0.578670 0.807438
vt 0.592398 0.791902
vt 0.611811 0.791781
vt 0.625538 0.807146
vt 0.625538 0.828996
vt 0.366143 0.791781
vt 0.379870 0.807146
vt 0.379870 0.828996
vt 0.366143 0.844533
vt 0.346730 0.844654
vt 0.333002 0.829288
vt 0.333002 0.807438
vt 0.346730 0.791902
vt 0.343554 0.844654
vt 0.343554 0.863196
vt 0.333002 0.863196
vt 0.333002 0.844654
vt 0.343554 0.889419
vt 0.333002 0.889419
vt 0.343554 0.907961
vt 0.333002 0.907961
vt 0.379375 0.876123
vt 0.379375 0.849902
vt 0.388748 0.849844
vt 0.388748 0.876064
vt 0.354105 0.844654
vt 0.354105 0.863196
vt 0.343554 0.863196
vt 0.343554 0.844654
vt 0.354105 0.889419
vt 0.343554 0.889419
vt 0.333002 0.810219
vt 0.333002 0.836440
vt 0.316530 0.855083
vt 0.293234 0.855228
vt 0.276761 0.836790
vt 0.276761 0.810570
vt 0.293234 0.791926
vt 0.316530 0.791781
vt 0.354105 0.907961
vt 0.343554 0.907961
vt 0.276761 0.836440
vt 0.260288 0.855083
vt 0.236992 0.855228
vt 0.220520 0.836790
vt 0.220520 0.810569
vt 0.236992 0.791926
vt 0.260288 0.791781
vt 0.276761 0.810219
vt 0.469059 0.894556
vt 0.469059 0.868335
vt 0.478433 0.868277
vt 0.478433 0.894498
vt 0.837505 0.065945
vt 0.868110 0.048275
vt 0.885780 0.114220
vt 0.771560 0.305872
vt 0.820415 0.295174
vt 0.820415 0.356317
vt 0.771560 0.341173
vt 0.886568 0.291230
vt 0.886568 0.361833
vt 0.903450 0.048275
vt 0.855175 0.000000
vt 0.916385 0.000000
vt 0.886142 0.421330
vt 0.820045 0.407843
vt 0.934055 0.065945
vt 0.969395 0.030605
vt 0.048485 0.804136
vt 0.114581 0.791781
vt 0.115008 0.854571
vt 0.048854 0.858514
vt 0.951725 0.096550
vt 0.000000 0.869213
vt 0.048854 0.919658
vt 0.000000 0.904514
vt 0.115008 0.925174
vt 0.951725 0.131890
vt 1.000000 0.083615
vt 1.000000 0.144825
vt 0.114581 0.984671
vt 0.048485 0.971184
vt 0.934055 0.162495
vt 0.969395 0.197835
vt 0.838083 0.601864
vt 0.771987 0.614220
vt 0.771560 0.551429
vt 0.837714 0.547486
vt 0.903450 0.180165
vt 0.886568 0.536788
vt 0.837714 0.486342
vt 0.886568 0.501486
vt 0.771560 0.480827
vt 0.868110 0.180165
vt 0.916385 0.228440
vt 0.855175 0.228440
vt 0.771987 0.421330
vt 0.838083 0.434817
vt 0.837505 0.162495
vt 0.802165 0.197834
vt 0.838083 0.794755
vt 0.771987 0.807110
vt 0.771560 0.744319
vt 0.837714 0.740376
vt 0.819835 0.131890
vt 0.886568 0.729678
vt 0.837714 0.679233
vt 0.886568 0.694377
vt 0.771560 0.673716
vt 0.819835 0.096550
vt 0.771560 0.144825
vt 0.771560 0.083615
vt 0.771987 0.614220
vt 0.838084 0.627707
vt 0.802166 0.030605
vt 0.820045 0.240795
vt 0.886141 0.228440
vt 0.899756 0.631924
vt 0.902987 0.631889
vt 0.902987 0.689916
vt 0.899756 0.689952
vt 0.907353 0.631891
vt 0.907353 0.689919
vt 0.601461 0.902681
vt 0.598230 0.902717
vt 0.598229 0.844689
vt 0.601461 0.844654
vt 0.593864 0.902714
vt 0.593864 0.844687
vt 0.369299 0.902681
vt 0.366068 0.902717
vt 0.366068 0.844689
vt 0.369299 0.844654
vt 0.750458 0.879468
vt 0.745822 0.884103
vt 0.739267 0.884103
vt 0.734631 0.879468
vt 0.734631 0.872912
vt 0.739267 0.868277
vt 0.745823 0.868277
vt 0.750458 0.872912
vt 0.361702 0.902714
vt 0.361702 0.844687
vt 0.750458 0.879468
vt 0.750458 0.872912
vt 0.755093 0.868277
vt 0.761649 0.868277
vt 0.766285 0.872912
vt 0.766285 0.879468
vt 0.761649 0.884103
vt 0.755094 0.884103
vt 0.602748 0.844689
vt 0.605979 0.844654
vt 0.605979 0.902681
vt 0.602748 0.902717
vt 0.632999 0.868277
vt 0.636089 0.871367
vt 0.636089 0.875738
vt 0.632999 0.878828
vt 0.628628 0.878828
vt 0.625538 0.875738
vt 0.625538 0.871367
vt 0.628628 0.868277
vt 0.610344 0.844656
vt 0.610344 0.902683
vt 0.912944 0.228440
vt 0.912944 0.304853
vt 0.899757 0.304860
vt 0.899757 0.228447
vt 0.401936 0.868277
vt 0.401936 0.889356
vt 0.388748 0.889364
vt 0.388748 0.868284
vt 0.886568 0.534121
vt 0.886568 0.457708
vt 0.899756 0.457701
vt 0.899756 0.534113
vt 0.273272 0.876315
vt 0.273272 0.855236
vt 0.286460 0.855228
vt 0.286460 0.876308
vt 0.750458 0.868277
vt 0.750458 0.791781
vt 0.771560 0.791781
vt 0.771560 0.868277
vt 0.388748 0.868277
vt 0.388748 0.791781
vt 0.409851 0.791781
vt 0.409851 0.868277
vt 0.912945 0.304860
vt 0.912945 0.381273
vt 0.899757 0.381280
vt 0.899757 0.304867
vt 0.441500 0.868277
vt 0.441500 0.889356
vt 0.428312 0.889364
vt 0.428312 0.868284
vt 0.886568 0.763382
vt 0.886568 0.686969
vt 0.899756 0.686961
vt 0.899756 0.763374
vt 0.441501 0.889364
vt 0.441501 0.868284
vt 0.454688 0.868277
vt 0.454688 0.889356
vt 0.667742 0.868277
vt 0.667742 0.791781
vt 0.688845 0.791781
vt 0.688845 0.868277
vt 0.729356 0.868277
vt 0.729356 0.791781
vt 0.750458 0.791781
vt 0.750458 0.868277
vt 0.695033 0.837477
vt 0.695065 0.842324
vt 0.689790 0.842301
vt 0.689758 0.837454
vt 0.695033 0.848872
vt 0.689758 0.848850
vt 0.688813 0.868300
vt 0.688845 0.873147
vt 0.683570 0.873124
vt 0.683538 0.868277
vt 0.688813 0.879695
vt 0.683538 0.879672
vt 0.678262 0.879672
vt 0.678230 0.874825
vt 0.683505 0.874848
vt 0.683538 0.879695
vt 0.678262 0.868277
vt 0.683538 0.868300
vt 0.689790 0.860268
vt 0.689758 0.855421
vt 0.695033 0.855444
vt 0.695065 0.860291
vt 0.689790 0.848873
vt 0.695065 0.848895
vt 0.907353 0.573791
vt 0.904122 0.573826
vt 0.904122 0.515799
vt 0.907353 0.515763
vt 0.899756 0.573824
vt 0.899756 0.515796
vt 0.899756 0.748050
vt 0.902987 0.748015
vt 0.902987 0.806042
vt 0.899756 0.806077
vt 0.907353 0.748017
vt 0.907353 0.806044
vt 0.586267 0.844689
vt 0.589498 0.844654
vt 0.589498 0.902681
vt 0.586267 0.902717
vt 0.593864 0.844656
vt 0.593864 0.902684
vt 0.361702 0.902681
vt 0.358471 0.902717
vt 0.358471 0.844689
vt 0.361702 0.844654
vt 0.654101 0.878828
vt 0.649731 0.878828
vt 0.646640 0.875738
vt 0.646640 0.871367
vt 0.649731 0.868277
vt 0.654101 0.868277
vt 0.657192 0.871368
vt 0.657192 0.875738
vt 0.354105 0.902714
vt 0.354105 0.844687
vt 0.886568 0.686961
vt 0.886568 0.610548
vt 0.899756 0.610541
vt 0.899756 0.686954
vt 0.246896 0.876316
vt 0.246896 0.855236
vt 0.260084 0.855228
vt 0.260084 0.876308
vt 0.899756 0.381280
vt 0.899756 0.457693
vt 0.886568 0.457701
vt 0.886568 0.381288
vt 0.233708 0.855228
vt 0.233708 0.876308
vt 0.220520 0.876316
vt 0.220520 0.855236
vt 0.557568 0.791781
vt 0.557568 0.868277
vt 0.536465 0.868277
vt 0.536465 0.791781
vt 0.515362 0.791781
vt 0.515362 0.868277
vt 0.494260 0.868277
vt 0.494260 0.791781
vt 0.899756 0.457700
vt 0.899756 0.381288
vt 0.912944 0.381280
vt 0.912944 0.457693
vt 0.260084 0.876316
vt 0.260084 0.855236
vt 0.273272 0.855228
vt 0.273272 0.876308
vt 0.902303 0.807110
vt 0.902303 0.883523
vt 0.889115 0.883530
vt 0.889115 0.807117
vt 0.246896 0.855228
vt 0.246896 0.876308
vt 0.233708 0.876315
vt 0.233708 0.855236
vt 0.536465 0.791781
vt 0.536465 0.868277
vt 0.515362 0.868277
vt 0.515362 0.791781
vt 0.578670 0.791781
vt 0.578670 0.868277
vt 0.557568 0.868277
vt 0.557568 0.791781
vt 0.724081 0.879672
vt 0.724048 0.874825
vt 0.729324 0.874848
vt 0.729356 0.879695
vt 0.724081 0.868277
vt 0.729356 0.868300
vt 0.657224 0.879672
vt 0.657192 0.874825
vt 0.662467 0.874848
vt 0.662499 0.879695
vt 0.657224 0.868277
vt 0.662499 0.868300
vt 0.695033 0.814641
vt 0.695065 0.819487
vt 0.689790 0.819464
vt 0.689758 0.814618
vt 0.695033 0.826036
vt 0.689758 0.826013
vt 0.695033 0.803222
vt 0.695065 0.808069
vt 0.689790 0.808046
vt 0.689758 0.803199
vt 0.525914 0.879468
vt 0.525914 0.872913
vt 0.530550 0.868277
vt 0.537105 0.868277
vt 0.541741 0.872913
vt 0.541741 0.879469
vt 0.537105 0.884104
vt 0.530549 0.884104
vt 0.695033 0.814618
vt 0.689758 0.814595
vt 0.578670 0.844689
vt 0.581902 0.844654
vt 0.581902 0.902681
vt 0.578670 0.902717
vt 0.586267 0.844656
vt 0.586267 0.902684
vt 0.381151 0.791816
vt 0.384383 0.791781
vt 0.384383 0.849808
vt 0.381151 0.849844
vt 0.388748 0.791783
vt 0.388748 0.849811
vt 0.617941 0.902681
vt 0.614710 0.902717
vt 0.614710 0.844689
vt 0.617941 0.844654
vt 0.610344 0.902714
vt 0.610344 0.844687
vt 0.907353 0.747979
vt 0.904122 0.748015
vt 0.904122 0.689987
vt 0.907353 0.689952
vt 0.899756 0.748012
vt 0.899756 0.689985
vt 0.849550 0.807110
vt 0.849550 0.883523
vt 0.836362 0.883530
vt 0.836362 0.807117
vt 0.286460 0.876315
vt 0.286460 0.855236
vt 0.299648 0.855228
vt 0.299648 0.876308
vt 0.875927 0.883530
vt 0.875927 0.807117
vt 0.889115 0.807110
vt 0.889115 0.883523
vt 0.415124 0.868277
vt 0.415124 0.889356
vt 0.401936 0.889364
vt 0.401936 0.868284
vt 0.708254 0.868277
vt 0.708254 0.791781
vt 0.625538 0.868277
vt 0.625538 0.791781
vt 0.646640 0.791781
vt 0.646640 0.868277
vt 0.899756 0.304860
vt 0.899756 0.381273
vt 0.886568 0.381280
vt 0.886568 0.304867
vt 0.494260 0.889364
vt 0.494260 0.868284
vt 0.507448 0.868277
vt 0.507448 0.889356
vt 0.886568 0.304860
vt 0.886568 0.228447
vt 0.899756 0.228440
vt 0.899756 0.304853
vt 0.428312 0.868277
vt 0.428312 0.889356
vt 0.415124 0.889364
vt 0.415124 0.868284
vt 0.771560 0.883606
vt 0.771560 0.807110
vt 0.792663 0.807110
vt 0.792663 0.883606
vt 0.646640 0.868277
vt 0.646640 0.791781
vt 0.667743 0.791781
vt 0.667743 0.868277
vt 0.326057 0.866624
vt 0.326024 0.861777
vt 0.331299 0.861800
vt 0.331332 0.866647
vt 0.326057 0.855228
vt 0.331332 0.855251
vt 0.695033 0.826059
vt 0.695065 0.830906
vt 0.689790 0.830883
vt 0.689758 0.826036
vt 0.695033 0.837454
vt 0.689758 0.837431
vt 0.667774 0.868300
vt 0.667806 0.873146
vt 0.662531 0.873123
vt 0.662499 0.868277
vt 0.667774 0.879695
vt 0.662499 0.879672
vt 0.689790 0.871686
vt 0.689758 0.866839
vt 0.695033 0.866862
vt 0.695065 0.871709
vt 0.689790 0.860291
vt 0.695065 0.860314
vt 0.625538 0.902681
vt 0.622307 0.902717
vt 0.622307 0.844689
vt 0.625538 0.844654
vt 0.617941 0.902714
vt 0.617941 0.844687
vt 0.376896 0.902681
vt 0.373665 0.902717
vt 0.373665 0.844690
vt 0.376896 0.844654
vt 0.369299 0.902714
vt 0.369299 0.844687
vt 0.899756 0.457736
vt 0.902987 0.457701
vt 0.902987 0.515728
vt 0.899756 0.515763
vt 0.907353 0.457703
vt 0.907353 0.515730
vt 0.899756 0.573862
vt 0.902987 0.573826
vt 0.902987 0.631853
vt 0.899756 0.631889
vt 0.711344 0.868277
vt 0.715715 0.868277
vt 0.718805 0.871368
vt 0.718805 0.875738
vt 0.715715 0.878828
vt 0.711344 0.878828
vt 0.708254 0.875738
vt 0.708254 0.871367
vt 0.907353 0.573829
vt 0.907353 0.631856
vt 0.862739 0.883530
vt 0.862739 0.807117
vt 0.875927 0.807110
vt 0.875927 0.883523
vt 0.708254 0.868201
vt 0.708254 0.889280
vt 0.695065 0.889288
vt 0.695065 0.868208
vt 0.899756 0.534121
vt 0.899756 0.610534
vt 0.886568 0.610541
vt 0.886568 0.534128
vt 0.299648 0.876315
vt 0.299648 0.855236
vt 0.312836 0.855228
vt 0.312836 0.876308
vt 0.494260 0.791781
vt 0.494260 0.868277
vt 0.473157 0.868277
vt 0.473157 0.791781
vt 0.452055 0.791781
vt 0.452055 0.868277
vt 0.430953 0.868277
vt 0.430953 0.791781
vt 0.695065 0.868201
vt 0.695066 0.791788
vt 0.708254 0.791781
vt 0.708254 0.868194
vt 0.467876 0.868277
vt 0.467876 0.889356
vt 0.454688 0.889364
vt 0.454688 0.868284
vt 0.862738 0.807110
vt 0.862738 0.883523
vt 0.849550 0.883530
vt 0.849550 0.807117
vt 0.312836 0.876315
vt 0.312836 0.855236
vt 0.326024 0.855228
vt 0.326024 0.876308
vt 0.473157 0.791781
vt 0.473157 0.868277
vt 0.452055 0.868277
vt 0.452055 0.791781
vt 0.430953 0.791781
vt 0.430953 0.868277
vt 0.409851 0.868277
vt 0.409851 0.791781
vt 0.646608 0.868300
vt 0.646640 0.873147
vt 0.641365 0.873124
vt 0.641333 0.868277
vt 0.646608 0.879695
vt 0.641333 0.879672
vt 0.326057 0.878042
vt 0.326024 0.873195
vt 0.331300 0.873218
vt 0.331332 0.878065
vt 0.326057 0.866647
vt 0.331332 0.866670
vt 0.689790 0.803176
vt 0.689758 0.798329
vt 0.695033 0.798352
vt 0.695065 0.803199
vt 0.689790 0.791781
vt 0.695065 0.791804
vt 0.678198 0.868300
vt 0.678230 0.873146
vt 0.672955 0.873124
vt 0.672923 0.868277
vt 0.678198 0.879695
vt 0.672923 0.879672
vt 0.541741 0.872913
vt 0.546376 0.868277
vt 0.552932 0.868277
vt 0.557568 0.872913
vt 0.557568 0.879468
vt 0.552932 0.884104
vt 0.546377 0.884104
vt 0.541741 0.879469
vt 0.568758 0.884104
vt 0.562203 0.884104
vt 0.557568 0.879468
vt 0.557568 0.872912
vt 0.562203 0.868277
vt 0.568759 0.868277
vt 0.573394 0.872913
vt 0.573394 0.879468
vt 0.512083 0.868277
vt 0.518639 0.868277
vt 0.523274 0.872913
vt 0.523274 0.879469
vt 0.518639 0.884104
vt 0.512083 0.884104
vt 0.507448 0.879468
vt 0.507448 0.872913
vt 0.489624 0.868277
vt 0.494260 0.872913
vt 0.494260 0.879468
vt 0.489624 0.884104
vt 0.483068 0.884104
vt 0.478433 0.879468
vt 0.478433 0.872913
vt 0.483069 0.868277
vt 0.641461 0.000000
vt 0.712064 0.000040
vt 0.712064 0.791320
vt 0.641461 0.791281
vt 0.771560 0.000500
vt 0.771560 0.791781
vt 0.385780 0.791389
vt 0.322989 0.791781
vt 0.322989 0.000500
vt 0.385780 0.000109
vt 0.252387 0.791741
vt 0.252387 0.000460
vt 0.192890 0.791281
vt 0.192890 0.000000
vt 0.192890 0.791389
vt 0.130099 0.791781
vt 0.130099 0.000500
vt 0.192890 0.000109
vt 0.059497 0.791741
vt 0.059497 0.000460
vt 0.000000 0.791281
vt 0.000000 0.000000
vt 0.385780 0.000391
vt 0.448571 -0.000000
vt 0.448571 0.791281
vt 0.385780 0.791672
vt 0.519174 0.000040
vt 0.519174 0.791321
vt 0.578670 0.000500
vt 0.578670 0.791781
vt 0.578670 0.000391
vt 0.578670 0.791672
s 0
g gas-filter_wood-gasifier-gas-filter
usemtl wood-gasifier-gas-filter
f 197/383/69 196/384/69 194/385/69 195/386/69
f 199/387/70 198/388/70 196/389/70 197/390/70
f 201/391/71 200/392/71 198/393/71 199/394/71
f 203/395/72 202/396/72 200/392/72 201/391/72
f 205/397/73 204/398/73 202/396/73 203/395/73
f 207/399/74 206/400/74 204/401/74 205/402/74
f 209/403/75 208/404/75 206/405/75 207/406/75
f 195/386/76 194/385/76 208/404/76 209/403/76
f 195/407/77 209/408/77 207/409/77 205/410/77 203/411/77 201/412/77 199/413/77 197/414/77
f 194/415/78 196/416/78 198/417/78 200/418/78 202/419/78 204/420/78 206/421/78 208/422/78
f 402/423/71 404/424/71 405/425/71 403/426/71
f 404/424/72 406/427/72 407/428/72 405/425/72
f 406/427/73 408/429/73 409/430/73 407/428/73
f 408/431/74 410/432/74 411/433/74 409/434/74
f 410/435/75 412/436/75 413/437/75 411/438/75
f 412/436/76 414/439/76 415/440/76 413/437/76
f 402/441/77 416/442/77 414/443/77 412/444/77 410/445/77 408/446/77 406/447/77 404/448/77
f 414/439/69 416/449/69 417/450/69 415/440/69
f 403/451/78 405/452/78 407/453/78 409/454/78 411/455/78 413/456/78 415/457/78 417/458/78
f 416/459/70 402/460/70 403/461/70 417/462/70
f 443/463/79 445/464/79 442/465/79
f 443/466/80 444/467/80 446/468/80 445/469/80
f 444/467/81 467/470/81 468/471/81 446/468/81
f 445/464/82 447/472/82 442/465/82
f 445/464/83 446/473/83 448/474/83 447/472/83
f 446/468/84 468/471/84 469/475/84 448/476/84
f 447/472/85 449/477/85 442/465/85
f 447/472/71 448/474/71 450/478/71 449/477/71
f 448/479/86 469/480/86 470/481/86 450/482/86
f 449/477/87 451/483/87 442/465/87
f 449/484/88 450/482/88 452/485/88 451/486/88
f 450/482/89 470/481/89 471/487/89 452/485/89
f 451/483/90 453/488/90 442/465/90
f 451/483/91 452/489/91 454/490/91 453/488/91
f 452/485/92 471/487/92 472/491/92 454/492/92
f 453/488/93 455/493/93 442/465/93
f 453/488/94 454/490/94 456/494/94 455/493/94
f 454/495/95 472/496/95 473/497/95 456/498/95
f 455/493/96 457/499/96 442/465/96
f 455/500/97 456/498/97 458/501/97 457/502/97
f 456/498/98 473/497/98 474/503/98 458/501/98
f 457/499/99 459/504/99 442/465/99
f 457/499/100 458/505/100 460/506/100 459/504/100
f 458/501/101 474/503/101 475/507/101 460/508/101
f 459/504/102 461/509/102 442/465/102
f 459/504/73 460/506/73 462/510/73 461/509/73
f 460/511/103 475/512/103 476/513/103 462/514/103
f 461/509/104 463/515/104 442/465/104
f 461/516/105 462/514/105 464/517/105 463/518/105
f 462/514/106 476/513/106 477/519/106 464/517/106
f 463/515/107 465/520/107 442/465/107
f 463/515/108 464/521/108 466/522/108 465/520/108
f 464/517/109 477/519/109 478/523/109 466/524/109
f 465/520/110 443/463/110 442/465/110
f 465/520/111 466/522/111 444/525/111 443/463/111
f 466/526/112 478/527/112 467/470/112 444/467/112
f 210/528/113 212/529/113 213/530/113 211/531/113
f 212/529/114 214/532/114 215/533/114 213/530/114
f 214/534/115 216/535/115 217/536/115 215/537/115
f 216/535/116 218/538/116 219/539/116 217/536/116
f 218/540/117 220/541/117 221/542/117 219/543/117
f 242/544/76 256/545/76 254/546/76 252/547/76 250/548/76 248/549/76 246/550/76 244/551/76
f 220/541/118 222/552/118 223/553/118 221/542/118
f 243/554/72 245/555/72 247/556/72 249/557/72 251/558/72 253/559/72 255/560/72 257/561/72
f 222/562/119 224/563/119 225/564/119 223/565/119
f 210/566/76 224/567/76 222/568/76 220/569/76 218/570/76 216/571/76 214/572/76 212/573/76
f 224/563/120 210/574/120 211/575/120 225/564/120
f 229/576/121 232/577/121 230/578/121 227/579/121
f 228/580/122 229/581/122 227/582/122 226/583/122
f 233/584/120 228/585/120 226/586/120 231/587/120
f 232/588/118 233/589/118 231/590/118 230/591/118
f 231/592/72 226/593/72 227/594/72 230/595/72
f 232/596/76 229/597/76 228/598/76 233/599/76
f 237/600/121 240/601/121 238/602/121 235/603/121
f 236/604/122 237/605/122 235/606/122 234/607/122
f 241/608/120 236/609/120 234/610/120 239/611/120
f 240/612/118 241/613/118 239/614/118 238/615/118
f 239/616/72 234/617/72 235/618/72 238/619/72
f 240/620/76 237/621/76 236/622/76 241/623/76
f 242/624/113 244/625/113 245/626/113 243/627/113
f 244/625/122 246/628/122 247/629/122 245/626/122
f 246/630/115 248/631/115 249/632/115 247/633/115
f 248/631/121 250/634/121 251/635/121 249/632/121
f 250/636/117 252/637/117 253/638/117 251/639/117
f 252/637/118 254/640/118 255/641/118 253/638/118
f 254/642/119 256/643/119 257/644/119 255/645/119
f 256/643/120 242/646/120 243/647/120 257/644/120
f 258/648/117 260/649/117 261/650/117 259/651/117
f 260/649/118 262/652/118 263/653/118 261/650/118
f 262/654/119 264/655/119 265/656/119 263/657/119
f 264/655/123 266/658/123 267/659/123 265/656/123
f 266/660/124 268/661/124 269/662/124 267/663/124
f 268/661/122 270/664/122 271/665/122 269/662/122
f 270/666/115 272/667/115 273/668/115 271/669/115
f 258/670/76 272/671/76 270/672/76 268/673/76 266/674/76 264/675/76 262/676/76 260/677/76
f 272/667/121 258/678/121 259/679/121 273/668/121
f 277/680/120 280/681/120 278/682/120 275/683/120
f 276/684/118 277/685/118 275/686/118 274/687/118
f 281/688/121 276/689/121 274/690/121 279/691/121
f 280/692/122 281/693/122 279/694/122 278/695/122
f 279/696/72 274/697/72 275/698/72 278/699/72
f 280/700/76 277/701/76 276/702/76 281/703/76
f 285/704/120 288/705/120 286/706/120 283/707/120
f 284/708/118 285/709/118 283/710/118 282/711/118
f 289/712/121 284/713/121 282/714/121 287/715/121
f 288/716/122 289/717/122 287/718/122 286/719/122
f 287/720/72 282/721/72 283/722/72 286/723/72
f 288/724/76 285/725/76 284/726/76 289/727/76
f 290/728/117 292/729/117 293/730/117 291/731/117
f 292/729/118 294/732/118 295/733/118 293/730/118
f 294/734/125 296/735/125 297/736/125 295/737/125
f 296/735/120 298/738/120 299/739/120 297/736/120
f 298/740/124 300/741/124 301/742/124 299/743/124
f 300/741/122 302/744/122 303/745/122 301/742/122
f 302/746/115 304/747/115 305/748/115 303/749/115
f 290/750/76 304/751/76 302/752/76 300/753/76 298/754/76 296/755/76 294/756/76 292/757/76
f 304/747/121 290/758/121 291/759/121 305/748/121
f 306/760/119 308/761/119 309/762/119 307/763/119
f 308/761/123 310/764/123 311/765/123 309/762/123
f 310/766/113 312/767/113 313/768/113 311/769/113
f 312/767/122 314/770/122 315/771/122 313/768/122
f 314/772/115 316/773/115 317/774/115 315/775/115
f 316/773/121 318/776/121 319/777/121 317/774/121
f 318/778/126 320/779/126 321/780/126 319/781/126
f 320/779/118 306/782/118 307/783/118 321/780/118
f 325/784/122 328/785/122 326/786/122 323/787/122
f 324/788/120 325/789/120 323/790/120 322/791/120
f 329/792/118 324/793/118 322/794/118 327/795/118
f 328/796/121 329/797/121 327/798/121 326/799/121
f 327/800/72 322/801/72 323/621/72 326/620/72
f 328/802/76 325/803/76 324/804/76 329/805/76
f 333/806/122 336/807/122 334/808/122 331/809/122
f 332/810/120 333/811/120 331/812/120 330/813/120
f 337/814/118 332/815/118 330/816/118 335/817/118
f 336/818/121 337/819/121 335/820/121 334/821/121
f 335/822/72 330/823/72 331/824/72 334/825/72
f 336/826/76 333/827/76 332/828/76 337/829/76
f 338/830/119 340/831/119 341/832/119 339/833/119
f 340/831/120 342/834/120 343/835/120 341/832/120
f 342/836/113 344/837/113 345/838/113 343/839/113
f 344/837/122 346/840/122 347/841/122 345/838/122
f 346/842/115 348/843/115 349/844/115 347/845/115
f 348/843/121 350/846/121 351/847/121 349/844/121
f 350/848/126 352/849/126 353/850/126 351/851/126
f 352/849/118 338/852/118 339/853/118 353/850/118
f 354/854/127 356/855/127 357/856/127 355/857/127
f 356/855/121 358/858/121 359/859/121 357/856/121
f 358/860/117 360/861/117 361/862/117 359/863/117
f 360/861/118 362/864/118 363/865/118 361/862/118
f 362/866/119 364/867/119 365/868/119 363/869/119
f 364/867/120 366/870/120 367/871/120 365/868/120
f 366/872/113 368/873/113 369/874/113 367/875/113
f 354/876/76 368/877/76 366/878/76 364/879/76 362/880/76 360/881/76 358/882/76 356/883/76
f 368/873/114 354/884/114 355/885/114 369/874/114
f 373/886/118 376/887/118 374/888/118 371/889/118
f 372/890/121 373/891/121 371/892/121 370/893/121
f 377/894/122 372/895/122 370/896/122 375/897/122
f 376/898/120 377/899/120 375/900/120 374/901/120
f 375/902/72 370/903/72 371/904/72 374/905/72
f 376/906/76 373/907/76 372/908/76 377/909/76
f 381/910/118 384/911/118 382/912/118 379/913/118
f 380/914/121 381/915/121 379/916/121 378/917/121
f 385/918/122 380/919/122 378/920/122 383/921/122
f 384/922/120 385/923/120 383/924/120 382/925/120
f 383/926/72 378/927/72 379/928/72 382/929/72
f 384/930/76 381/931/76 380/932/76 385/933/76
f 386/934/127 388/935/127 389/936/127 387/937/127
f 388/935/121 390/938/121 391/939/121 389/936/121
f 390/940/117 392/941/117 393/942/117 391/943/117
f 392/941/118 394/944/118 395/945/118 393/942/118
f 394/946/119 396/947/119 397/948/119 395/949/119
f 396/947/120 398/950/120 399/951/120 397/948/120
f 398/952/113 400/953/113 401/954/113 399/955/113
f 400/953/122 386/956/122 387/957/122 401/954/122
f 339/958/72 341/959/72 343/960/72 345/961/72 347/962/72 349/963/72 351/964/72 353/965/72
f 338/966/76 352/967/76 350/968/76 348/969/76 346/970/76 344/971/76 342/972/76 340/973/76
f 387/974/72 389/975/72 391/976/72 393/977/72 395/978/72 397/979/72 399/980/72 401/981/72
f 386/982/76 400/983/76 398/984/76 396/985/76 394/986/76 392/987/76 390/988/76 388/989/76
f 418/990/122 420/991/122 421/992/122 419/993/122
f 420/991/128 422/994/128 423/995/128 421/992/128
f 422/996/70 424/997/70 425/998/70 423/999/70
f 424/997/121 426/1000/121 427/1001/121 425/998/121
f 426/1000/129 428/1002/129 429/1003/129 427/1001/129
f 428/1004/77 430/1005/77 431/1006/77 429/1007/77
f 430/1005/118 432/1008/118 433/1009/118 431/1006/118
f 432/1008/130 434/1010/130 435/1011/130 433/1009/130
f 434/1012/74 436/1013/74 437/1014/74 435/1015/74
f 436/1013/120 438/1016/120 439/1017/120 437/1014/120
f 438/1016/131 440/1018/131 441/1019/131 439/1017/131
f 440/1020/78 418/990/78 419/993/78 441/1021/78
g gasifier-base_gasifier-base
v 2.000660 0.124633 1.001130
v 2.000660 0.124633 0.001129
v 2.000660 -0.000367 1.001130
v 2.000660 -0.000367 0.001130
v 0.000660 0.124633 0.001129
v 0.000660 0.124633 1.001130
v 0.000660 -0.000367 0.001130
v 0.000660 -0.000367 1.001130
vn -0.0000 -0.0000 -1.0000
vn 1.0000 -0.0000 -0.0000
vn -0.0000 -0.0000 1.0000
vn -1.0000 -0.0000 -0.0000
vn -0.0000 1.0000 -0.0000
vn -0.0000 -1.0000 -0.0000
vt 0.842105 0.842105
vt 0.842105 0.000000
vt 0.894737 0.000000
vt 0.894737 0.842105
vt 1.000000 0.000000
vt 1.000000 0.421053
vt 0.947368 0.421053
vt 0.947368 0.000000
vt 0.894737 0.842105
vt 0.894737 -0.000000
vt 0.947368 -0.000000
vt 0.947368 0.842105
vt 0.947368 0.842105
vt 0.947368 0.421053
vt 1.000000 0.421053
vt 1.000000 0.842105
vt 0.421053 0.842105
vt 0.421053 -0.000000
vt 0.842105 -0.000000
vt 0.842105 0.842105
vt 0.421053 0.000000
vt 0.421053 0.842105
vt -0.000000 0.842105
vt 0.000000 -0.000000
s 0
g gasifier-base_wood-gasifier-gas-filter
usemtl wood-gasifier-gas-filter
f 482/1022/132 485/1023/132 483/1024/132 480/1025/132
f 481/1026/133 482/1027/133 480/1028/133 479/1029/133
f 486/1030/134 481/1031/134 479/1032/134 484/1033/134
f 485/1034/135 486/1035/135 484/1036/135 483/1037/135
f 484/1038/136 479/1039/136 480/1040/136 483/1041/136
f 485/1042/137 482/1043/137 481/1044/137 486/1045/137
g pipe-cover_pipe-cover
v 1.563160 1.371508 1.001129
v 1.563160 1.371508 0.813629
v 0.438160 1.371508 0.813629
v 0.438160 1.371508 1.001129
v 0.563160 1.374633 0.813629
v 0.563160 1.374633 0.751129
v 0.563160 1.312133 0.813629
v 0.563160 1.312133 0.751129
v 0.438160 1.374633 0.751129
v 0.438160 1.374633 0.813629
v 0.438160 1.312133 0.751129
v 0.438160 1.312133 0.813629
v 0.563160 0.999633 0.813629
v 0.563160 0.999633 0.751129
v 0.563160 0.937133 0.813629
v 0.563160 0.937133 0.751129
v 0.438160 0.999633 0.751129
v 0.438160 0.999633 0.813629
v 0.438160 0.937133 0.751129
v 0.438160 0.937133 0.813629
v 0.563160 0.624633 0.813629
v 0.563160 0.624633 0.751129
v 0.563160 0.562133 0.813629
v 0.563160 0.562133 0.751129
v 0.438160 0.624633 0.751129
v 0.438160 0.624633 0.813629
v 0.438160 0.562133 0.751129
v 0.438160 0.562133 0.813629
v 1.694411 1.562133 1.001129
v 1.694411 1.562133 0.813629
v 0.438160 1.562133 0.813629
v 0.438160 1.562133 1.001129
v 1.692848 0.305883 1.001130
v 1.692848 0.305883 0.813630
v 1.692848 1.562133 0.813629
v 1.692848 1.562133 1.001129
v 1.563160 0.996508 1.001129
v 1.563160 0.996508 0.813629
v 0.438160 0.996508 0.813629
v 0.438160 0.996508 1.001129
v 1.563160 0.621508 1.001130
v 1.563160 0.621508 0.813629
v 0.438160 0.621508 0.813629
v 0.438160 0.621508 1.001130
v 1.694411 1.562133 1.002691
v 1.694411 1.562133 1.002691
v 1.694411 0.249633 1.002692
v 1.694411 0.249633 1.002692
v 0.438160 1.562133 1.002691
v 0.438160 1.562133 1.002691
v 0.438160 0.249633 1.002692
v 0.438160 0.249633 1.002692
vn -0.0000 1.0000 -0.0000
vn 1.0000 -0.0000 -0.0000
vn -0.0000 -0.0000 -1.0000
vn -0.0000 -0.0000 1.0000
vn -1.0000 -0.0000 -0.0000
vn -0.0000 -1.0000 -0.0000
vt 0.145986 0.948905
vt 0.145986 0.510949
vt 0.218978 0.510949
vt 0.218978 0.948905
vt 0.000000 1.000000
vt 0.000000 0.510949
vt 0.072993 0.510949
vt 0.072993 1.000000
vt 0.072993 1.000000
vt 0.072993 0.510949
vt 0.145985 0.510949
vt 0.145985 1.000000
vt 0.218978 0.948905
vt 0.218978 0.510949
vt 0.291971 0.510949
vt 0.291971 0.948905
vt 0.291971 0.948905
vt 0.291971 0.510949
vt 0.364964 0.510949
vt 0.364964 0.948905
vt 0.000000 0.000000
vt 0.489051 0.000000
vt 0.489051 0.510949
vt 0.000000 0.510949
vt 0.802920 0.510949
vt 0.489051 0.000000
vt 0.978102 0.000000
vt 0.978102 0.510949
vt 0.489051 0.510949
vt 0.364964 0.559611
vt 0.364964 0.510949
vt 0.389295 0.510949
vt 0.389295 0.559611
vt 0.656934 0.510949
vt 0.681265 0.510949
vt 0.681265 0.535280
vt 0.656934 0.535280
vt 0.632604 0.559611
vt 0.632604 0.510949
vt 0.656934 0.510949
vt 0.656934 0.559611
vt 0.705596 0.535280
vt 0.681265 0.535280
vt 0.681265 0.510949
vt 0.705596 0.510949
vt 0.437956 0.559611
vt 0.437956 0.510949
vt 0.462287 0.510949
vt 0.462287 0.559611
vt 0.486618 0.510949
vt 0.486618 0.559611
vt 0.462287 0.559611
vt 0.462287 0.510949
vt 0.486618 0.559611
vt 0.486618 0.510949
vt 0.510949 0.510949
vt 0.510949 0.559611
vt 0.705596 0.510949
vt 0.729927 0.510949
vt 0.729927 0.535280
vt 0.705596 0.535280
vt 0.389295 0.510949
vt 0.413626 0.510949
vt 0.413626 0.559611
vt 0.754258 0.535280
vt 0.729927 0.535280
vt 0.729927 0.510949
vt 0.754258 0.510949
vt 0.510949 0.510949
vt 0.535280 0.510949
vt 0.535280 0.559611
vt 0.559611 0.510949
vt 0.559611 0.559611
vt 0.535280 0.559611
vt 0.535280 0.510949
vt 0.413626 0.510949
vt 0.754258 0.510949
vt 0.778589 0.510949
vt 0.778589 0.535280
vt 0.754258 0.535280
vt 0.559611 0.559611
vt 0.559611 0.510949
vt 0.583942 0.510949
vt 0.583942 0.559611
vt 0.802920 0.535280
vt 0.778589 0.535280
vt 0.778589 0.510949
vt 0.802920 0.510949
vt 0.583942 0.559611
vt 0.583942 0.510949
vt 0.608273 0.510949
vt 0.608273 0.559611
vt 0.632604 0.510949
vt 0.632604 0.559611
vt 0.608273 0.559611
vt 0.608273 0.510949
s 0
g pipe-cover_wood-gasifier-pipe-cover
usemtl wood-gasifier-pipe-cover
f 490/1046/138 487/1047/138 488/1048/138 489/1049/138
f 518/1050/138 515/1051/138 516/1052/138 517/1053/138
f 522/1054/139 519/1055/139 520/1056/139 521/1057/139
f 526/1058/138 523/1059/138 524/1060/138 525/1061/138
f 530/1062/138 527/1063/138 528/1064/138 529/1065/138
f 534/1066/140 537/1067/140 535/1068/140 532/1069/140
f 533/1070/140 534/1070/139 532/1070/140 531/1070/139
f 538/1071/141 533/1072/141 531/1073/141 536/1074/141
f 537/1070/140 538/1070/142 536/1070/140 535/1070/142
f 536/1070/138 531/1070/140 532/1070/138 535/1070/140
f 537/1070/143 534/1070/140 533/1070/143 538/1070/140
f 494/1075/140 497/1076/140 495/1077/140 492/1078/140
f 493/1079/139 494/1080/139 492/1081/139 491/1082/139
f 498/1083/141 493/1084/141 491/1085/141 496/1086/141
f 497/1087/142 498/1088/142 496/1089/142 495/1090/142
f 496/1091/138 491/1092/138 492/1093/138 495/1094/138
f 497/1095/143 494/1096/143 493/1097/143 498/1098/143
f 502/1099/140 505/1100/140 503/1101/140 500/1102/140
f 501/1103/139 502/1104/139 500/1105/139 499/1106/139
f 506/1078/141 501/1107/141 499/1108/141 504/1109/141
f 505/1110/142 506/1111/142 504/1112/142 503/1113/142
f 504/1102/138 499/1114/138 500/1115/138 503/1116/138
f 505/1117/143 502/1118/143 501/1119/143 506/1120/143
f 510/1109/140 513/1121/140 511/1092/140 508/1091/140
f 509/1122/139 510/1123/139 508/1124/139 507/1125/139
f 514/1126/141 509/1127/141 507/1128/141 512/1129/141
f 513/1130/142 514/1131/142 512/1132/142 511/1133/142
f 512/1134/138 507/1135/138 508/1136/138 511/1137/138
f 513/1138/143 510/1139/143 509/1140/143 514/1141/143
g piping1_piping1
v 1.013160 1.843199 0.851129
v 1.013160 1.843199 0.876129
v 0.969226 1.887133 0.851129
v 0.969226 1.887133 0.876129
v 0.907094 1.887133 0.851129
v 0.907094 1.887133 0.876129
v 0.863160 1.843199 0.851129
v 0.863160 1.843199 0.876129
v 0.863160 1.781067 0.851129
v 0.863160 1.781067 0.876129
v 0.907094 1.737133 0.851129
v 0.907094 1.737133 0.876129
v 0.969226 1.737133 0.851129
v 0.969226 1.737133 0.876129
v 1.013160 1.781067 0.851129
v 1.013160 1.781067 0.876129
v 0.402259 0.748715 1.000725
v 0.402259 0.998715 1.000724
v 0.438870 0.748715 0.964112
v 0.438870 0.998715 0.964112
v 0.438870 0.748715 0.912335
v 0.438870 0.998715 0.912335
v 0.402259 0.748715 0.875724
v 0.402259 0.998715 0.875724
v 0.350482 0.748715 0.875724
v 0.350482 0.998715 0.875724
v 0.313870 0.748715 0.912335
v 0.313870 0.998715 0.912335
v 0.313870 0.748715 0.964112
v 0.313870 0.998715 0.964112
v 0.350482 0.748715 1.000725
v 0.350482 0.998715 1.000724
v 0.912272 1.874633 0.876129
v 0.912272 1.874633 0.501129
v 0.875660 1.838021 0.876129
v 0.875660 1.838021 0.501129
v 0.875660 1.786245 0.876129
v 0.875660 1.786245 0.501129
v 0.912272 1.749633 0.876129
v 0.912272 1.749633 0.501129
v 0.964049 1.749633 0.876129
v 0.964049 1.749633 0.501129
v 1.000660 1.786245 0.876129
v 1.000660 1.786245 0.501129
v 1.000660 1.838021 0.876129
v 1.000660 1.838021 0.501129
v 0.964049 1.874633 0.876129
v 0.964049 1.874633 0.501129
v 1.563160 0.286245 1.001130
v 0.438160 0.286245 1.001130
v 1.563160 0.249633 0.964517
v 0.438160 0.249633 0.964517
v 1.563160 0.249633 0.912742
v 0.438160 0.249633 0.912742
v 1.563160 0.286245 0.876130
v 0.438160 0.286245 0.876130
v 1.563160 0.338021 0.876130
v 0.438160 0.338021 0.876130
v 1.563160 0.374633 0.912742
v 0.438160 0.374633 0.912742
v 1.563160 0.374633 0.964517
v 0.438160 0.374633 0.964517
v 1.563160 0.338021 1.001130
v 0.438160 0.338021 1.001130
v 1.013160 1.843199 0.501129
v 1.013160 1.843199 0.526129
v 0.969226 1.887133 0.501129
v 0.969226 1.887133 0.526129
v 0.907094 1.887133 0.501129
v 0.907094 1.887133 0.526129
v 0.863160 1.843199 0.501129
v 0.863160 1.843199 0.526129
v 0.863160 1.781067 0.501129
v 0.863160 1.781067 0.526129
v 0.907094 1.737133 0.501129
v 0.907094 1.737133 0.526129
v 0.969226 1.737133 0.501129
v 0.969226 1.737133 0.526129
v 1.013160 1.781067 0.501129
v 1.013160 1.781067 0.526129
v 0.964049 1.374633 0.501129
v 0.964049 1.749633 0.501129
v 1.000660 1.374633 0.464517
v 1.000660 1.749633 0.464517
v 1.000660 1.374633 0.412741
v 1.000660 1.749633 0.412741
v 0.964049 1.374633 0.376129
v 0.964049 1.749633 0.376129
v 0.912272 1.374633 0.376129
v 0.912272 1.749633 0.376129
v 0.875660 1.374633 0.412741
v 0.875660 1.749633 0.412741
v 0.875660 1.374633 0.464517
v 0.875660 1.749633 0.464517
v 0.912272 1.374633 0.501129
v 0.912272 1.749633 0.501129
v 1.563160 1.411245 1.001129
v 0.438160 1.411245 1.001129
v 1.563160 1.374633 0.964517
v 0.438160 1.374633 0.964517
v 1.563160 1.374633 0.912741
v 0.438160 1.374633 0.912741
v 1.563160 1.411245 0.876129
v 0.438160 1.411245 0.876129
v 1.563160 1.463021 0.876129
v 0.438160 1.463021 0.876129
v 1.563160 1.499633 0.912741
v 0.438160 1.499633 0.912741
v 1.563160 1.499633 0.964517
v 0.438160 1.499633 0.964517
v 1.563160 1.463021 1.001129
v 0.438160 1.463021 1.001129
v 1.563160 1.036245 1.001129
v 0.438160 1.036245 1.001129
v 1.563160 0.999633 0.964517
v 0.438160 0.999633 0.964517
v 1.563160 0.999633 0.912741
v 0.438160 0.999633 0.912741
v 1.563160 1.036245 0.876129
v 0.438160 1.036245 0.876129
v 1.563160 1.088021 0.876129
v 0.438160 1.088021 0.876129
v 1.563160 1.124633 0.912741
v 0.438160 1.124633 0.912741
v 1.563160 1.124633 0.964517
v 0.438160 1.124633 0.964517
v 1.563160 1.088021 1.001129
v 0.438160 1.088021 1.001129
v 1.563160 0.661245 1.001130
v 0.438160 0.661245 1.001130
v 1.563160 0.624633 0.964517
v 0.438160 0.624633 0.964517
v 1.563160 0.624633 0.912741
v 0.438160 0.624633 0.912741
v 1.563160 0.661245 0.876129
v 0.438160 0.661245 0.876129
v 1.563160 0.713021 0.876129
v 0.438160 0.713021 0.876129
v 1.563160 0.749633 0.912741
v 0.438160 0.749633 0.912741
v 1.563160 0.749633 0.964517
v 0.438160 0.749633 0.964517
v 1.563160 0.713021 1.001130
v 0.438160 0.713021 1.001130
v 0.401548 1.499633 1.001129
v 0.401548 1.749633 1.001129
v 0.438160 1.499633 0.964517
v 0.438160 1.749633 0.964517
v 0.438160 1.499633 0.912741
v 0.438160 1.749633 0.912741
v 0.401548 1.499633 0.876129
v 0.401548 1.749633 0.876129
v 0.349772 1.499633 0.876129
v 0.349772 1.749633 0.876129
v 0.313160 1.499633 0.912741
v 0.313160 1.749633 0.912741
v 0.313160 1.499633 0.964517
v 0.313160 1.749633 0.964517
v 0.349772 1.499633 1.001129
v 0.349772 1.749633 1.001129
v 1.599772 1.124633 1.001129
v 1.599772 1.374633 1.001129
v 1.563160 1.124633 0.964517
v 1.563160 1.374633 0.964517
v 1.563160 1.124633 0.912741
v 1.563160 1.374633 0.912741
v 1.599772 1.124633 0.876129
v 1.599772 1.374633 0.876129
v 1.651548 1.124633 0.876129
v 1.651548 1.374633 0.876129
v 1.688160 1.124633 0.912741
v 1.688160 1.374633 0.912741
v 1.688160 1.124633 0.964517
v 1.688160 1.374633 0.964517
v 1.651548 1.124633 1.001129
v 1.651548 1.374633 1.001129
v 0.875660 1.786245 1.001129
v 0.438160 1.786245 1.001129
v 0.875660 1.749633 0.964517
v 0.438160 1.749633 0.964517
v 0.875660 1.749633 0.912741
v 0.438160 1.749633 0.912741
v 0.875660 1.786245 0.876129
v 0.438160 1.786245 0.876129
v 0.875660 1.838021 0.876129
v 0.438160 1.838021 0.876129
v 0.875660 1.874633 0.912740
v 0.438160 1.874633 0.912740
v 0.875660 1.874633 0.964517
v 0.438160 1.874633 0.964517
v 0.875660 1.838021 1.001129
v 0.438160 1.838021 1.001129
v 1.599772 0.374633 1.001130
v 1.599772 0.624633 1.001130
v 1.563160 0.374633 0.964517
v 1.563160 0.624633 0.964517
v 1.563160 0.374633 0.912742
v 1.563160 0.624633 0.912741
v 1.599772 0.374633 0.876130
v 1.599772 0.624633 0.876129
v 1.651548 0.374633 0.876130
v 1.651548 0.624633 0.876129
v 1.688160 0.374633 0.912742
v 1.688160 0.624633 0.912741
v 1.688160 0.374633 0.964517
v 1.688160 0.624633 0.964517
v 1.651548 0.374633 1.001130
v 1.651548 0.624633 1.001130
v 0.875775 1.749671 0.464635
v 0.912386 1.749671 0.501247
v 0.964162 1.749671 0.501247
v 1.000775 1.749671 0.464635
v 1.000775 1.749671 0.412859
v 0.964162 1.749671 0.376247
v 0.912386 1.749671 0.376247
v 0.875775 1.749671 0.412859
v 0.912386 1.749633 0.501228
v 0.875775 1.786245 0.501228
v 0.964162 1.749633 0.501228
v 1.000775 1.786245 0.501228
v 1.000775 1.838021 0.501228
v 0.964162 1.874633 0.501228
v 0.912386 1.874633 0.501228
v 0.875775 1.838021 0.501228
v 0.875775 1.832647 0.474179
v 0.875775 1.819142 0.450721
v 0.875775 1.800179 0.431750
v 0.875775 1.776723 0.418237
v 0.912386 1.789800 0.384041
v 0.912386 1.822521 0.402746
v 0.912386 1.848154 0.428388
v 0.912386 1.866846 0.461109
v 0.964162 1.789800 0.384041
v 0.964162 1.822521 0.402746
v 0.964162 1.848154 0.428388
v 0.964162 1.866846 0.461109
v 1.000775 1.776723 0.418237
v 1.000775 1.800178 0.431750
v 1.000775 1.819142 0.450721
v 1.000775 1.832647 0.474179
v 1.000775 1.758228 0.466599
v 1.000775 1.768581 0.472768
v 1.000775 1.778114 0.482304
v 1.000775 1.784282 0.492663
v 0.964162 1.745151 0.500795
v 0.964162 1.746239 0.501772
v 0.964162 1.749102 0.504637
v 0.964162 1.750082 0.505733
v 0.912386 1.745152 0.500795
v 0.912386 1.746239 0.501772
v 0.912386 1.749103 0.504637
v 0.912386 1.750083 0.505733
v 0.875775 1.758228 0.466599
v 0.875775 1.768581 0.472768
v 0.875775 1.778114 0.482304
v 0.875775 1.784282 0.492663
v 0.401832 1.749544 1.001900
v 0.438443 1.749544 0.965288
v 0.438443 1.749544 0.913512
v 0.401832 1.749544 0.876900
v 0.350055 1.749544 0.876900
v 0.313443 1.749544 0.913512
v 0.313443 1.749544 0.965288
v 0.350055 1.749544 1.001900
v 0.438424 1.749506 0.965288
v 0.438424 1.786117 1.001900
v 0.438424 1.749506 0.913512
v 0.438424 1.786117 0.876900
v 0.438424 1.837894 0.876900
v 0.438424 1.874506 0.913512
v 0.438424 1.874506 0.965288
v 0.438424 1.837894 1.001900
v 0.411376 1.832519 1.001900
v 0.387917 1.819015 1.001900
v 0.368947 1.800051 1.001900
v 0.355434 1.776595 1.001900
v 0.321237 1.789672 0.965288
v 0.339943 1.822393 0.965288
v 0.365585 1.848026 0.965288
v 0.398306 1.866719 0.965288
v 0.321237 1.789672 0.913512
v 0.339943 1.822393 0.913512
v 0.365584 1.848026 0.913512
v 0.398306 1.866719 0.913512
v 0.355434 1.776596 0.876900
v 0.368946 1.800051 0.876900
v 0.387917 1.819015 0.876900
v 0.411376 1.832519 0.876900
v 0.403795 1.758101 0.876900
v 0.409964 1.768454 0.876900
v 0.419501 1.777986 0.876900
v 0.429860 1.784154 0.876900
v 0.437991 1.745024 0.913512
v 0.438968 1.746111 0.913512
v 0.441833 1.748975 0.913512
v 0.442930 1.749955 0.913512
v 0.437991 1.745024 0.965288
v 0.438968 1.746111 0.965288
v 0.441833 1.748975 0.965288
v 0.442930 1.749955 0.965288
v 0.403795 1.758101 1.001900
v 0.409964 1.768454 1.001900
v 0.419501 1.777987 1.001900
v 0.429860 1.784154 1.001900
v 0.401579 0.999729 1.001100
v 0.438191 0.999729 0.964488
v 0.438191 0.999729 0.912711
v 0.401579 0.999729 0.876100
v 0.349803 0.999729 0.876100
v 0.313191 0.999729 0.912711
v 0.313191 0.999729 0.964488
v 0.349803 0.999729 1.001100
v 0.438172 0.999691 0.964488
v 0.438172 1.036302 1.001100
v 0.438172 0.999691 0.912711
v 0.438172 1.036302 0.876100
v 0.438172 1.088079 0.876100
v 0.438172 1.124691 0.912711
v 0.438172 1.124691 0.964488
v 0.438172 1.088079 1.001100
v 0.411123 1.082704 1.001100
v 0.387665 1.069200 1.001100
v 0.368694 1.050237 1.001100
v 0.355182 1.026780 1.001100
v 0.320985 1.039858 0.964488
v 0.339690 1.072579 0.964488
v 0.365332 1.098212 0.964488
v 0.398053 1.116904 0.964488
v 0.320985 1.039858 0.912711
v 0.339690 1.072579 0.912711
v 0.365332 1.098212 0.912711
v 0.398053 1.116904 0.912711
v 0.355182 1.026781 0.876100
v 0.368694 1.050236 0.876100
v 0.387665 1.069200 0.876100
v 0.411123 1.082704 0.876100
v 0.403543 1.008286 0.876100
v 0.409712 1.018639 0.876100
v 0.419248 1.028171 0.876100
v 0.429607 1.034340 0.876100
v 0.437739 0.995209 0.912711
v 0.438716 0.996297 0.912711
v 0.441581 0.999160 0.912711
v 0.442677 1.000140 0.912711
v 0.437739 0.995210 0.964488
v 0.438716 0.996297 0.964488
v 0.441581 0.999161 0.964488
v 0.442677 1.000140 0.964488
v 0.403543 1.008286 1.001100
v 0.409712 1.018639 1.001100
v 0.419248 1.028172 1.001100
v 0.429607 1.034340 1.001100
v 0.438081 1.463039 1.001339
v 0.438081 1.499651 0.964728
v 0.438081 1.499651 0.912951
v 0.438081 1.463039 0.876339
v 0.438081 1.411262 0.876339
v 0.438081 1.374651 0.912951
v 0.438081 1.374651 0.964728
v 0.438081 1.411262 1.001339
v 0.438119 1.499631 0.964728
v 0.401507 1.499631 1.001339
v 0.438119 1.499631 0.912951
v 0.401507 1.499631 0.876339
v 0.349730 1.499631 0.876339
v 0.313119 1.499631 0.912951
v 0.313119 1.499631 0.964728
v 0.349730 1.499631 1.001339
v 0.355105 1.472583 1.001339
v 0.368611 1.449125 1.001339
v 0.387573 1.430154 1.001339
v 0.411029 1.416641 1.001339
v 0.397952 1.382445 0.964728
v 0.365231 1.401150 0.964728
v 0.339598 1.426792 0.964728
v 0.320906 1.459513 0.964728
v 0.397952 1.382445 0.912951
v 0.365231 1.401150 0.912951
v 0.339598 1.426792 0.912951
v 0.320906 1.459513 0.912951
v 0.411029 1.416641 0.876339
v 0.387574 1.430154 0.876339
v 0.368611 1.449125 0.876339
v 0.355105 1.472583 0.876339
v 0.429523 1.465002 0.876339
v 0.419171 1.471172 0.876339
v 0.409638 1.480708 0.876339
v 0.403470 1.491067 0.876339
v 0.442601 1.499199 0.912951
v 0.441513 1.500175 0.912951
v 0.438649 1.503041 0.912951
v 0.437670 1.504137 0.912951
v 0.442600 1.499199 0.964728
v 0.441513 1.500175 0.964728
v 0.438649 1.503041 0.964728
v 0.437669 1.504137 0.964728
v 0.429523 1.465002 1.001339
v 0.419171 1.471172 1.001339
v 0.409638 1.480708 1.001339
v 0.403470 1.491067 1.001339
v 0.401493 0.749615 0.875992
v 0.438104 0.749615 0.912604
v 0.438104 0.749615 0.964381
v 0.401493 0.749615 1.000993
v 0.349716 0.749615 1.000993
v 0.313104 0.749615 0.964381
v 0.313104 0.749615 0.912604
v 0.349716 0.749615 0.875992
v 0.438085 0.749653 0.912604
v 0.438085 0.713041 0.875992
v 0.438085 0.749653 0.964381
v 0.438085 0.713041 1.000993
v 0.438085 0.661264 1.000993
v 0.438085 0.624653 0.964381
v 0.438085 0.624653 0.912604
v 0.438085 0.661264 0.875992
v 0.411037 0.666639 0.875992
v 0.387578 0.680144 0.875992
v 0.368608 0.699107 0.875992
v 0.355095 0.722563 0.875992
v 0.320898 0.709486 0.912604
v 0.339604 0.676765 0.912604
v 0.365246 0.651132 0.912604
v 0.397967 0.632439 0.912604
v 0.320898 0.709486 0.964381
v 0.339604 0.676765 0.964381
v 0.365246 0.651132 0.964381
v 0.397967 0.632439 0.964381
v 0.355095 0.722563 1.000993
v 0.368608 0.699107 1.000993
v 0.387578 0.680144 1.000993
v 0.411037 0.666639 1.000993
v 0.403456 0.741057 1.000993
v 0.409625 0.730705 1.000993
v 0.419162 0.721172 1.000993
v 0.429521 0.715004 1.000993
v 0.437652 0.754134 0.964381
v 0.438629 0.753047 0.964381
v 0.441494 0.750183 0.964381
v 0.442591 0.749203 0.964381
v 0.437652 0.754134 0.912604
v 0.438629 0.753047 0.912604
v 0.441494 0.750183 0.912604
v 0.442591 0.749203 0.912604
v 0.403456 0.741057 0.875992
v 0.409625 0.730705 0.875992
v 0.419162 0.721172 0.875992
v 0.429521 0.715004 0.875992
v 1.599685 1.374708 0.876088
v 1.563073 1.374708 0.912700
v 1.563073 1.374708 0.964477
v 1.599685 1.374708 1.001088
v 1.651463 1.374708 1.001088
v 1.688073 1.374708 0.964477
v 1.688073 1.374708 0.912700
v 1.651463 1.374708 0.876088
v 1.563093 1.374670 0.912700
v 1.563093 1.411282 0.876088
v 1.563093 1.374670 0.964477
v 1.563093 1.411282 1.001088
v 1.563093 1.463059 1.001088
v 1.563093 1.499670 0.964477
v 1.563093 1.499670 0.912700
v 1.563093 1.463059 0.876088
v 1.590142 1.457684 0.876088
v 1.613600 1.444179 0.876088
v 1.632571 1.425216 0.876088
v 1.646084 1.401760 0.876088
v 1.680279 1.414837 0.912700
v 1.661574 1.447558 0.912700
v 1.635932 1.473191 0.912700
v 1.603211 1.491884 0.912700
v 1.680279 1.414837 0.964477
v 1.661574 1.447558 0.964477
v 1.635932 1.473191 0.964477
v 1.603211 1.491884 0.964477
v 1.646084 1.401760 1.001088
v 1.632571 1.425216 1.001088
v 1.613600 1.444179 1.001088
v 1.590142 1.457684 1.001088
v 1.597723 1.383266 1.001088
v 1.591553 1.393618 1.001088
v 1.582016 1.403151 1.001088
v 1.571657 1.409319 1.001088
v 1.563525 1.370189 0.964477
v 1.562550 1.371276 0.964477
v 1.559684 1.374140 0.964477
v 1.558588 1.375119 0.964477
v 1.563525 1.370189 0.912700
v 1.562550 1.371276 0.912700
v 1.559684 1.374140 0.912700
v 1.558588 1.375120 0.912700
v 1.597723 1.383266 0.876088
v 1.591553 1.393618 0.876088
v 1.582016 1.403151 0.876088
v 1.571657 1.409319 0.876088
v 1.599741 1.124548 1.000978
v 1.563129 1.124548 0.964366
v 1.563129 1.124548 0.912590
v 1.599741 1.124548 0.875978
v 1.651517 1.124548 0.875978
v 1.688129 1.124548 0.912589
v 1.688129 1.124548 0.964366
v 1.651517 1.124548 1.000978
v 1.563148 1.124586 0.964366
v 1.563148 1.087975 1.000978
v 1.563148 1.124586 0.912590
v 1.563148 1.087975 0.875978
v 1.563148 1.036198 0.875978
v 1.563148 0.999586 0.912589
v 1.563148 0.999586 0.964366
v 1.563148 1.036198 1.000978
v 1.590198 1.041573 1.000978
v 1.613656 1.055077 1.000978
v 1.632627 1.074041 1.000978
v 1.646138 1.097497 1.000978
v 1.680336 1.084420 0.964366
v 1.661630 1.051698 0.964366
v 1.635988 1.026066 0.964366
v 1.603267 1.007373 0.964366
v 1.680336 1.084420 0.912589
v 1.661630 1.051698 0.912589
v 1.635988 1.026066 0.912589
v 1.603267 1.007373 0.912589
v 1.646138 1.097496 0.875978
v 1.632627 1.074041 0.875978
v 1.613656 1.055077 0.875978
v 1.590198 1.041573 0.875978
v 1.597777 1.115991 0.875978
v 1.591609 1.105638 0.875978
v 1.582072 1.096106 0.875978
v 1.571713 1.089937 0.875978
v 1.563581 1.129068 0.912590
v 1.562604 1.127981 0.912590
v 1.559740 1.125117 0.912590
v 1.558644 1.124137 0.912590
v 1.563581 1.129068 0.964366
v 1.562604 1.127981 0.964366
v 1.559740 1.125117 0.964366
v 1.558644 1.124137 0.964366
v 1.597777 1.115991 1.000978
v 1.591609 1.105638 1.000978
v 1.582072 1.096105 1.000978
v 1.571713 1.089937 1.000978
v 1.599235 0.624680 0.876251
v 1.562623 0.624680 0.912862
v 1.562623 0.624680 0.964639
v 1.599235 0.624680 1.001251
v 1.651011 0.624680 1.001251
v 1.687623 0.624680 0.964639
v 1.687623 0.624680 0.912862
v 1.651011 0.624680 0.876251
v 1.562643 0.624641 0.912862
v 1.562643 0.661253 0.876251
v 1.562643 0.624641 0.964639
v 1.562643 0.661253 1.001251
v 1.562643 0.713030 1.001251
v 1.562643 0.749641 0.964639
v 1.562643 0.749641 0.912862
v 1.562643 0.713030 0.876251
v 1.589690 0.707655 0.876251
v 1.613149 0.694150 0.876251
v 1.632119 0.675187 0.876251
v 1.645633 0.651731 0.876251
v 1.679828 0.664808 0.912862
v 1.661124 0.697529 0.912862
v 1.635482 0.723162 0.912862
v 1.602761 0.741855 0.912862
v 1.679828 0.664808 0.964639
v 1.661124 0.697529 0.964639
v 1.635482 0.723162 0.964639
v 1.602761 0.741855 0.964639
v 1.645633 0.651732 1.001251
v 1.632119 0.675187 1.001251
v 1.613149 0.694150 1.001251
v 1.589690 0.707655 1.001251
v 1.597271 0.633237 1.001251
v 1.591102 0.643590 1.001251
v 1.581565 0.653122 1.001251
v 1.571207 0.659290 1.001251
v 1.563076 0.620160 0.964639
v 1.562099 0.621247 0.964639
v 1.559233 0.624111 0.964639
v 1.558136 0.625091 0.964639
v 1.563076 0.620160 0.912862
v 1.562099 0.621247 0.912862
v 1.559233 0.624111 0.912862
v 1.558136 0.625091 0.912862
v 1.597271 0.633237 0.876251
v 1.591102 0.643590 0.876251
v 1.581565 0.653122 0.876251
v 1.571207 0.659290 0.876251
v 1.599904 0.374752 1.001130
v 1.563293 0.374752 0.964517
v 1.563293 0.374752 0.912742
v 1.599904 0.374752 0.876130
v 1.651680 0.374752 0.876130
v 1.688293 0.374752 0.912742
v 1.688293 0.374752 0.964517
v 1.651680 0.374752 1.001130
v 1.563312 0.374790 0.964517
v 1.563312 0.338179 1.001130
v 1.563312 0.374790 0.912742
v 1.563312 0.338179 0.876130
v 1.563312 0.286402 0.876130
v 1.563312 0.249790 0.912742
v 1.563312 0.249790 0.964517
v 1.563312 0.286402 1.001130
v 1.590359 0.291777 1.001130
v 1.613818 0.305281 1.001130
v 1.632788 0.324245 1.001130
v 1.646302 0.347701 1.001130
v 1.680498 0.334623 0.964517
v 1.661793 0.301902 0.964517
v 1.636152 0.276270 0.964517
v 1.603430 0.257577 0.964517
v 1.680498 0.334623 0.912742
v 1.661793 0.301902 0.912742
v 1.636152 0.276270 0.912742
v 1.603430 0.257577 0.912742
v 1.646302 0.347700 0.876130
v 1.632788 0.324245 0.876130
v 1.613818 0.305281 0.876130
v 1.590359 0.291777 0.876130
v 1.597940 0.366195 0.876130
v 1.591771 0.355842 0.876130
v 1.582234 0.346310 0.876130
v 1.571877 0.340141 0.876130
v 1.563745 0.379272 0.912742
v 1.562768 0.378184 0.912742
v 1.559902 0.375321 0.912742
v 1.558806 0.374341 0.912742
v 1.563745 0.379272 0.964517
v 1.562768 0.378184 0.964517
v 1.559902 0.375321 0.964517
v 1.558806 0.374341 0.964517
v 1.597940 0.366195 1.001130
v 1.591771 0.355842 1.001130
v 1.582234 0.346309 1.001130
v 1.571877 0.340141 1.001130
v 0.401499 0.249559 0.876140
v 0.438110 0.286171 0.876140
v 0.438110 0.337948 0.876140
v 0.401499 0.374559 0.876140
v 0.349722 0.374559 0.876140
v 0.313110 0.337948 0.876140
v 0.313110 0.286171 0.876140
v 0.349722 0.249559 0.876140
v 0.438091 0.286171 0.876103
v 0.438091 0.249559 0.912714
v 0.438091 0.337948 0.876103
v 0.438091 0.374559 0.912714
v 0.438091 0.374559 0.964491
v 0.438091 0.337948 1.001102
v 0.438091 0.286171 1.001102
v 0.438091 0.249559 0.964491
v 0.411043 0.249559 0.959116
v 0.387584 0.249559 0.945611
v 0.368613 0.249559 0.926648
v 0.355101 0.249559 0.903192
v 0.320904 0.286171 0.916268
v 0.339609 0.286171 0.948990
v 0.365251 0.286171 0.974622
v 0.397972 0.286171 0.993316
v 0.320904 0.337948 0.916268
v 0.339609 0.337948 0.948990
v 0.365251 0.337948 0.974622
v 0.397972 0.337948 0.993316
v 0.355101 0.374559 0.903193
v 0.368613 0.374559 0.926648
v 0.387584 0.374559 0.945611
v 0.411043 0.374559 0.959116
v 0.403462 0.374559 0.884697
v 0.409631 0.374559 0.895051
v 0.419167 0.374559 0.904583
v 0.429526 0.374559 0.910751
v 0.437658 0.337948 0.871621
v 0.438635 0.337948 0.872707
v 0.441500 0.337948 0.875571
v 0.442596 0.337948 0.876552
v 0.437658 0.286171 0.871621
v 0.438635 0.286171 0.872707
v 0.441500 0.286171 0.875571
v 0.442596 0.286171 0.876552
v 0.403462 0.249559 0.884697
v 0.409631 0.249559 0.895051
v 0.419167 0.249559 0.904584
v 0.429526 0.249559 0.910751
v 0.875718 1.749605 0.912765
v 0.875718 1.786217 0.876153
v 0.875718 1.837993 0.876153
v 0.875718 1.874605 0.912765
v 0.875718 1.874605 0.964542
v 0.875718 1.837993 1.001153
v 0.875718 1.786217 1.001153
v 0.875718 1.749605 0.964542
v 0.875679 1.786217 0.876173
v 0.912291 1.749605 0.876173
v 0.875679 1.837993 0.876173
v 0.912291 1.874605 0.876173
v 0.964068 1.874605 0.876173
v 1.000679 1.837993 0.876173
v 1.000679 1.786217 0.876173
v 0.964068 1.749605 0.876173
v 0.958694 1.749605 0.903221
v 0.945189 1.749605 0.926680
v 0.926225 1.749605 0.945650
v 0.902769 1.749605 0.959163
v 0.915846 1.786217 0.993359
v 0.948568 1.786217 0.974654
v 0.974200 1.786217 0.949012
v 0.992893 1.786217 0.916291
v 0.915846 1.837993 0.993359
v 0.948568 1.837993 0.974654
v 0.974200 1.837993 0.949012
v 0.992893 1.837993 0.916291
v 0.902769 1.874605 0.959163
v 0.926224 1.874605 0.945650
v 0.945189 1.874605 0.926680
v 0.958694 1.874605 0.903221
v 0.884275 1.874605 0.910802
v 0.894627 1.874605 0.904633
v 0.904160 1.874605 0.895096
v 0.910329 1.874605 0.884737
v 0.871198 1.837993 0.876605
v 0.872285 1.837993 0.875629
v 0.875149 1.837993 0.872763
v 0.876128 1.837993 0.871667
v 0.871198 1.786217 0.876605
v 0.872285 1.786217 0.875629
v 0.875149 1.786217 0.872763
v 0.876130 1.786217 0.871667
v 0.884275 1.749605 0.910802
v 0.894627 1.749605 0.904633
v 0.904160 1.749605 0.895096
v 0.910329 1.749605 0.884737
vn 0.7071 0.7071 -0.0000
vn -0.0000 1.0000 -0.0000
vn -0.7071 0.7071 -0.0000
vn -1.0000 -0.0000 -0.0000
vn -0.7071 -0.7071 -0.0000
vn -0.0000 -1.0000 -0.0000
vn 0.7071 -0.7071 -0.0000
vn -0.0000 -0.0000 1.0000
vn 1.0000 -0.0000 -0.0000
vn -0.0000 -0.0000 -1.0000
vn 0.7071 -0.0000 0.7071
vn 0.7071 -0.0000 -0.7071
vn -0.7071 -0.0000 -0.7071
vn -0.7071 -0.0000 0.7071
vn -0.0000 -0.7071 0.7071
vn -0.0000 -0.7071 -0.7071
vn -0.0000 0.7071 -0.7071
vn -0.0000 0.7071 0.7071
vn -0.7011 0.6997 -0.1371
vn -0.0000 0.9817 -0.1905
vn 0.7011 0.6997 -0.1371
vn 0.6957 -0.6731 0.2510
vn -0.6957 -0.6731 0.2508
vn -0.7033 0.6168 -0.3535
vn -0.7041 0.5022 -0.5020
vn -0.7033 0.3537 -0.6167
vn -0.7011 0.1372 -0.6997
vn -0.0000 0.8683 -0.4960
vn -0.0000 0.7072 -0.7070
vn -0.0000 0.4963 -0.8682
vn -0.0000 0.1907 -0.9817
vn 0.7033 0.6168 -0.3535
vn 0.7041 0.5022 -0.5020
vn 0.7033 0.3537 -0.6167
vn 0.7011 0.1372 -0.6997
vn 0.7030 -0.6034 0.3765
vn 0.7041 -0.5022 0.5020
vn 0.7029 -0.3768 0.6033
vn 0.6956 -0.2520 0.6728
vn -0.0000 -0.7455 0.6665
vn -0.0000 -0.7073 0.7069
vn -0.0000 -0.6683 0.7439
vn -0.7029 -0.6034 0.3765
vn -0.7041 -0.5022 0.5020
vn -0.7029 -0.3768 0.6032
vn -0.6956 -0.2519 0.6728
vn -0.1371 0.6997 0.7011
vn -0.1905 0.9817 -0.0000
vn -0.1371 0.6997 -0.7011
vn 0.2511 -0.6730 -0.6957
vn 0.2511 -0.6730 0.6957
vn -0.3535 0.6168 0.7033
vn -0.5020 0.5022 0.7041
vn -0.6167 0.3537 0.7033
vn -0.6997 0.1372 0.7011
vn -0.4960 0.8683 -0.0000
vn -0.7070 0.7072 -0.0000
vn -0.8681 0.4963 -0.0000
vn -0.9817 0.1907 -0.0000
vn -0.3535 0.6168 -0.7033
vn -0.5020 0.5022 -0.7041
vn -0.6167 0.3537 -0.7033
vn -0.6997 0.1372 -0.7011
vn 0.3765 -0.6034 -0.7029
vn 0.5020 -0.5022 -0.7041
vn 0.6032 -0.3768 -0.7029
vn 0.6728 -0.2518 -0.6956
vn 0.6662 -0.7458 -0.0000
vn 0.7070 -0.7072 -0.0000
vn 0.7437 -0.6685 -0.0000
vn 0.3765 -0.6034 0.7029
vn 0.5020 -0.5022 0.7042
vn 0.6032 -0.3768 0.7029
vn 0.6728 -0.2518 0.6956
vn -0.1371 0.6997 -0.7012
vn 0.2509 -0.6731 -0.6957
vn 0.2508 -0.6731 0.6957
vn -0.6167 0.3536 0.7033
vn -0.8682 0.4963 -0.0000
vn -0.5020 0.5022 -0.7042
vn 0.3766 -0.6034 -0.7029
vn 0.6728 -0.2520 -0.6956
vn 0.6664 -0.7456 -0.0000
vn 0.7069 -0.7073 -0.0000
vn 0.7439 -0.6683 -0.0000
vn 0.5020 -0.5022 0.7041
vn 0.6728 -0.2519 0.6956
vn -0.6997 -0.1371 0.7011
vn -0.9817 -0.1905 -0.0000
vn -0.6997 -0.1371 -0.7011
vn 0.6730 0.2511 -0.6957
vn 0.6731 0.2510 0.6957
vn -0.6168 -0.3535 0.7033
vn -0.5022 -0.5020 0.7042
vn -0.3537 -0.6167 0.7033
vn -0.1372 -0.6997 0.7011
vn -0.8683 -0.4960 -0.0000
vn -0.7072 -0.7070 -0.0000
vn -0.4963 -0.8682 -0.0000
vn -0.1907 -0.9817 -0.0000
vn -0.6168 -0.3535 -0.7033
vn -0.5022 -0.5020 -0.7041
vn -0.3537 -0.6167 -0.7033
vn -0.1372 -0.6997 -0.7011
vn 0.6034 0.3765 -0.7029
vn 0.5022 0.5020 -0.7041
vn 0.3768 0.6032 -0.7029
vn 0.2518 0.6728 -0.6956
vn 0.7456 0.6664 -0.0000
vn 0.7073 0.7069 -0.0000
vn 0.6680 0.7442 -0.0000
vn 0.6034 0.3765 0.7029
vn 0.5022 0.5020 0.7041
vn 0.3768 0.6032 0.7029
vn 0.2517 0.6729 0.6956
vn -0.1371 -0.6997 -0.7011
vn -0.1905 -0.9817 -0.0000
vn -0.1371 -0.6997 0.7011
vn 0.2510 0.6731 0.6957
vn 0.2510 0.6731 -0.6957
vn -0.3535 -0.6168 -0.7033
vn -0.5020 -0.5022 -0.7041
vn -0.6167 -0.3537 -0.7033
vn -0.6997 -0.1372 -0.7011
vn -0.4960 -0.8683 -0.0000
vn -0.7070 -0.7072 -0.0000
vn -0.8681 -0.4963 -0.0000
vn -0.9817 -0.1907 -0.0000
vn -0.3535 -0.6167 0.7033
vn -0.5020 -0.5022 0.7041
vn -0.6166 -0.3537 0.7033
vn -0.6997 -0.1372 0.7011
vn 0.3765 0.6034 0.7029
vn 0.5020 0.5022 0.7041
vn 0.6032 0.3768 0.7029
vn 0.6729 0.2517 0.6956
vn 0.6662 0.7458 -0.0000
vn 0.7070 0.7072 -0.0000
vn 0.7437 0.6685 -0.0000
vn 0.3765 0.6034 -0.7029
vn 0.5020 0.5022 -0.7041
vn 0.6032 0.3768 -0.7029
vn 0.6729 0.2517 -0.6956
vn 0.1371 0.6997 -0.7011
vn 0.1905 0.9817 -0.0000
vn 0.1371 0.6997 0.7011
vn -0.2511 -0.6730 0.6957
vn -0.2510 -0.6731 -0.6957
vn 0.3535 0.6168 -0.7033
vn 0.6167 0.3537 -0.7033
vn 0.6997 0.1372 -0.7011
vn 0.4960 0.8683 -0.0000
vn 0.8682 0.4963 -0.0000
vn 0.9817 0.1907 -0.0000
vn 0.3535 0.6167 0.7033
vn 0.6167 0.3537 0.7033
vn 0.6997 0.1372 0.7011
vn -0.3765 -0.6034 0.7029
vn -0.5020 -0.5022 0.7042
vn -0.6032 -0.3768 0.7029
vn -0.6728 -0.2517 0.6957
vn -0.6664 -0.7456 -0.0000
vn -0.7068 -0.7074 -0.0000
vn -0.7441 -0.6680 -0.0000
vn -0.3765 -0.6034 -0.7029
vn -0.6033 -0.3768 -0.7029
vn -0.6729 -0.2517 -0.6956
vn 0.1371 -0.6997 0.7011
vn 0.1905 -0.9817 -0.0000
vn 0.1371 -0.6997 -0.7011
vn -0.2508 0.6731 -0.6957
vn -0.2508 0.6731 0.6957
vn 0.3535 -0.6168 0.7033
vn 0.6167 -0.3536 0.7033
vn 0.6997 -0.1372 0.7011
vn 0.4960 -0.8683 -0.0000
vn 0.8682 -0.4963 -0.0000
vn 0.9817 -0.1907 -0.0000
vn 0.3535 -0.6168 -0.7033
vn 0.6167 -0.3536 -0.7033
vn 0.6997 -0.1372 -0.7011
vn -0.3766 0.6034 -0.7029
vn -0.6033 0.3768 -0.7029
vn -0.6728 0.2520 -0.6956
vn -0.6665 0.7455 -0.0000
vn -0.7437 0.6685 -0.0000
vn -0.3765 0.6034 0.7029
vn -0.6033 0.3768 0.7029
vn -0.6728 0.2520 0.6956
vn -0.2509 -0.6731 0.6957
vn 0.3535 0.6167 -0.7033
vn 0.3535 0.6168 0.7033
vn -0.6729 -0.2517 0.6956
vn -0.6662 -0.7457 -0.0000
vn -0.7437 -0.6685 -0.0000
vn -0.6032 -0.3768 -0.7029
vn 0.6167 -0.3537 0.7033
vn 0.8681 -0.4963 -0.0000
vn 0.6167 -0.3537 -0.7033
vn -0.5019 0.5022 -0.7041
vn -0.6728 0.2519 -0.6956
vn -0.7069 0.7074 -0.0000
vn -0.7440 0.6682 -0.0000
vn -0.3766 0.6034 0.7029
vn -0.6728 0.2519 0.6956
vn -0.1371 -0.7011 0.6997
vn -0.1905 -0.0000 0.9817
vn -0.1371 0.7012 0.6997
vn 0.2510 0.6957 -0.6731
vn 0.2510 -0.6957 -0.6731
vn -0.3535 -0.7033 0.6168
vn -0.5020 -0.7041 0.5022
vn -0.6167 -0.7033 0.3536
vn -0.6997 -0.7011 0.1372
vn -0.4960 -0.0000 0.8683
vn -0.7070 -0.0000 0.7072
vn -0.8682 -0.0000 0.4963
vn -0.9817 -0.0000 0.1907
vn -0.3535 0.7033 0.6168
vn -0.5020 0.7042 0.5022
vn -0.6167 0.7033 0.3536
vn -0.6997 0.7011 0.1372
vn 0.3765 0.7029 -0.6034
vn 0.5020 0.7041 -0.5022
vn 0.6032 0.7029 -0.3768
vn 0.6728 0.6956 -0.2518
vn 0.6666 -0.0000 -0.7455
vn 0.7070 -0.0000 -0.7072
vn 0.7437 -0.0000 -0.6685
vn 0.3765 -0.7029 -0.6034
vn 0.5020 -0.7041 -0.5022
vn 0.6032 -0.7029 -0.3768
vn 0.6728 -0.6956 -0.2518
vn 0.6997 -0.7011 0.1371
vn 0.9817 -0.0000 0.1905
vn 0.6997 0.7011 0.1371
vn -0.6730 0.6957 -0.2511
vn -0.6731 -0.6957 -0.2509
vn 0.6168 -0.7033 0.3535
vn 0.5022 -0.7041 0.5020
vn 0.3537 -0.7033 0.6167
vn 0.1372 -0.7011 0.6997
vn 0.8683 -0.0000 0.4960
vn 0.7072 -0.0000 0.7070
vn 0.4963 -0.0000 0.8682
vn 0.1907 -0.0000 0.9817
vn 0.6168 0.7033 0.3535
vn 0.5022 0.7041 0.5020
vn 0.3537 0.7033 0.6167
vn 0.1372 0.7011 0.6997
vn -0.6034 0.7029 -0.3765
vn -0.5022 0.7041 -0.5020
vn -0.3768 0.7029 -0.6033
vn -0.2517 0.6956 -0.6729
vn -0.7456 -0.0000 -0.6664
vn -0.7074 -0.0000 -0.7069
vn -0.6681 -0.0000 -0.7441
vn -0.6034 -0.7029 -0.3765
vn -0.5022 -0.7041 -0.5020
vn -0.3768 -0.7029 -0.6032
vn -0.2517 -0.6956 -0.6729
vt 0.517301 0.624136
vt 0.516873 0.643614
vt 0.505792 0.643614
vt 0.506220 0.624136
vt 0.562443 0.759239
vt 0.562443 0.786785
vt 0.554893 0.786785
vt 0.554893 0.759239
vt 0.372639 0.565263
vt 0.372210 0.545785
vt 0.383291 0.545785
vt 0.383719 0.565263
vt 0.372210 0.518239
vt 0.383291 0.518239
vt 0.372639 0.498762
vt 0.383719 0.498761
vt 0.554893 0.814331
vt 0.554893 0.786785
vt 0.562434 0.786785
vt 0.562434 0.814331
vt 0.516873 0.577113
vt 0.517301 0.596591
vt 0.506220 0.596591
vt 0.505792 0.577113
vt 0.275181 0.842353
vt 0.260860 0.822874
vt 0.260860 0.795328
vt 0.275181 0.775851
vt 0.295434 0.775852
vt 0.309755 0.795331
vt 0.309755 0.822877
vt 0.295434 0.842354
vt 0.806559 0.844251
vt 0.786333 0.844252
vt 0.772030 0.824774
vt 0.772030 0.797229
vt 0.786333 0.777750
vt 0.806559 0.777749
vt 0.820862 0.797226
vt 0.820862 0.824772
vt 0.713079 0.609597
vt 0.729663 0.609597
vt 0.729663 0.720432
vt 0.713079 0.720432
vt 0.752613 0.609597
vt 0.752613 0.720432
vt 0.768484 0.609597
vt 0.768484 0.720432
vt 0.955569 0.332507
vt 0.978524 0.332508
vt 0.978524 0.413894
vt 0.955569 0.413893
vt 0.713079 0.498761
vt 0.728950 0.498761
vt 0.728950 0.609597
vt 0.713079 0.609597
vt 0.751899 0.498761
vt 0.751899 0.609597
vt 0.151257 0.947927
vt 0.151257 0.924972
vt 0.162301 0.908741
vt 0.177918 0.908741
vt 0.188961 0.924972
vt 0.188961 0.947927
vt 0.177918 0.964159
vt 0.162301 0.964159
vt 0.768484 0.498761
vt 0.768484 0.609597
vt 0.713079 0.923406
vt 0.724136 0.907175
vt 0.739774 0.907175
vt 0.750830 0.923407
vt 0.750831 0.946361
vt 0.739774 0.962593
vt 0.724136 0.962593
vt 0.713079 0.946361
vt 0.381533 0.751130
vt 0.404488 0.751128
vt 0.404488 0.832620
vt 0.381533 0.832621
vt 0.601629 0.665331
vt 0.601629 0.499118
vt 0.617861 0.498761
vt 0.617861 0.664974
vt 0.578675 0.665331
vt 0.578675 0.499118
vt 0.562443 0.664974
vt 0.562443 0.498761
vt 0.887806 0.168924
vt 0.887806 0.055811
vt 0.910760 0.055811
vt 0.910760 0.168924
vt 0.244628 0.665332
vt 0.244628 0.499118
vt 0.260860 0.498762
vt 0.260860 0.664975
vt 0.221674 0.665332
vt 0.221674 0.499118
vt 0.205442 0.664975
vt 0.205442 0.498762
vt -0.000000 0.916306
vt 0.011934 0.900075
vt 0.028811 0.900076
vt 0.040746 0.916308
vt 0.040746 0.939263
vt 0.028811 0.955494
vt 0.011934 0.955493
vt -0.000000 0.939261
vt 0.482838 0.690367
vt 0.482838 0.577113
vt 0.505792 0.577113
vt 0.505792 0.690367
vt 0.956440 0.609021
vt 0.956440 0.631976
vt 0.944521 0.648208
vt 0.927666 0.648209
vt 0.915747 0.631978
vt 0.915747 0.609023
vt 0.927666 0.592791
vt 0.944521 0.592790
vt 0.693792 0.498761
vt 0.693792 0.000000
vt 0.716731 -0.000000
vt 0.716731 0.498761
vt 0.678175 0.498761
vt 0.678175 0.000000
vt 0.427426 0.000001
vt 0.427426 0.498761
vt 0.404488 0.498761
vt 0.404488 0.000001
vt 0.444281 -0.000000
vt 0.444281 0.498761
vt 0.655235 0.498761
vt 0.655235 0.000000
vt 0.678175 0.000000
vt 0.678175 0.498761
vt 0.639598 0.498761
vt 0.639598 -0.000000
vt 0.308005 0.000000
vt 0.308005 0.498761
vt 0.285069 0.498761
vt 0.285069 0.000000
vt 0.832401 0.205440
vt 0.832401 0.182485
vt 0.848629 0.166254
vt 0.871578 0.166254
vt 0.887806 0.182485
vt 0.887806 0.205440
vt 0.871578 0.221671
vt 0.848629 0.221671
vt 0.324882 0.000001
vt 0.324882 0.498762
vt 0.713079 0.801754
vt 0.729307 0.785522
vt 0.752256 0.785522
vt 0.768484 0.801754
vt 0.768484 0.824709
vt 0.752256 0.840940
vt 0.729307 0.840940
vt 0.713079 0.824709
vt 0.383719 0.678788
vt 0.383291 0.698266
vt 0.372210 0.698266
vt 0.372638 0.678788
vt 0.380923 0.775851
vt 0.380923 0.803397
vt 0.373373 0.803397
vt 0.373373 0.775851
vt 0.372639 0.631764
vt 0.372211 0.612286
vt 0.383291 0.612286
vt 0.383719 0.631764
vt 0.372211 0.584741
vt 0.383291 0.584741
vt 0.372639 0.565263
vt 0.383719 0.565263
vt 0.105828 0.805868
vt 0.105828 0.778322
vt 0.113368 0.778322
vt 0.113368 0.805868
vt 0.383291 0.631764
vt 0.383719 0.651242
vt 0.372638 0.651242
vt 0.372210 0.631764
vt 0.576764 0.842668
vt 0.562443 0.823190
vt 0.562443 0.795644
vt 0.576764 0.776167
vt 0.597017 0.776168
vt 0.611338 0.795646
vt 0.611338 0.823192
vt 0.597017 0.842669
vt 0.091525 0.844823
vt 0.071299 0.844824
vt 0.056996 0.825347
vt 0.056996 0.797801
vt 0.071299 0.778323
vt 0.091525 0.778322
vt 0.105828 0.797799
vt 0.105828 0.825345
vt 0.316265 0.498762
vt 0.332849 0.498762
vt 0.332849 0.665015
vt 0.316265 0.665015
vt 0.355798 0.498762
vt 0.355798 0.665015
vt 0.371669 0.498762
vt 0.371669 0.665015
vt 0.168910 0.709528
vt 0.191865 0.709529
vt 0.191865 0.831607
vt 0.168910 0.831606
vt 0.260860 0.498762
vt 0.276731 0.498762
vt 0.276731 0.665015
vt 0.260860 0.665015
vt 0.299680 0.498762
vt 0.299680 0.665015
vt 0.316265 0.498762
vt 0.316265 0.665015
vt 0.168910 0.587290
vt 0.191865 0.587289
vt 0.191865 0.709526
vt 0.168910 0.709527
vt 0.260860 0.924831
vt 0.271917 0.908600
vt 0.287554 0.908600
vt 0.298612 0.924831
vt 0.298612 0.947786
vt 0.287554 0.964018
vt 0.271917 0.964017
vt 0.260860 0.947786
vt 0.732349 0.498761
vt 0.732349 0.000000
vt 0.755288 -0.000000
vt 0.755288 0.498761
vt 0.716731 0.498761
vt 0.716731 0.000000
vt 0.467218 0.000001
vt 0.467218 0.498762
vt 0.444281 0.498761
vt 0.444281 0.000001
vt 0.484074 0.000000
vt 0.484074 0.498761
vt 0.539503 0.498761
vt 0.539503 0.000000
vt 0.562443 0.000000
vt 0.562443 0.498761
vt 0.523866 0.498761
vt 0.523866 0.000000
vt 0.228378 -0.000000
vt 0.228378 0.498761
vt 0.205442 0.498761
vt 0.205442 0.000000
vt 0.168910 0.810699
vt 0.168910 0.833653
vt 0.152682 0.849885
vt 0.129734 0.849885
vt 0.113506 0.833653
vt 0.113506 0.810699
vt 0.129734 0.794467
vt 0.152682 0.794467
vt 0.245256 0.000001
vt 0.245256 0.498762
vt 0.810484 0.514993
vt 0.826711 0.498761
vt 0.849660 0.498761
vt 0.865888 0.514993
vt 0.865888 0.537947
vt 0.849660 0.554179
vt 0.826711 0.554179
vt 0.810484 0.537947
vt 0.770905 0.498761
vt 0.770905 0.000000
vt 0.793845 0.000000
vt 0.793845 0.498761
vt 0.755288 0.498761
vt 0.755288 0.000000
vt 0.507011 0.000001
vt 0.507011 0.498761
vt 0.484074 0.498761
vt 0.484074 0.000001
vt 0.523866 -0.000000
vt 0.523866 0.498761
vt 0.578080 0.498761
vt 0.578080 0.000000
vt 0.601021 0.000000
vt 0.601021 0.498761
vt 0.562443 0.498761
vt 0.562443 0.000000
vt 0.268192 -0.000000
vt 0.268192 0.498761
vt 0.245256 0.498761
vt 0.245256 0.000000
vt 0.832401 0.260858
vt 0.832401 0.237903
vt 0.848629 0.221671
vt 0.871578 0.221671
vt 0.887806 0.237903
vt 0.887806 0.260858
vt 0.871578 0.277089
vt 0.848629 0.277089
vt 0.285069 0.000001
vt 0.285069 0.498762
vt 0.832401 0.293321
vt 0.848629 0.277089
vt 0.871578 0.277089
vt 0.887806 0.293321
vt 0.887806 0.316275
vt 0.871578 0.332507
vt 0.848629 0.332507
vt 0.832401 0.316275
vt 0.809462 0.498761
vt 0.809462 0.000000
vt 0.832401 0.000000
vt 0.832401 0.498761
vt 0.793845 0.498761
vt 0.387633 0.000001
vt 0.387633 0.498762
vt 0.364696 0.498761
vt 0.364696 0.000001
vt 0.404488 0.000000
vt 0.404488 0.498761
vt 0.616657 0.498761
vt 0.616657 0.000000
vt 0.639598 0.000000
vt 0.639598 0.498761
vt 0.601021 0.498761
vt 0.601021 0.000000
vt 0.194477 0.826965
vt 0.210705 0.810733
vt 0.233654 0.810733
vt 0.249882 0.826965
vt 0.249882 0.849920
vt 0.233654 0.866151
vt 0.210705 0.866151
vt 0.194477 0.849920
vt 0.347818 0.000000
vt 0.347818 0.498761
vt 0.324882 0.498761
vt 0.324882 0.000000
vt 0.814735 0.631976
vt 0.814735 0.609022
vt 0.830963 0.592790
vt 0.853912 0.592790
vt 0.870140 0.609022
vt 0.870140 0.631976
vt 0.853912 0.648208
vt 0.830963 0.648208
vt 0.364696 0.000001
vt 0.364696 0.498762
vt 0.562443 0.665331
vt 0.579028 0.665331
vt 0.579028 0.776167
vt 0.562443 0.776167
vt 0.601977 0.665331
vt 0.601977 0.776167
vt 0.617848 0.665331
vt 0.617848 0.776167
vt 0.955569 0.413894
vt 0.978523 0.413895
vt 0.978523 0.495280
vt 0.955569 0.495279
vt 0.713079 0.720432
vt 0.697208 0.720433
vt 0.697208 0.609597
vt 0.713079 0.609597
vt 0.674259 0.720433
vt 0.674259 0.609597
vt 0.657675 0.720432
vt 0.657675 0.609597
vt 0.562443 0.948101
vt 0.562443 0.925147
vt 0.573487 0.908915
vt 0.589104 0.908915
vt 0.600148 0.925147
vt 0.600148 0.948101
vt 0.589104 0.964333
vt 0.573487 0.964333
vt 0.951284 0.498762
vt 0.974238 0.498761
vt 0.974238 0.580252
vt 0.951284 0.580254
vt 0.152326 0.698125
vt 0.152326 0.587289
vt 0.168910 0.587289
vt 0.168910 0.698125
vt 0.129377 0.698125
vt 0.129377 0.587289
vt 0.113506 0.698125
vt 0.113506 0.587289
vt 0.967914 0.801818
vt 0.967914 0.720432
vt 0.990868 0.720434
vt 0.990868 0.801819
vt 0.300393 0.775851
vt 0.300393 0.665015
vt 0.316265 0.775851
vt 0.277444 0.775851
vt 0.277444 0.665015
vt 0.260860 0.775851
vt 0.113506 0.947927
vt 0.113506 0.924972
vt 0.124563 0.908741
vt 0.140200 0.908741
vt 0.151257 0.924973
vt 0.151257 0.947927
vt 0.140200 0.964159
vt 0.124563 0.964159
vt 0.954421 0.137304
vt 0.954421 0.055812
vt 0.977376 0.055811
vt 0.977376 0.137303
vt 0.772030 0.926729
vt 0.783074 0.910497
vt 0.798691 0.910497
vt 0.809734 0.926729
vt 0.809734 0.949683
vt 0.798691 0.965915
vt 0.783074 0.965915
vt 0.772030 0.949683
vt 0.459898 0.692724
vt 0.459898 0.498762
vt 0.482838 0.498761
vt 0.482838 0.692724
vt 0.444281 0.692724
vt 0.444281 0.498762
vt 0.427426 0.498762
vt 0.427426 0.692725
vt 0.404488 0.692725
vt 0.404488 0.498762
vt 0.444281 0.498761
vt 0.444281 0.692724
vt 0.539503 0.692724
vt 0.539503 0.498762
vt 0.562443 0.498762
vt 0.562443 0.692724
vt 0.523866 0.692724
vt 0.523866 0.498761
vt 0.640797 0.498761
vt 0.640797 0.692723
vt 0.617861 0.692723
vt 0.617861 0.498761
vt 0.814735 0.687394
vt 0.814735 0.664440
vt 0.830963 0.648208
vt 0.853912 0.648208
vt 0.870140 0.664440
vt 0.870140 0.687394
vt 0.853912 0.703626
vt 0.830963 0.703626
vt 0.657675 0.498762
vt 0.657675 0.692724
vt 0.496139 0.832833
vt 0.512366 0.816601
vt 0.535315 0.816601
vt 0.551543 0.832833
vt 0.551543 0.855787
vt 0.535316 0.872019
vt 0.512366 0.872019
vt 0.496139 0.855787
vt 0.674259 0.498761
vt 0.674259 0.609597
vt 0.657675 0.609597
vt 0.657675 0.498761
vt 0.697208 0.498761
vt 0.697208 0.609597
vt 0.713079 0.498761
vt 0.713079 0.609597
vt 0.956440 0.674176
vt 0.956440 0.592790
vt 0.979395 0.592791
vt 0.979395 0.674177
vt 0.355798 0.775851
vt 0.355798 0.665015
vt 0.371669 0.665015
vt 0.371669 0.775851
vt 0.332849 0.775851
vt 0.332849 0.665015
vt 0.967914 0.759619
vt 0.956870 0.775850
vt 0.941253 0.775850
vt 0.930210 0.759619
vt 0.930210 0.736664
vt 0.941253 0.720432
vt 0.956870 0.720432
vt 0.967914 0.736664
vt 0.611338 0.947495
vt 0.611338 0.924541
vt 0.622396 0.908309
vt 0.638033 0.908309
vt 0.649090 0.924541
vt 0.649090 0.947495
vt 0.638032 0.963727
vt 0.622395 0.963727
vt 0.954258 0.308301
vt 0.954258 0.226810
vt 0.977212 0.226808
vt 0.977212 0.308300
vt 0.445640 0.771972
vt 0.461848 0.771029
vt 0.459041 0.788924
vt 0.443692 0.784039
vt 0.420720 0.692725
vt 0.443674 0.692725
vt 0.443674 0.707368
vt 0.420720 0.707368
vt 0.496139 0.759239
vt 0.512347 0.760182
vt 0.514295 0.772250
vt 0.498946 0.777135
vt 0.535287 0.761012
vt 0.536019 0.764837
vt 0.551521 0.761242
vt 0.551394 0.759239
vt 0.406467 0.773031
vt 0.422700 0.772801
vt 0.421968 0.776627
vt 0.406594 0.771029
vt 0.451283 0.803717
vt 0.438085 0.794646
vt 0.404488 0.725989
vt 0.420720 0.723317
vt 0.420720 0.739381
vt 0.404488 0.737873
vt 0.420720 0.755650
vt 0.404488 0.749567
vt 0.419811 0.809714
vt 0.426140 0.824295
vt 0.408485 0.828391
vt 0.407912 0.812530
vt 0.443674 0.723317
vt 0.443674 0.739381
vt 0.443674 0.755650
vt 0.443675 0.771029
vt 0.420720 0.771029
vt 0.519902 0.782857
vt 0.506704 0.791928
vt 0.459906 0.725989
vt 0.459906 0.737873
vt 0.459906 0.749567
vt 0.531847 0.812506
vt 0.538176 0.797925
vt 0.550075 0.800740
vt 0.549502 0.816601
vt 0.538586 0.769524
vt 0.542657 0.773901
vt 0.528001 0.791564
vt 0.547145 0.776799
vt 0.550905 0.777806
vt 0.551810 0.759740
vt 0.553033 0.761055
vt 0.553499 0.761506
vt 0.551504 0.761233
vt 0.490864 0.769995
vt 0.490864 0.747041
vt 0.491513 0.747041
vt 0.491513 0.769995
vt 0.493308 0.747041
vt 0.493308 0.769995
vt 0.493956 0.747041
vt 0.493956 0.769995
vt 0.419401 0.781314
vt 0.406177 0.771530
vt 0.415330 0.785691
vt 0.404954 0.772845
vt 0.410842 0.788589
vt 0.404488 0.773295
vt 0.407082 0.789596
vt 0.406483 0.773022
vt 0.429987 0.803353
vt 0.863791 0.915633
vt 0.875726 0.899402
vt 0.892603 0.899403
vt 0.904537 0.915635
vt 0.904537 0.938589
vt 0.892603 0.954821
vt 0.875726 0.954820
vt 0.863791 0.938587
vt 0.222247 0.914256
vt 0.201986 0.925005
vt 0.195893 0.908104
vt 0.218175 0.902842
vt 0.720879 0.840940
vt 0.734634 0.848378
vt 0.728397 0.865225
vt 0.714642 0.857788
vt 0.754813 0.859290
vt 0.750644 0.870668
vt 0.905526 0.985271
vt 0.906373 0.968436
vt 0.910197 0.967989
vt 0.917590 0.984127
vt 0.907528 0.945529
vt 0.905526 0.945574
vt 0.872007 0.587864
vt 0.855857 0.571573
vt 0.859003 0.569353
vt 0.870486 0.589167
vt 0.237157 0.906347
vt 0.235943 0.902693
vt 0.194477 0.892433
vt 0.217190 0.891591
vt 0.196531 0.878475
vt 0.218709 0.881265
vt 0.202066 0.866151
vt 0.222656 0.872390
vt 0.832123 0.897646
vt 0.837920 0.914207
vt 0.820130 0.914283
vt 0.820130 0.897699
vt 0.726834 0.880872
vt 0.713079 0.873434
vt 0.863791 0.913775
vt 0.863791 0.936724
vt 0.852427 0.936974
vt 0.852427 0.914025
vt 0.837920 0.937156
vt 0.820130 0.937232
vt 0.749552 0.881901
vt 0.750966 0.892227
vt 0.728745 0.894829
vt 0.754813 0.901117
vt 0.734142 0.907175
vt 0.832123 0.953051
vt 0.820130 0.953103
vt 0.914885 0.966215
vt 0.928198 0.980260
vt 0.919264 0.963329
vt 0.936909 0.974517
vt 0.922165 0.960100
vt 0.943276 0.967193
vt 0.923174 0.957362
vt 0.946100 0.958518
vt 0.906027 0.945280
vt 0.907343 0.944412
vt 0.907793 0.944081
vt 0.907519 0.945540
vt 0.380911 0.744260
vt 0.380911 0.721311
vt 0.381345 0.721300
vt 0.381345 0.744249
vt 0.382615 0.721273
vt 0.382615 0.744222
vt 0.383097 0.721263
vt 0.383097 0.744212
vt 0.863675 0.567543
vt 0.871056 0.589050
vt 0.868858 0.566766
vt 0.872613 0.588817
vt 0.873169 0.567229
vt 0.873169 0.588763
vt 0.810941 0.706509
vt 0.808986 0.689072
vt 0.812689 0.689900
vt 0.808986 0.706066
vt 0.235567 0.897694
vt 0.236330 0.892503
vt 0.238030 0.888505
vt 0.229328 0.866151
vt 0.240086 0.886429
vt 0.837089 0.833167
vt 0.820862 0.816935
vt 0.820862 0.793981
vt 0.837089 0.777749
vt 0.860038 0.777749
vt 0.876266 0.793981
vt 0.876266 0.816935
vt 0.860038 0.833167
vt 0.897910 0.699750
vt 0.877649 0.710499
vt 0.871556 0.693597
vt 0.893838 0.688336
vt 0.007800 0.833840
vt 0.021555 0.841278
vt 0.015319 0.858126
vt 0.001564 0.850688
vt 0.041734 0.852189
vt 0.037565 0.863568
vt 0.946100 0.985270
vt 0.946948 0.968436
vt 0.950772 0.967989
vt 0.958165 0.984126
vt 0.948102 0.945528
vt 0.946100 0.945574
vt 0.557875 0.893117
vt 0.541725 0.876827
vt 0.544870 0.874606
vt 0.556354 0.894420
vt 0.912820 0.691841
vt 0.911606 0.688187
vt 0.870140 0.677927
vt 0.892853 0.677086
vt 0.872193 0.663969
vt 0.894372 0.666759
vt 0.877729 0.651646
vt 0.898319 0.657884
vt 0.917519 0.833167
vt 0.923316 0.849728
vt 0.905526 0.849804
vt 0.905526 0.833220
vt 0.013755 0.873772
vt 0.000000 0.866334
vt 0.949188 0.849296
vt 0.949188 0.872245
vt 0.937823 0.872495
vt 0.937823 0.849546
vt 0.923316 0.872678
vt 0.905526 0.872754
vt 0.036473 0.874801
vt 0.037887 0.885127
vt 0.015666 0.887729
vt 0.041734 0.894017
vt 0.021063 0.900075
vt 0.917519 0.888572
vt 0.905526 0.888624
vt 0.955460 0.966215
vt 0.968773 0.980259
vt 0.959838 0.963328
vt 0.977483 0.974517
vt 0.962739 0.960100
vt 0.983850 0.967192
vt 0.963749 0.957362
vt 0.986675 0.958517
vt 0.946602 0.945280
vt 0.947917 0.944413
vt 0.948367 0.944081
vt 0.948093 0.945540
vt 0.460712 0.738719
vt 0.460712 0.715769
vt 0.461146 0.715759
vt 0.461146 0.738708
vt 0.462416 0.715731
vt 0.462416 0.738680
vt 0.462898 0.715721
vt 0.462898 0.738671
vt 0.549543 0.872796
vt 0.556923 0.894303
vt 0.554726 0.872019
vt 0.558480 0.894070
vt 0.559036 0.872482
vt 0.559036 0.894016
vt 0.314516 0.810725
vt 0.312562 0.793288
vt 0.316265 0.794117
vt 0.312562 0.810282
vt 0.911229 0.683188
vt 0.911993 0.677997
vt 0.913693 0.674000
vt 0.904991 0.651646
vt 0.915749 0.671923
vt 0.848629 0.055418
vt 0.832401 0.039186
vt 0.832401 0.016231
vt 0.848629 0.000000
vt 0.871578 0.000000
vt 0.887806 0.016231
vt 0.887806 0.039186
vt 0.871578 0.055418
vt 0.954421 0.111320
vt 0.954421 0.127904
vt 0.936635 0.127828
vt 0.942429 0.111268
vt 0.954421 0.150854
vt 0.936635 0.150778
vt 0.954421 0.166725
vt 0.942429 0.166672
vt 0.895380 0.779271
vt 0.884619 0.758995
vt 0.886674 0.756919
vt 0.902040 0.773038
vt 0.827812 0.878597
vt 0.843265 0.890718
vt 0.844599 0.890086
vt 0.825427 0.880268
vt 0.657606 0.766807
vt 0.653901 0.750642
vt 0.657606 0.749813
vt 0.655657 0.767249
vt 0.958489 0.027951
vt 0.935564 0.026793
vt 0.938388 0.018108
vt 0.959499 0.025207
vt 0.611338 0.848111
vt 0.632004 0.842060
vt 0.637405 0.854411
vt 0.615189 0.857006
vt 0.639319 0.868371
vt 0.616605 0.867334
vt 0.637755 0.884021
vt 0.615513 0.878569
vt 0.631509 0.900871
vt 0.611338 0.889947
vt 0.922128 0.150596
vt 0.922128 0.127646
vt 0.910760 0.150346
vt 0.910760 0.127397
vt 0.653052 0.875809
vt 0.651487 0.891459
vt 0.645241 0.908309
vt 0.922640 0.779271
vt 0.905979 0.764169
vt 0.928164 0.766957
vt 0.907493 0.753847
vt 0.930210 0.753006
vt 0.906504 0.742600
vt 0.928788 0.737337
vt 0.902428 0.731185
vt 0.922689 0.720432
vt 0.888370 0.752923
vt 0.889131 0.747734
vt 0.888754 0.742738
vt 0.887540 0.739087
vt 0.844391 0.890607
vt 0.823050 0.883892
vt 0.843889 0.892099
vt 0.821380 0.888857
vt 0.843733 0.892655
vt 0.820862 0.893838
vt 0.843266 0.890700
vt 0.821403 0.897646
vt 0.192288 0.688281
vt 0.192288 0.665332
vt 0.192774 0.665341
vt 0.192774 0.688291
vt 0.194044 0.665369
vt 0.194044 0.688318
vt 0.194477 0.665380
vt 0.194477 0.688329
vt 0.973873 0.041214
vt 0.962401 0.021972
vt 0.974325 0.040879
vt 0.966779 0.019081
vt 0.975640 0.040010
vt 0.971464 0.017304
vt 0.976137 0.039717
vt 0.975286 0.016856
vt 0.974129 0.039763
vt 0.944754 0.010773
vt 0.953463 0.005021
vt 0.964071 0.001146
vt 0.976137 0.000000
vt 0.841388 0.833167
vt 0.856841 0.845289
vt 0.863791 0.867166
vt 0.858168 0.885983
vt 0.820862 0.856719
vt 0.826485 0.837902
vt 0.513943 0.882769
vt 0.534205 0.872019
vt 0.540302 0.888919
vt 0.518017 0.894182
vt 0.596350 0.908915
vt 0.582616 0.901480
vt 0.588858 0.884635
vt 0.602593 0.892069
vt 0.562443 0.890560
vt 0.566616 0.879183
vt 0.928383 0.284693
vt 0.927534 0.301550
vt 0.923710 0.301998
vt 0.916319 0.285840
vt 0.926381 0.324456
vt 0.928383 0.324410
vt 0.633056 0.751245
vt 0.635058 0.774098
vt 0.631221 0.773794
vt 0.635058 0.751216
vt 0.499053 0.890669
vt 0.500268 0.894322
vt 0.541725 0.904586
vt 0.519008 0.905430
vt 0.539681 0.918540
vt 0.517496 0.915753
vt 0.534158 0.930858
vt 0.513558 0.924624
vt 0.939290 0.554165
vt 0.933493 0.538271
vt 0.951284 0.538347
vt 0.951284 0.554218
vt 0.590423 0.868986
vt 0.604157 0.876421
vt 0.907622 0.537839
vt 0.907622 0.514889
vt 0.918986 0.515139
vt 0.918986 0.538089
vt 0.933493 0.515321
vt 0.951284 0.515397
vt 0.567708 0.867948
vt 0.566294 0.857619
vt 0.588510 0.855024
vt 0.562443 0.848722
vt 0.583109 0.842669
vt 0.939290 0.498761
vt 0.951284 0.498813
vt 0.919022 0.303775
vt 0.905710 0.289714
vt 0.914642 0.306666
vt 0.896999 0.295465
vt 0.911741 0.309898
vt 0.890631 0.302800
vt 0.910731 0.312641
vt 0.887806 0.311487
vt 0.927881 0.324705
vt 0.926566 0.325574
vt 0.926115 0.325906
vt 0.375913 0.753666
vt 0.373960 0.771102
vt 0.375913 0.770659
vt 0.372211 0.754494
vt 0.462898 0.692772
vt 0.462898 0.715722
vt 0.462463 0.715711
vt 0.462463 0.692761
vt 0.461194 0.715683
vt 0.461194 0.692734
vt 0.460712 0.715673
vt 0.460712 0.692724
vt 0.626471 0.772201
vt 0.634546 0.750942
vt 0.621989 0.769488
vt 0.633200 0.750127
vt 0.618971 0.766380
vt 0.632737 0.749813
vt 0.617861 0.763689
vt 0.633065 0.751257
vt 0.500647 0.899320
vt 0.499887 0.904510
vt 0.498192 0.908506
vt 0.506897 0.930858
vt 0.496139 0.910580
vt 0.871578 0.055418
vt 0.887806 0.071649
vt 0.887806 0.094604
vt 0.871578 0.110836
vt 0.848628 0.110836
vt 0.832401 0.094604
vt 0.832401 0.071649
vt 0.848628 0.055418
vt 0.863791 0.851516
vt 0.883970 0.840605
vt 0.890207 0.857452
vt 0.867961 0.862894
vt 0.897725 0.833167
vt 0.903962 0.850014
vt 0.151604 0.908741
vt 0.131343 0.897992
vt 0.135415 0.886578
vt 0.157698 0.891839
vt 0.116434 0.890082
vt 0.117649 0.886428
vt 0.890480 0.571573
vt 0.874330 0.587863
vt 0.875851 0.589166
vt 0.887335 0.569353
vt 0.443062 0.940674
vt 0.444216 0.963582
vt 0.440392 0.963135
vt 0.445065 0.940719
vt 0.445065 0.980416
vt 0.433000 0.979272
vt 0.891770 0.873098
vt 0.869052 0.874128
vt 0.889859 0.887056
vt 0.867638 0.884453
vt 0.884462 0.899402
vt 0.863791 0.893344
vt 0.937194 0.944029
vt 0.931396 0.928134
vt 0.949187 0.928210
vt 0.949187 0.944081
vt 0.905525 0.865661
vt 0.905526 0.927702
vt 0.905526 0.904752
vt 0.916890 0.905002
vt 0.916890 0.927952
vt 0.931396 0.905184
vt 0.949187 0.905260
vt 0.136401 0.875327
vt 0.159113 0.876168
vt 0.134882 0.865000
vt 0.157060 0.862210
vt 0.130935 0.856125
vt 0.151525 0.849885
vt 0.937194 0.888624
vt 0.949187 0.888676
vt 0.118025 0.881429
vt 0.117261 0.876237
vt 0.115562 0.872239
vt 0.113506 0.870163
vt 0.124263 0.849885
vt 0.875282 0.589050
vt 0.882663 0.567543
vt 0.873725 0.588816
vt 0.877479 0.566766
vt 0.873169 0.588762
vt 0.873169 0.567229
vt 0.379616 0.753666
vt 0.377662 0.771103
vt 0.379616 0.770660
vt 0.375913 0.754494
vt 0.194477 0.734372
vt 0.194477 0.757321
vt 0.194043 0.757311
vt 0.194043 0.734361
vt 0.192773 0.757283
vt 0.192773 0.734333
vt 0.192291 0.757273
vt 0.192291 0.734324
vt 0.435704 0.961360
vt 0.444563 0.940425
vt 0.431325 0.958474
vt 0.443247 0.939558
vt 0.428424 0.955245
vt 0.442797 0.939226
vt 0.427414 0.952507
vt 0.443072 0.940686
vt 0.422392 0.975404
vt 0.413681 0.969662
vt 0.407313 0.962337
vt 0.404488 0.953662
vt 0.443665 0.828391
vt 0.459893 0.844622
vt 0.459893 0.867577
vt 0.443665 0.883808
vt 0.420716 0.883808
vt 0.404488 0.867577
vt 0.404488 0.844622
vt 0.420716 0.828391
vt 0.302575 0.890244
vt 0.282402 0.901165
vt 0.276159 0.884318
vt 0.298402 0.878867
vt 0.268667 0.908599
vt 0.262425 0.891753
vt 0.895238 0.391344
vt 0.915500 0.402094
vt 0.911425 0.413507
vt 0.889141 0.408244
vt 0.930390 0.409993
vt 0.929175 0.413646
vt 0.635059 0.774098
vt 0.637061 0.751245
vt 0.635059 0.751216
vt 0.638897 0.773795
vt 0.498141 0.970621
vt 0.496987 0.947715
vt 0.500811 0.948162
vt 0.496139 0.970576
vt 0.496139 0.930858
vt 0.508204 0.932005
vt 0.274595 0.868670
vt 0.297309 0.867632
vt 0.276507 0.854708
vt 0.298724 0.857303
vt 0.281909 0.842354
vt 0.302575 0.848406
vt 0.328257 0.898570
vt 0.334055 0.915130
vt 0.316265 0.915206
vt 0.316265 0.898622
vt 0.260860 0.876105
vt 0.359926 0.914699
vt 0.359926 0.937648
vt 0.348562 0.937898
vt 0.348562 0.914948
vt 0.334055 0.938080
vt 0.316265 0.938156
vt 0.910435 0.424754
vt 0.887718 0.423910
vt 0.911947 0.435077
vt 0.889762 0.437863
vt 0.915884 0.443947
vt 0.895285 0.450181
vt 0.328258 0.953974
vt 0.316265 0.954027
vt 0.928796 0.418644
vt 0.929556 0.423833
vt 0.931252 0.427829
vt 0.933304 0.429903
vt 0.922546 0.450181
vt 0.635570 0.750942
vt 0.643647 0.772201
vt 0.636917 0.750126
vt 0.648128 0.769488
vt 0.637379 0.749813
vt 0.651146 0.766379
vt 0.637051 0.751257
vt 0.652256 0.763689
vt 0.192288 0.711326
vt 0.192288 0.688377
vt 0.192723 0.688367
vt 0.192723 0.711316
vt 0.193992 0.688339
vt 0.193992 0.711288
vt 0.194474 0.688329
vt 0.194474 0.711278
vt 0.505499 0.949939
vt 0.496640 0.970870
vt 0.509878 0.952830
vt 0.497956 0.971739
vt 0.512779 0.956063
vt 0.498406 0.972071
vt 0.159079 0.786222
vt 0.157125 0.768785
vt 0.160827 0.769613
vt 0.157125 0.785779
vt 0.518812 0.935878
vt 0.527522 0.941629
vt 0.533889 0.948964
vt 0.536714 0.957650
vt 0.513789 0.958805
vt 0.016228 0.833840
vt -0.000000 0.817609
vt -0.000000 0.794654
vt 0.016228 0.778423
vt 0.039177 0.778423
vt 0.055405 0.794654
vt 0.055404 0.817609
vt 0.039177 0.833840
vt 0.865888 0.517110
vt 0.886066 0.506199
vt 0.892304 0.523046
vt 0.870057 0.528488
vt 0.899822 0.498761
vt 0.906059 0.515608
vt 0.908238 0.651646
vt 0.887977 0.640897
vt 0.892049 0.629483
vt 0.914332 0.634744
vt 0.873068 0.632987
vt 0.874282 0.629333
vt 0.257397 0.870959
vt 0.241247 0.887249
vt 0.242769 0.888552
vt 0.254252 0.868739
vt 0.487221 0.940674
vt 0.488375 0.963582
vt 0.484551 0.963134
vt 0.489224 0.940719
vt 0.489224 0.980416
vt 0.477159 0.979271
vt 0.893867 0.538692
vt 0.871149 0.539721
vt 0.891956 0.552649
vt 0.869735 0.550047
vt 0.886559 0.564995
vt 0.865888 0.558938
vt 0.942428 0.111216
vt 0.936631 0.095321
vt 0.954421 0.095397
vt 0.954421 0.111268
vt 0.907622 0.531254
vt 0.910760 0.094889
vt 0.910760 0.071940
vt 0.922124 0.072190
vt 0.922124 0.095139
vt 0.936631 0.072372
vt 0.954421 0.072448
vt 0.893035 0.618232
vt 0.915748 0.619073
vt 0.891516 0.607905
vt 0.913694 0.605115
vt 0.887569 0.599030
vt 0.908159 0.592790
vt 0.942428 0.055811
vt 0.954421 0.055863
vt 0.874658 0.624334
vt 0.873895 0.619142
vt 0.872196 0.615144
vt 0.870140 0.613068
vt 0.880897 0.592790
vt 0.242199 0.888436
vt 0.249580 0.866929
vt 0.240642 0.888202
vt 0.244396 0.866151
vt 0.240086 0.888148
vt 0.240086 0.866615
vt 0.812689 0.671635
vt 0.810734 0.689072
vt 0.812689 0.688629
vt 0.808986 0.672463
vt 0.194477 0.711374
vt 0.194477 0.734324
vt 0.194043 0.734313
vt 0.194043 0.711364
vt 0.192773 0.734285
vt 0.192773 0.711336
vt 0.192291 0.734276
vt 0.192291 0.711326
vt 0.479863 0.961360
vt 0.488722 0.940425
vt 0.475484 0.958474
vt 0.487406 0.939558
vt 0.472583 0.955245
vt 0.486956 0.939226
vt 0.471573 0.952507
vt 0.487230 0.940686
vt 0.466551 0.975404
vt 0.457840 0.969662
vt 0.451472 0.962337
vt 0.448647 0.953662
vt 0.871578 0.110836
vt 0.887806 0.127067
vt 0.887806 0.150022
vt 0.871578 0.166254
vt 0.848629 0.166254
vt 0.832401 0.150022
vt 0.832401 0.127067
vt 0.848629 0.110836
vt 0.813744 0.892142
vt 0.793571 0.903062
vt 0.787329 0.886217
vt 0.809572 0.880765
vt 0.779837 0.910497
vt 0.773595 0.893651
vt 0.895237 0.332507
vt 0.915500 0.343257
vt 0.911426 0.354670
vt 0.889141 0.349407
vt 0.930390 0.351156
vt 0.929175 0.354809
vt 0.240901 0.798678
vt 0.242903 0.775826
vt 0.240901 0.775796
vt 0.244739 0.798375
vt 0.196479 0.964768
vt 0.195325 0.941861
vt 0.199150 0.942309
vt 0.194477 0.964722
vt 0.194477 0.925005
vt 0.206542 0.926152
vt 0.785764 0.870567
vt 0.808479 0.869530
vt 0.787677 0.856606
vt 0.809894 0.859201
vt 0.793078 0.844252
vt 0.813744 0.850304
vt 0.371919 0.898570
vt 0.377717 0.915130
vt 0.359926 0.915206
vt 0.359926 0.898622
vt 0.772030 0.878002
vt 0.403587 0.914699
vt 0.403587 0.937648
vt 0.392223 0.937897
vt 0.392223 0.914948
vt 0.377717 0.938079
vt 0.359926 0.938155
vt 0.910435 0.365918
vt 0.887718 0.365074
vt 0.911947 0.376240
vt 0.889762 0.379026
vt 0.915885 0.385110
vt 0.895285 0.391344
vt 0.371919 0.953974
vt 0.359926 0.954027
vt 0.928797 0.359807
vt 0.929556 0.364996
vt 0.931252 0.368992
vt 0.933305 0.371066
vt 0.922547 0.391344
vt 0.241412 0.775522
vt 0.249488 0.796781
vt 0.242759 0.774707
vt 0.253970 0.794068
vt 0.243221 0.774393
vt 0.256988 0.790960
vt 0.242894 0.775837
vt 0.258098 0.788269
vt 0.380911 0.721263
vt 0.380911 0.698314
vt 0.381345 0.698303
vt 0.381345 0.721252
vt 0.382614 0.698275
vt 0.382614 0.721224
vt 0.383097 0.698266
vt 0.383097 0.721215
vt 0.203837 0.944086
vt 0.194979 0.965017
vt 0.208216 0.946977
vt 0.196294 0.965885
vt 0.211117 0.950210
vt 0.196745 0.966217
vt 0.314517 0.793288
vt 0.312562 0.775851
vt 0.316265 0.776679
vt 0.312562 0.792845
vt 0.217150 0.930025
vt 0.225860 0.935775
vt 0.232228 0.943110
vt 0.235053 0.951797
vt 0.212127 0.952952
vt 0.696851 0.788876
vt 0.713079 0.805107
vt 0.713079 0.828062
vt 0.696851 0.844294
vt 0.673902 0.844294
vt 0.657675 0.828062
vt 0.657675 0.805107
vt 0.673902 0.788876
vt 0.903706 0.237588
vt 0.923955 0.226808
vt 0.930239 0.243613
vt 0.907910 0.248935
vt 0.366549 0.833142
vt 0.381640 0.840698
vt 0.375770 0.857650
vt 0.360678 0.850094
vt 0.402149 0.850966
vt 0.398225 0.862412
vt 0.927370 0.782043
vt 0.942986 0.782854
vt 0.943381 0.786677
vt 0.928369 0.794102
vt 0.965895 0.784044
vt 0.965863 0.782043
vt 0.770665 0.862396
vt 0.754813 0.845818
vt 0.757966 0.843621
vt 0.769128 0.863679
vt 0.889920 0.244927
vt 0.891182 0.248557
vt 0.932079 0.259067
vt 0.909202 0.260029
vt 0.930597 0.272735
vt 0.908105 0.270142
vt 0.925781 0.284693
vt 0.904674 0.278754
vt 0.436248 0.939226
vt 0.430785 0.922995
vt 0.448647 0.922995
vt 0.448290 0.939226
vt 0.374299 0.873137
vt 0.359207 0.865580
vt 0.404488 0.922995
vt 0.404488 0.900040
vt 0.416099 0.900040
vt 0.416099 0.922995
vt 0.430785 0.900040
vt 0.448647 0.900040
vt 0.397198 0.873528
vt 0.398528 0.883600
vt 0.376097 0.886750
vt 0.402149 0.892112
vt 0.381177 0.898566
vt 0.436247 0.883808
vt 0.448290 0.883808
vt 0.945003 0.791360
vt 0.931902 0.804700
vt 0.947658 0.795732
vt 0.937185 0.813397
vt 0.950639 0.798625
vt 0.943949 0.819747
vt 0.953175 0.799628
vt 0.951984 0.822552
vt 0.966133 0.782543
vt 0.966931 0.783857
vt 0.967236 0.784306
vt 0.109711 0.805868
vt 0.107774 0.823109
vt 0.109711 0.822616
vt 0.106054 0.806798
vt 0.493956 0.736277
vt 0.493956 0.713322
vt 0.494380 0.713322
vt 0.494380 0.736277
vt 0.495621 0.713322
vt 0.495621 0.736277
vt 0.496094 0.713322
vt 0.496094 0.736277
vt 0.762568 0.841788
vt 0.769683 0.863556
vt 0.767606 0.840940
vt 0.771197 0.863301
vt 0.771736 0.841302
vt 0.771736 0.863238
vt 0.111648 0.823110
vt 0.109711 0.805868
vt 0.113368 0.806798
vt 0.109711 0.822617
vt 0.891698 0.253485
vt 0.891146 0.258568
vt 0.889675 0.262450
vt 0.898592 0.284693
vt 0.887806 0.264431
vt 0.829214 0.736664
vt 0.845442 0.720432
vt 0.868391 0.720432
vt 0.884619 0.736664
vt 0.884619 0.759619
vt 0.868391 0.775850
vt 0.845442 0.775850
vt 0.829214 0.759619
vt 0.492448 0.883808
vt 0.492805 0.900040
vt 0.474947 0.900040
vt 0.480407 0.883808
vt 0.492805 0.922995
vt 0.474947 0.922995
vt 0.492448 0.939226
vt 0.480407 0.939226
vt 0.835385 0.993609
vt 0.834190 0.970685
vt 0.836728 0.969681
vt 0.843419 0.990804
vt 0.377033 0.804329
vt 0.373373 0.820147
vt 0.375304 0.820639
vt 0.373373 0.803397
vt 0.380693 0.820146
vt 0.377033 0.804329
vt 0.380693 0.803397
vt 0.378762 0.820638
vt 0.932084 0.206547
vt 0.921294 0.226808
vt 0.915213 0.220870
vt 0.930213 0.204565
vt 0.894107 0.226808
vt 0.889291 0.214854
vt 0.911782 0.212260
vt 0.887806 0.201188
vt 0.910683 0.202149
vt 0.889644 0.185732
vt 0.911973 0.191055
vt 0.895932 0.168924
vt 0.916179 0.179706
vt 0.460262 0.922995
vt 0.460262 0.900040
vt 0.448647 0.922995
vt 0.448647 0.900040
vt 0.359207 0.865586
vt 0.344117 0.873144
vt 0.342645 0.857656
vt 0.357736 0.850098
vt 0.336772 0.840700
vt 0.351862 0.833142
vt 0.337237 0.898570
vt 0.316265 0.892116
vt 0.319886 0.883606
vt 0.342317 0.886756
vt 0.321217 0.873535
vt 0.320191 0.862419
vt 0.316265 0.850972
vt 0.839710 0.966788
vt 0.850182 0.984456
vt 0.842366 0.962417
vt 0.855466 0.975762
vt 0.843988 0.957737
vt 0.859000 0.965165
vt 0.844383 0.953917
vt 0.859999 0.953103
vt 0.820130 0.955364
vt 0.820438 0.954913
vt 0.821236 0.953600
vt 0.821505 0.953103
vt 0.821473 0.955111
vt 0.496097 0.690367
vt 0.496097 0.713322
vt 0.495621 0.713322
vt 0.495621 0.690367
vt 0.494378 0.713322
vt 0.494378 0.690367
vt 0.493956 0.713322
vt 0.493956 0.690367
vt 0.754813 0.885977
vt 0.754813 0.864041
vt 0.758944 0.863679
vt 0.755355 0.886039
vt 0.763982 0.864526
vt 0.756869 0.886294
vt 0.768582 0.866356
vt 0.757420 0.886414
vt 0.771732 0.868552
vt 0.755878 0.885128
vt 0.928740 0.200683
vt 0.928188 0.195600
vt 0.928703 0.190675
vt 0.929964 0.187047
vt 0.068915 0.955613
vt 0.056996 0.939382
vt 0.056996 0.916427
vt 0.068915 0.900195
vt 0.085770 0.900194
vt 0.097689 0.916425
vt 0.097689 0.939380
vt 0.085770 0.955612
s 0
g piping1_wood-gasifier-piping-all
usemtl wood-gasifier-piping-all
f 539/1142/144 541/1143/144 542/1144/144 540/1145/144
f 541/1146/145 543/1147/145 544/1148/145 542/1149/145
f 543/1150/146 545/1151/146 546/1152/146 544/1153/146
f 545/1151/147 547/1154/147 548/1155/147 546/1152/147
f 547/1154/148 549/1156/148 550/1157/148 548/1155/148
f 549/1158/149 551/1159/149 552/1160/149 550/1161/149
f 551/1162/150 553/1163/150 554/1164/150 552/1165/150
f 540/1166/151 542/1167/151 544/1168/151 546/1169/151 548/1170/151 550/1171/151 552/1172/151 554/1173/151
f 553/1163/152 539/1142/152 540/1145/152 554/1164/152
f 539/1174/153 553/1175/153 551/1176/153 549/1177/153 547/1178/153 545/1179/153 543/1180/153 541/1181/153
f 555/1182/154 557/1183/154 558/1184/154 556/1185/154
f 557/1183/152 559/1186/152 560/1187/152 558/1184/152
f 559/1186/155 561/1188/155 562/1189/155 560/1187/155
f 561/1190/153 563/1191/153 564/1192/153 562/1193/153
f 563/1194/156 565/1195/156 566/1196/156 564/1197/156
f 565/1195/147 567/1198/147 568/1199/147 566/1196/147
f 555/1200/149 569/1201/149 567/1202/149 565/1203/149 563/1204/149 561/1205/149 559/1206/149 557/1207/149
f 567/1198/157 569/1208/157 570/1209/157 568/1199/157
f 556/1210/145 558/1211/145 560/1212/145 562/1213/145 564/1214/145 566/1215/145 568/1216/145 570/1217/145
f 569/1218/151 555/1219/151 556/1220/151 570/1221/151
f 574/1222/146 573/1223/146 571/1224/146 572/1225/146
f 576/1226/147 575/1227/147 573/1223/147 574/1222/147
f 578/1228/148 577/1229/148 575/1227/148 576/1226/148
f 580/1230/149 579/1231/149 577/1232/149 578/1233/149
f 582/1234/150 581/1235/150 579/1236/150 580/1237/150
f 584/1238/152 583/1239/152 581/1235/152 582/1234/152
f 586/1240/144 585/1241/144 583/1239/144 584/1238/144
f 571/1242/151 573/1243/151 575/1244/151 577/1245/151 579/1246/151 581/1247/151 583/1248/151 585/1249/151
f 572/1250/145 571/1251/145 585/1252/145 586/1253/145
f 572/1254/153 586/1255/153 584/1256/153 582/1257/153 580/1258/153 578/1259/153 576/1260/153 574/1261/153
f 590/1262/158 589/1263/158 587/1264/158 588/1265/158
f 592/1266/149 591/1267/149 589/1263/149 590/1262/149
f 594/1268/159 593/1269/159 591/1270/159 592/1271/159
f 596/1272/153 595/1273/153 593/1269/153 594/1268/153
f 598/1274/160 597/1275/160 595/1276/160 596/1277/160
f 600/1278/145 599/1279/145 597/1275/145 598/1274/145
f 602/1280/161 601/1281/161 599/1282/161 600/1283/161
f 588/1284/147 602/1285/147 600/1286/147 598/1287/147 596/1288/147 594/1289/147 592/1290/147 590/1291/147
f 588/1292/151 587/1293/151 601/1281/151 602/1280/151
f 587/1294/152 589/1295/152 591/1296/152 593/1297/152 595/1298/152 597/1299/152 599/1300/152 601/1301/152
f 603/1302/144 605/1303/144 606/1304/144 604/1305/144
f 605/1306/145 607/1307/145 608/1308/145 606/1309/145
f 607/1310/146 609/1311/146 610/1312/146 608/1313/146
f 609/1311/147 611/1314/147 612/1315/147 610/1312/147
f 611/1314/148 613/1316/148 614/1317/148 612/1315/148
f 613/1318/149 615/1319/149 616/1320/149 614/1321/149
f 615/1322/150 617/1323/150 618/1324/150 616/1325/150
f 604/1326/151 606/1327/151 608/1328/151 610/1329/151 612/1330/151 614/1331/151 616/1332/151 618/1333/151
f 617/1323/152 603/1302/152 604/1305/152 618/1324/152
f 603/1334/153 617/1335/153 615/1336/153 613/1337/153 611/1338/153 609/1339/153 607/1340/153 605/1341/153
f 619/1342/154 621/1343/154 622/1344/154 620/1345/154
f 621/1343/152 623/1346/152 624/1347/152 622/1344/152
f 623/1346/155 625/1348/155 626/1349/155 624/1347/155
f 625/1350/153 627/1351/153 628/1352/153 626/1353/153
f 627/1354/156 629/1355/156 630/1356/156 628/1357/156
f 629/1355/147 631/1358/147 632/1359/147 630/1356/147
f 631/1358/157 633/1360/157 634/1361/157 632/1359/157
f 633/1362/151 619/1363/151 620/1364/151 634/1365/151
f 620/1366/145 622/1367/145 624/1368/145 626/1369/145 628/1370/145 630/1371/145 632/1372/145 634/1373/145
f 638/1374/158 637/1375/158 635/1376/158 636/1377/158
f 640/1378/149 639/1379/149 637/1375/149 638/1374/149
f 642/1380/159 641/1381/159 639/1382/159 640/1383/159
f 644/1384/153 643/1385/153 641/1381/153 642/1380/153
f 646/1386/160 645/1387/160 643/1388/160 644/1389/160
f 648/1390/145 647/1391/145 645/1387/145 646/1386/145
f 650/1392/161 649/1393/161 647/1394/161 648/1395/161
f 636/1396/147 650/1397/147 648/1398/147 646/1399/147 644/1400/147 642/1401/147 640/1402/147 638/1403/147
f 636/1404/151 635/1405/151 649/1393/151 650/1392/151
f 635/1406/152 637/1407/152 639/1408/152 641/1409/152 643/1410/152 645/1411/152 647/1412/152 649/1413/152
f 654/1414/158 653/1415/158 651/1416/158 652/1417/158
f 656/1418/149 655/1419/149 653/1415/149 654/1414/149
f 658/1420/159 657/1421/159 655/1422/159 656/1423/159
f 660/1424/153 659/1425/153 657/1421/153 658/1420/153
f 662/1426/160 661/1427/160 659/1428/160 660/1429/160
f 664/1430/145 663/1431/145 661/1427/145 662/1426/145
f 666/1432/161 665/1433/161 663/1434/161 664/1435/161
f 652/1436/147 666/1437/147 664/1438/147 662/1439/147 660/1440/147 658/1441/147 656/1442/147 654/1443/147
f 652/1444/151 651/1445/151 665/1433/151 666/1432/151
f 651/1446/152 653/1447/152 655/1448/152 657/1449/152 659/1450/152 661/1451/152 663/1452/152 665/1453/152
f 670/1454/158 669/1455/158 667/1456/158 668/1457/158
f 672/1458/149 671/1416/149 669/1455/149 670/1454/149
f 674/1459/159 673/1460/159 671/1461/159 672/1462/159
f 676/1463/153 675/1464/153 673/1460/153 674/1459/153
f 678/1465/160 677/1466/160 675/1467/160 676/1468/160
f 680/1469/145 679/1470/145 677/1466/145 678/1465/145
f 667/1471/152 669/1472/152 671/1473/152 673/1474/152 675/1475/152 677/1476/152 679/1477/152 681/1478/152
f 682/1479/161 681/1480/161 679/1481/161 680/1482/161
f 668/1483/147 682/1484/147 680/1485/147 678/1486/147 676/1487/147 674/1488/147 672/1489/147 670/1490/147
f 668/1491/151 667/1492/151 681/1480/151 682/1479/151
f 683/1493/154 685/1494/154 686/1495/154 684/1496/154
f 685/1494/152 687/1497/152 688/1498/152 686/1495/152
f 687/1497/155 689/1499/155 690/1500/155 688/1498/155
f 689/1501/153 691/1502/153 692/1503/153 690/1504/153
f 691/1505/156 693/1506/156 694/1507/156 692/1508/156
f 693/1506/147 695/1509/147 696/1510/147 694/1507/147
f 695/1509/157 697/1511/157 698/1512/157 696/1510/157
f 683/1513/149 697/1514/149 695/1515/149 693/1516/149 691/1517/149 689/1518/149 687/1519/149 685/1520/149
f 697/1521/151 683/1522/151 684/1523/151 698/1524/151
f 702/1525/157 701/1526/157 699/1527/157 700/1528/157
f 704/1529/147 703/1530/147 701/1526/147 702/1525/147
f 706/1531/156 705/1532/156 703/1530/156 704/1529/156
f 708/1533/153 707/1534/153 705/1535/153 706/1536/153
f 710/1537/155 709/1538/155 707/1361/155 708/1539/155
f 712/1540/152 711/1541/152 709/1538/152 710/1537/152
f 714/1542/154 713/1357/154 711/1541/154 712/1540/154
f 700/1543/145 714/1544/145 712/1545/145 710/1546/145 708/1547/145 706/1548/145 704/1549/145 702/1550/145
f 700/1551/151 699/1552/151 713/1553/151 714/1554/151
f 699/1555/149 701/1556/149 703/1557/149 705/1558/149 707/1559/149 709/1560/149 711/1561/149 713/1562/149
f 718/1563/158 717/1564/158 715/1565/158 716/1566/158
f 720/1567/149 719/1568/149 717/1564/149 718/1563/149
f 722/1569/159 721/1570/159 719/1571/159 720/1572/159
f 724/1573/153 723/1574/153 721/1570/153 722/1569/153
f 726/1575/160 725/1576/160 723/1577/160 724/1578/160
f 728/1579/145 727/1580/145 725/1576/145 726/1575/145
f 730/1581/161 729/1582/161 727/1583/161 728/1584/161
f 716/1585/147 730/1586/147 728/1587/147 726/1588/147 724/1589/147 722/1590/147 720/1591/147 718/1592/147
f 716/1593/151 715/1594/151 729/1582/151 730/1581/151
f 715/1595/152 717/1596/152 719/1597/152 721/1598/152 723/1599/152 725/1600/152 727/1601/152 729/1602/152
f 734/1603/157 733/1604/157 731/1605/157 732/1606/157
f 736/1607/147 735/1608/147 733/1604/147 734/1603/147
f 738/1609/156 737/1610/156 735/1608/156 736/1607/156
f 740/1611/153 739/1612/153 737/1613/153 738/1614/153
f 742/1615/155 741/1616/155 739/1617/155 740/1618/155
f 744/1619/152 743/1620/152 741/1616/152 742/1615/152
f 731/1621/149 733/1622/149 735/1623/149 737/1624/149 739/1625/149 741/1626/149 743/1627/149 745/1628/149
f 746/1539/154 745/1361/154 743/1620/154 744/1619/154
f 732/1629/145 746/1630/145 744/1631/145 742/1632/145 740/1633/145 738/1634/145 736/1635/145 734/1636/145
f 732/1637/151 731/1638/151 745/1639/151 746/1640/151
f 762/1641/162 761/1642/162 770/1643/162 763/1644/162
f 761/1645/163 760/1646/163 774/1647/163 770/1648/163
f 760/1649/164 759/1650/164 778/1651/164 774/1652/164
f 759/1650/152 758/1653/152 782/1654/152 778/1651/152
f 758/1653/165 757/1655/165 786/1656/165 782/1654/165
f 755/1657/166 756/1658/166 794/1659/166 790/1660/166
f 756/1658/147 762/1641/147 763/1644/147 794/1659/147
f 763/1644/167 770/1643/167 769/1661/167 764/1662/167
f 764/1663/168 769/1664/168 768/1665/168 765/1666/168
f 765/1666/169 768/1665/169 767/1667/169 766/1668/169
f 766/1669/170 767/1670/170 753/1671/170 754/1672/170
f 770/1648/171 774/1647/171 773/1673/171 769/1664/171
f 769/1664/172 773/1673/172 772/1674/172 768/1665/172
f 768/1665/173 772/1674/173 771/1675/173 767/1667/173
f 767/1667/174 771/1675/174 752/1676/174 753/1677/174
f 774/1652/175 778/1651/175 777/1678/175 773/1679/175
f 773/1673/176 777/1680/176 776/1681/176 772/1674/176
f 772/1674/177 776/1681/177 775/1682/177 771/1675/177
f 771/1683/178 775/1684/178 751/1685/178 752/1686/178
f 778/1651/152 782/1654/152 781/1687/152 777/1678/152
f 777/1678/152 781/1687/152 780/1688/152 776/1689/152
f 776/1689/152 780/1688/152 779/1690/152 775/1684/152
f 775/1684/152 779/1690/152 750/1691/152 751/1685/152
f 782/1654/179 786/1656/179 785/1692/179 781/1687/179
f 781/1687/180 785/1692/180 784/1693/180 780/1688/180
f 780/1688/181 784/1693/181 783/1694/181 779/1690/181
f 779/1690/182 783/1694/182 749/1695/182 750/1691/182
f 786/1696/183 790/1697/183 789/1698/183 785/1699/183
f 785/1699/184 789/1698/184 788/1700/184 784/1701/184
f 784/1701/185 788/1700/185 787/1702/185 783/1703/185
f 790/1660/186 794/1659/186 793/1704/186 789/1705/186
f 789/1705/187 793/1704/187 792/1706/187 788/1707/187
f 788/1707/188 792/1706/188 791/1708/188 787/1709/188
f 787/1709/189 791/1708/189 747/1710/189 748/1711/189
f 794/1659/147 763/1644/147 764/1662/147 793/1704/147
f 793/1704/147 764/1662/147 765/1712/147 792/1706/147
f 792/1706/147 765/1712/147 766/1669/147 791/1708/147
f 791/1708/147 766/1669/147 754/1672/147 747/1710/147
f 761/1713/151 762/1714/151 756/1715/151 755/1716/151 757/1717/151 758/1718/151 759/1719/151 760/1720/151
f 810/1721/190 809/1722/190 818/1723/190 811/1724/190
f 809/1725/191 808/1726/191 822/1727/191 818/1728/191
f 808/1726/192 807/1729/192 826/1730/192 822/1727/192
f 807/1731/153 806/1732/153 830/1733/153 826/1734/153
f 806/1732/193 805/1735/193 834/1736/193 830/1733/193
f 803/1737/194 804/1738/194 842/1739/194 838/1740/194
f 804/1741/151 810/1721/151 811/1724/151 842/1742/151
f 811/1724/195 818/1723/195 817/1743/195 812/1744/195
f 812/1744/196 817/1743/196 816/1745/196 813/1746/196
f 813/1746/197 816/1745/197 815/1747/197 814/1748/197
f 814/1749/198 815/1750/198 801/1751/198 802/1752/198
f 818/1728/199 822/1727/199 821/1753/199 817/1754/199
f 817/1755/200 821/1756/200 820/1757/200 816/1758/200
f 816/1758/201 820/1757/201 819/1759/201 815/1750/201
f 815/1750/202 819/1759/202 800/1760/202 801/1751/202
f 822/1727/203 826/1730/203 825/1761/203 821/1753/203
f 821/1753/204 825/1761/204 824/1762/204 820/1763/204
f 820/1763/205 824/1762/205 823/1764/205 819/1765/205
f 819/1759/206 823/1766/206 799/1767/206 800/1760/206
f 826/1734/153 830/1733/153 829/1768/153 825/1769/153
f 825/1769/153 829/1768/153 828/1770/153 824/1771/153
f 824/1771/153 828/1770/153 827/1772/153 823/1773/153
f 823/1773/153 827/1772/153 798/1774/153 799/1775/153
f 830/1733/207 834/1736/207 833/1776/207 829/1768/207
f 829/1768/208 833/1776/208 832/1777/208 828/1770/208
f 828/1770/209 832/1777/209 831/1778/209 827/1772/209
f 827/1772/210 831/1778/210 797/1779/210 798/1774/210
f 834/1780/211 838/1781/211 837/1782/211 833/1783/211
f 833/1783/212 837/1782/212 836/1784/212 832/1785/212
f 832/1785/213 836/1784/213 835/1786/213 831/1787/213
f 838/1740/214 842/1739/214 841/1788/214 837/1789/214
f 837/1789/215 841/1788/215 840/1790/215 836/1791/215
f 836/1791/216 840/1790/216 839/1792/216 835/1793/216
f 835/1794/217 839/1795/217 795/1796/217 796/1797/217
f 842/1742/151 811/1724/151 812/1744/151 841/1798/151
f 841/1798/151 812/1744/151 813/1746/151 840/1799/151
f 840/1799/151 813/1746/151 814/1748/151 839/1800/151
f 839/1800/151 814/1748/151 802/1801/151 795/1802/151
f 809/1803/152 810/1804/152 804/1805/152 803/1806/152 805/1807/152 806/1808/152 807/1809/152 808/1810/152
f 858/1811/190 857/1812/190 866/1813/190 859/1814/190
f 857/1815/191 856/1816/191 870/1817/191 866/1818/191
f 856/1816/218 855/1819/218 874/1820/218 870/1817/218
f 855/1821/153 854/1822/153 878/1823/153 874/1824/153
f 854/1822/219 853/1825/219 882/1826/219 878/1823/219
f 851/1827/220 852/1828/220 890/1829/220 886/1830/220
f 852/1831/151 858/1811/151 859/1814/151 890/1832/151
f 859/1814/195 866/1813/195 865/1833/195 860/1834/195
f 860/1834/196 865/1833/196 864/1835/196 861/1836/196
f 861/1836/221 864/1835/221 863/1837/221 862/1838/221
f 862/1839/198 863/1840/198 849/1841/198 850/1842/198
f 866/1818/199 870/1817/199 869/1843/199 865/1844/199
f 865/1845/200 869/1846/200 868/1847/200 864/1848/200
f 864/1848/222 868/1847/222 867/1849/222 863/1840/222
f 863/1840/202 867/1849/202 848/1850/202 849/1841/202
f 870/1817/203 874/1820/203 873/1851/203 869/1843/203
f 869/1843/223 873/1851/223 872/1852/223 868/1853/223
f 868/1853/205 872/1852/205 871/1854/205 867/1855/205
f 867/1849/206 871/1856/206 847/1857/206 848/1850/206
f 874/1824/153 878/1823/153 877/1858/153 873/1859/153
f 873/1859/153 877/1858/153 876/1860/153 872/1861/153
f 872/1861/153 876/1860/153 875/1862/153 871/1863/153
f 871/1863/153 875/1862/153 846/1864/153 847/1865/153
f 878/1823/224 882/1826/224 881/1866/224 877/1858/224
f 877/1858/208 881/1866/208 880/1867/208 876/1860/208
f 876/1860/209 880/1867/209 879/1868/209 875/1862/209
f 875/1862/225 879/1868/225 845/1869/225 846/1864/225
f 882/1870/226 886/1871/226 885/1872/226 881/1873/226
f 881/1873/227 885/1872/227 884/1874/227 880/1875/227
f 880/1875/228 884/1874/228 883/1876/228 879/1877/228
f 886/1830/214 890/1829/214 889/1878/214 885/1879/214
f 885/1879/229 889/1878/229 888/1880/229 884/1881/229
f 884/1881/216 888/1880/216 887/1882/216 883/1883/216
f 883/1884/230 887/1885/230 843/1886/230 844/1887/230
f 890/1832/151 859/1814/151 860/1834/151 889/1888/151
f 889/1888/151 860/1834/151 861/1836/151 888/1889/151
f 888/1889/151 861/1836/151 862/1838/151 887/1890/151
f 887/1890/151 862/1838/151 850/1891/151 843/1892/151
f 857/1893/152 858/1894/152 852/1895/152 851/1896/152 853/1897/152 854/1898/152 855/1899/152 856/1900/152
f 906/1901/231 905/1902/231 914/1903/231 907/1904/231
f 905/1902/232 904/1905/232 918/1906/232 914/1903/232
f 904/1905/233 903/1907/233 922/1908/233 918/1906/233
f 903/1909/153 902/1910/153 926/1911/153 922/1912/153
f 902/1913/234 901/1914/234 930/1915/234 926/1916/234
f 899/1917/235 900/1918/235 938/1919/235 934/1920/235
f 900/1921/151 906/1922/151 907/1923/151 938/1924/151
f 907/1925/236 914/1926/236 913/1927/236 908/1928/236
f 908/1928/237 913/1927/237 912/1929/237 909/1930/237
f 909/1930/238 912/1929/238 911/1931/238 910/1932/238
f 910/1932/239 911/1931/239 897/1933/239 898/1934/239
f 914/1903/240 918/1906/240 917/1935/240 913/1936/240
f 913/1936/241 917/1935/241 916/1937/241 912/1938/241
f 912/1929/242 916/1939/242 915/1940/242 911/1931/242
f 911/1931/243 915/1940/243 896/1941/243 897/1933/243
f 918/1942/244 922/1912/244 921/1943/244 917/1944/244
f 917/1944/245 921/1943/245 920/1945/245 916/1946/245
f 916/1946/246 920/1945/246 919/1947/246 915/1948/246
f 915/1948/247 919/1947/247 895/1949/247 896/1950/247
f 922/1912/153 926/1911/153 925/1951/153 921/1943/153
f 921/1943/153 925/1951/153 924/1952/153 920/1945/153
f 920/1945/153 924/1952/153 923/1953/153 919/1947/153
f 919/1947/153 923/1953/153 894/1954/153 895/1949/153
f 926/1916/248 930/1915/248 929/1955/248 925/1956/248
f 925/1956/249 929/1955/249 928/1957/249 924/1958/249
f 924/1958/250 928/1957/250 927/1959/250 923/1960/250
f 923/1960/251 927/1959/251 893/1961/251 894/1962/251
f 930/1963/252 934/1964/252 933/1965/252 929/1966/252
f 929/1966/253 933/1965/253 932/1967/253 928/1968/253
f 928/1968/254 932/1967/254 931/1969/254 927/1970/254
f 934/1971/255 938/1924/255 937/1972/255 933/1973/255
f 933/1973/256 937/1972/256 936/1974/256 932/1975/256
f 932/1975/257 936/1974/257 935/1976/257 931/1977/257
f 931/1977/258 935/1976/258 891/1978/258 892/1979/258
f 938/1924/151 907/1923/151 908/1980/151 937/1972/151
f 937/1972/151 908/1980/151 909/1981/151 936/1974/151
f 936/1974/151 909/1981/151 910/1982/151 935/1976/151
f 935/1976/151 910/1982/151 898/1983/151 891/1978/151
f 905/1984/145 906/1985/145 900/1986/145 899/1987/145 901/1914/145 902/1913/145 903/1988/145 904/1989/145
f 954/1990/259 953/1991/259 962/1992/259 955/1993/259
f 953/1994/260 952/1995/260 966/1996/260 962/1997/260
f 952/1995/261 951/1998/261 970/1999/261 966/1996/261
f 951/2000/151 950/2001/151 974/2002/151 970/2003/151
f 950/2001/262 949/2004/262 978/2005/262 974/2002/262
f 947/2006/263 948/2007/263 986/2008/263 982/2009/263
f 948/2010/153 954/1990/153 955/1993/153 986/2011/153
f 955/1993/264 962/1992/264 961/2012/264 956/2013/264
f 956/2013/265 961/2012/265 960/2014/265 957/2015/265
f 957/2015/266 960/2014/266 959/2016/266 958/2017/266
f 958/2018/267 959/2019/267 945/2020/267 946/2021/267
f 962/1997/268 966/1996/268 965/2022/268 961/2023/268
f 961/2024/269 965/2025/269 964/2026/269 960/2027/269
f 960/2027/270 964/2026/270 963/2028/270 959/2019/270
f 959/2019/271 963/2028/271 944/2029/271 945/2020/271
f 966/1996/272 970/1999/272 969/2030/272 965/2022/272
f 965/2022/273 969/2030/273 968/2031/273 964/2032/273
f 964/2032/274 968/2031/274 967/2033/274 963/2034/274
f 963/2028/275 967/2035/275 943/2036/275 944/2029/275
f 970/2003/151 974/2002/151 973/2037/151 969/2038/151
f 969/2038/151 973/2037/151 972/2039/151 968/2040/151
f 968/2040/151 972/2039/151 971/2041/151 967/2042/151
f 967/2042/151 971/2041/151 942/2043/151 943/2044/151
f 974/2002/276 978/2005/276 977/2045/276 973/2037/276
f 973/2037/277 977/2045/277 976/2046/277 972/2039/277
f 972/2039/278 976/2046/278 975/2047/278 971/2041/278
f 971/2048/279 975/2049/279 941/2050/279 942/2051/279
f 978/2052/280 982/2053/280 981/2054/280 977/2055/280
f 977/2055/281 981/2054/281 980/2056/281 976/2057/281
f 976/2057/282 980/2056/282 979/2058/282 975/2059/282
f 982/2009/283 986/2008/283 985/2060/283 981/2061/283
f 981/2061/284 985/2060/284 984/2062/284 980/2063/284
f 980/2063/285 984/2062/285 983/2064/285 979/2065/285
f 979/2065/286 983/2064/286 939/2066/286 940/2067/286
f 986/2011/153 955/1993/153 956/2013/153 985/2068/153
f 985/2068/153 956/2013/153 957/2015/153 984/2069/153
f 984/2069/153 957/2015/153 958/2017/153 983/2070/153
f 983/2070/153 958/2017/153 946/2071/153 939/2072/153
f 953/2073/152 954/2074/152 948/2075/152 947/2076/152 949/2077/152 950/2078/152 951/2079/152 952/2080/152
f 1002/2081/287 1001/2082/287 1010/2083/287 1003/2084/287
f 1001/2082/288 1000/2085/288 1014/2086/288 1010/2083/288
f 1000/2087/289 999/2088/289 1018/2089/289 1014/2090/289
f 999/2088/151 998/2091/151 1022/2092/151 1018/2089/151
f 998/2093/290 997/2094/290 1026/2095/290 1022/2096/290
f 995/2097/291 996/2098/291 1034/2099/291 1030/2100/291
f 996/2098/153 1002/2101/153 1003/2102/153 1034/2099/153
f 1003/2084/292 1010/2083/292 1009/2103/292 1004/2104/292
f 1004/2104/284 1009/2103/284 1008/2105/284 1005/2106/284
f 1005/2106/293 1008/2105/293 1007/2107/293 1006/2108/293
f 1006/2109/294 1007/2110/294 993/2111/294 994/2112/294
f 1010/2083/295 1014/2086/295 1013/2113/295 1009/2103/295
f 1009/2114/281 1013/2115/281 1012/2116/281 1008/2117/281
f 1008/2117/296 1012/2116/296 1011/2118/296 1007/2110/296
f 1007/2110/297 1011/2118/297 992/2119/297 993/2111/297
f 1014/2090/298 1018/2089/298 1017/2120/298 1013/2121/298
f 1013/2121/277 1017/2120/277 1016/2122/277 1012/2123/277
f 1012/2123/299 1016/2122/299 1015/2124/299 1011/2125/299
f 1011/2118/300 1015/2126/300 991/2127/300 992/2119/300
f 1018/2089/151 1022/2092/151 1021/2128/151 1017/2120/151
f 1017/2120/151 1021/2128/151 1020/2129/151 1016/2122/151
f 1016/2122/151 1020/2129/151 1019/2130/151 1015/2124/151
f 1015/2124/151 1019/2130/151 990/2131/151 991/2132/151
f 1022/2096/301 1026/2095/301 1025/2133/301 1021/2134/301
f 1021/2134/302 1025/2133/302 1024/2135/302 1020/2136/302
f 1020/2136/303 1024/2135/303 1023/2137/303 1019/2138/303
f 1019/2139/304 1023/2140/304 989/2141/304 990/2142/304
f 1026/2143/305 1030/2144/305 1029/2145/305 1025/2146/305
f 1025/2146/306 1029/2145/306 1028/2147/306 1024/2148/306
f 1024/2148/307 1028/2147/307 1027/2149/307 1023/2150/307
f 1030/2100/308 1034/2099/308 1033/2151/308 1029/2152/308
f 1029/2152/265 1033/2151/265 1032/2153/265 1028/2154/265
f 1028/2154/309 1032/2153/309 1031/2155/309 1027/2156/309
f 1027/2156/310 1031/2155/310 987/2157/310 988/2158/310
f 1034/2099/153 1003/2102/153 1004/2159/153 1033/2151/153
f 1033/2151/153 1004/2159/153 1005/2160/153 1032/2153/153
f 1032/2153/153 1005/2160/153 1006/2161/153 1031/2155/153
f 1031/2155/153 1006/2161/153 994/2162/153 987/2157/153
f 1001/2163/147 1002/2164/147 996/2165/147 995/2166/147 997/2167/147 998/2168/147 999/2169/147 1000/2170/147
f 1050/2171/311 1049/2172/311 1058/2173/311 1051/2174/311
f 1049/2172/312 1048/2175/312 1062/2176/312 1058/2173/312
f 1048/2177/313 1047/2178/313 1066/2179/313 1062/2180/313
f 1047/2178/153 1046/2181/153 1070/2182/153 1066/2179/153
f 1046/2183/314 1045/2184/314 1074/2185/314 1070/2186/314
f 1043/2187/315 1044/2188/315 1082/2189/315 1078/2190/315
f 1044/2188/151 1050/2191/151 1051/2192/151 1082/2189/151
f 1051/2174/316 1058/2173/316 1057/2193/316 1052/2194/316
f 1052/2194/229 1057/2193/229 1056/2195/229 1053/2196/229
f 1053/2196/317 1056/2195/317 1055/2197/317 1054/2198/317
f 1054/2199/318 1055/2200/318 1041/2201/318 1042/2202/318
f 1058/2173/319 1062/2176/319 1061/2203/319 1057/2193/319
f 1057/2204/212 1061/2205/212 1060/2206/212 1056/2207/212
f 1056/2207/320 1060/2206/320 1059/2208/320 1055/2200/320
f 1055/2200/321 1059/2208/321 1040/2209/321 1041/2201/321
f 1062/2180/322 1066/2179/322 1065/2210/322 1061/2211/322
f 1061/2211/208 1065/2210/208 1064/2212/208 1060/2213/208
f 1060/2213/323 1064/2212/323 1063/2214/323 1059/2215/323
f 1059/2208/324 1063/2216/324 1039/2217/324 1040/2209/324
f 1066/2179/153 1070/2182/153 1069/2218/153 1065/2210/153
f 1065/2210/153 1069/2218/153 1068/2219/153 1064/2212/153
f 1064/2212/153 1068/2219/153 1067/2220/153 1063/2214/153
f 1063/2214/153 1067/2220/153 1038/2221/153 1039/2222/153
f 1070/2186/325 1074/2185/325 1073/2223/325 1069/2224/325
f 1069/2224/204 1073/2223/204 1072/2225/204 1068/2226/204
f 1068/2226/326 1072/2225/326 1071/2227/326 1067/2228/326
f 1067/2228/327 1071/2227/327 1037/2229/327 1038/2230/327
f 1074/2231/328 1078/2232/328 1077/2233/328 1073/2234/328
f 1073/2234/200 1077/2233/200 1076/2235/200 1072/2236/200
f 1072/2236/329 1076/2235/329 1075/2237/329 1071/2238/329
f 1078/2190/330 1082/2189/330 1081/2239/330 1077/2240/330
f 1077/2240/196 1081/2239/196 1080/2241/196 1076/2242/196
f 1076/2242/331 1080/2241/331 1079/2243/331 1075/2244/331
f 1075/2245/332 1079/2246/332 1035/2247/332 1036/2248/332
f 1082/2189/151 1051/2192/151 1052/2249/151 1081/2239/151
f 1081/2239/151 1052/2249/151 1053/2250/151 1080/2241/151
f 1080/2241/151 1053/2250/151 1054/2251/151 1079/2243/151
f 1079/2243/151 1054/2251/151 1042/2252/151 1035/2253/151
f 1049/2254/147 1050/2255/147 1044/2256/147 1043/2257/147 1045/2258/147 1046/2259/147 1047/2260/147 1048/2261/147
f 1098/2262/287 1097/2263/287 1106/2264/287 1099/2265/287
f 1097/2263/288 1096/2266/288 1110/2267/288 1106/2264/288
f 1096/2268/289 1095/2269/289 1114/2270/289 1110/2271/289
f 1095/2269/151 1094/2272/151 1118/2273/151 1114/2270/151
f 1094/2274/333 1093/2275/333 1122/2276/333 1118/2277/333
f 1091/2278/291 1092/2279/291 1130/2280/291 1126/2281/291
f 1092/2279/153 1098/2282/153 1099/2283/153 1130/2280/153
f 1099/2265/334 1106/2264/334 1105/2284/334 1100/2285/334
f 1100/2285/284 1105/2284/284 1104/2286/284 1101/2287/284
f 1101/2287/293 1104/2286/293 1103/2288/293 1102/2289/293
f 1102/2290/294 1103/2291/294 1089/2292/294 1090/2293/294
f 1106/2264/295 1110/2267/295 1109/2294/295 1105/2284/295
f 1105/2295/281 1109/2296/281 1108/2297/281 1104/2298/281
f 1104/2298/296 1108/2297/296 1107/2299/296 1103/2291/296
f 1103/2291/297 1107/2299/297 1088/2300/297 1089/2292/297
f 1110/2271/335 1114/2270/335 1113/2301/335 1109/2302/335
f 1109/2302/277 1113/2301/277 1112/2303/277 1108/2304/277
f 1108/2304/299 1112/2303/299 1111/2305/299 1107/2306/299
f 1107/2299/300 1111/2307/300 1087/2308/300 1088/2300/300
f 1114/2270/151 1118/2273/151 1117/2309/151 1113/2301/151
f 1113/2301/151 1117/2309/151 1116/2310/151 1112/2303/151
f 1112/2303/151 1116/2310/151 1115/2311/151 1111/2305/151
f 1111/2305/151 1115/2311/151 1086/2312/151 1087/2313/151
f 1118/2277/301 1122/2276/301 1121/2314/301 1117/2315/301
f 1117/2315/273 1121/2314/273 1120/2316/273 1116/2317/273
f 1116/2317/303 1120/2316/303 1119/2318/303 1115/2319/303
f 1115/2320/336 1119/2321/336 1085/2322/336 1086/2323/336
f 1122/2324/337 1126/2325/337 1125/2326/337 1121/2327/337
f 1121/2327/269 1125/2326/269 1124/2328/269 1120/2329/269
f 1120/2329/338 1124/2328/338 1123/2330/338 1119/2331/338
f 1126/2281/308 1130/2280/308 1129/2332/308 1125/2333/308
f 1125/2333/265 1129/2332/265 1128/2334/265 1124/2335/265
f 1124/2335/339 1128/2334/339 1127/2336/339 1123/2337/339
f 1123/2337/310 1127/2336/310 1083/2338/310 1084/2339/310
f 1130/2280/153 1099/2283/153 1100/2340/153 1129/2332/153
f 1129/2332/153 1100/2340/153 1101/2341/153 1128/2334/153
f 1128/2334/153 1101/2341/153 1102/2342/153 1127/2336/153
f 1127/2336/153 1102/2342/153 1090/2343/153 1083/2338/153
f 1097/2344/147 1098/2345/147 1092/2346/147 1091/2347/147 1093/2348/147 1094/2349/147 1095/2350/147 1096/2351/147
f 1146/2352/311 1145/2353/311 1154/2354/311 1147/2355/311
f 1145/2353/312 1144/2356/312 1158/2357/312 1154/2354/312
f 1144/2358/313 1143/2359/313 1162/2360/313 1158/2361/313
f 1143/2359/153 1142/2362/153 1166/2363/153 1162/2360/153
f 1142/2364/314 1141/2365/314 1170/2366/314 1166/2367/314
f 1139/2368/315 1140/2369/315 1178/2370/315 1174/2371/315
f 1140/2369/151 1146/2372/151 1147/2373/151 1178/2370/151
f 1147/2355/316 1154/2354/316 1153/2374/316 1148/2375/316
f 1148/2375/229 1153/2374/229 1152/2376/229 1149/2377/229
f 1149/2377/340 1152/2376/340 1151/2378/340 1150/2379/340
f 1150/2380/318 1151/2381/318 1137/2382/318 1138/2383/318
f 1154/2354/319 1158/2357/319 1157/2384/319 1153/2374/319
f 1153/2385/212 1157/2386/212 1156/2387/212 1152/2388/212
f 1152/2388/341 1156/2387/341 1155/2389/341 1151/2381/341
f 1151/2381/321 1155/2389/321 1136/2390/321 1137/2382/321
f 1158/2361/322 1162/2360/322 1161/2391/322 1157/2392/322
f 1157/2392/208 1161/2391/208 1160/2393/208 1156/2394/208
f 1156/2394/342 1160/2393/342 1159/2395/342 1155/2396/342
f 1155/2389/324 1159/2397/324 1135/2398/324 1136/2390/324
f 1162/2360/153 1166/2363/153 1165/2399/153 1161/2391/153
f 1161/2391/153 1165/2399/153 1164/2400/153 1160/2393/153
f 1160/2393/153 1164/2400/153 1163/2401/153 1159/2395/153
f 1159/2395/153 1163/2401/153 1134/2402/153 1135/2403/153
f 1166/2367/325 1170/2366/325 1169/2404/325 1165/2405/325
f 1165/2405/343 1169/2404/343 1168/2406/343 1164/2407/343
f 1164/2407/326 1168/2406/326 1167/2408/326 1163/2409/326
f 1163/2409/344 1167/2408/344 1133/2410/344 1134/2411/344
f 1170/2412/328 1174/2413/328 1173/2414/328 1169/2415/328
f 1169/2415/345 1173/2414/345 1172/2416/345 1168/2417/345
f 1168/2417/346 1172/2416/346 1171/2418/346 1167/2419/346
f 1174/2371/347 1178/2370/347 1177/2420/347 1173/2421/347
f 1173/2421/196 1177/2420/196 1176/2422/196 1172/2423/196
f 1172/2423/331 1176/2422/331 1175/2424/331 1171/2425/331
f 1171/2426/348 1175/2427/348 1131/2428/348 1132/2429/348
f 1178/2370/151 1147/2373/151 1148/2430/151 1177/2420/151
f 1177/2420/151 1148/2430/151 1149/2431/151 1176/2422/151
f 1176/2422/151 1149/2431/151 1150/2432/151 1175/2424/151
f 1175/2424/151 1150/2432/151 1138/2433/151 1131/2434/151
f 1145/2435/147 1146/2436/147 1140/2437/147 1139/2438/147 1141/2439/147 1142/2440/147 1143/2441/147 1144/2442/147
f 1194/2443/349 1193/2444/349 1202/2445/349 1195/2446/349
f 1193/2447/350 1192/2448/350 1206/2449/350 1202/2450/350
f 1192/2448/351 1191/2451/351 1210/2452/351 1206/2449/351
f 1191/2453/145 1190/2454/145 1214/2455/145 1210/2456/145
f 1190/2454/352 1189/2457/352 1218/2458/352 1214/2455/352
f 1187/2459/353 1188/2460/353 1226/2461/353 1222/2462/353
f 1188/2463/149 1194/2443/149 1195/2446/149 1226/2464/149
f 1195/2446/354 1202/2445/354 1201/2465/354 1196/2466/354
f 1196/2466/355 1201/2465/355 1200/2467/355 1197/2468/355
f 1197/2468/356 1200/2467/356 1199/2469/356 1198/2470/356
f 1198/2471/357 1199/2472/357 1185/2473/357 1186/2474/357
f 1202/2450/358 1206/2449/358 1205/2475/358 1201/2476/358
f 1201/2477/359 1205/2478/359 1204/2479/359 1200/2480/359
f 1200/2480/360 1204/2479/360 1203/2481/360 1199/2472/360
f 1199/2472/361 1203/2481/361 1184/2482/361 1185/2473/361
f 1206/2449/362 1210/2452/362 1209/2483/362 1205/2475/362
f 1205/2475/363 1209/2483/363 1208/2484/363 1204/2485/363
f 1204/2485/364 1208/2484/364 1207/2486/364 1203/2487/364
f 1203/2481/365 1207/2488/365 1183/2489/365 1184/2482/365
f 1210/2456/145 1214/2455/145 1213/2490/145 1209/2491/145
f 1209/2491/145 1213/2490/145 1212/2492/145 1208/2493/145
f 1208/2493/145 1212/2492/145 1211/2494/145 1207/2495/145
f 1207/2495/145 1211/2494/145 1182/2496/145 1183/2497/145
f 1214/2455/366 1218/2458/366 1217/2498/366 1213/2490/366
f 1213/2490/367 1217/2498/367 1216/2499/367 1212/2492/367
f 1212/2492/368 1216/2499/368 1215/2500/368 1211/2494/368
f 1211/2501/369 1215/2502/369 1181/2503/369 1182/2504/369
f 1218/2505/370 1222/2506/370 1221/2507/370 1217/2508/370
f 1217/2508/371 1221/2507/371 1220/2509/371 1216/2510/371
f 1216/2510/372 1220/2509/372 1219/2511/372 1215/2512/372
f 1222/2462/373 1226/2461/373 1225/2513/373 1221/2514/373
f 1221/2514/374 1225/2513/374 1224/2515/374 1220/2516/374
f 1220/2516/375 1224/2515/375 1223/2517/375 1219/2518/375
f 1219/2519/376 1223/2520/376 1179/2521/376 1180/2522/376
f 1226/2464/149 1195/2446/149 1196/2466/149 1225/2523/149
f 1225/2523/149 1196/2466/149 1197/2468/149 1224/2524/149
f 1224/2524/149 1197/2468/149 1198/2470/149 1223/2525/149
f 1223/2525/149 1198/2470/149 1186/2526/149 1179/2527/149
f 1193/2528/152 1194/2529/152 1188/2530/152 1187/2531/152 1189/2532/152 1190/2533/152 1191/2534/152 1192/2535/152
f 1242/2536/377 1241/2537/377 1250/2538/377 1243/2539/377
f 1241/2537/378 1240/2540/378 1254/2541/378 1250/2538/378
f 1240/2540/379 1239/2542/379 1258/2543/379 1254/2541/379
f 1239/2544/145 1238/2545/145 1262/2546/145 1258/2547/145
f 1238/2548/380 1237/2549/380 1266/2550/380 1262/2551/380
f 1235/2552/381 1236/2553/381 1274/2554/381 1270/2555/381
f 1236/2556/149 1242/2557/149 1243/2558/149 1274/2559/149
f 1243/2558/382 1250/2560/382 1249/2561/382 1244/2562/382
f 1244/2562/383 1249/2561/383 1248/2563/383 1245/2564/383
f 1245/2564/384 1248/2563/384 1247/2565/384 1246/2566/384
f 1246/2566/385 1247/2565/385 1233/2567/385 1234/2568/385
f 1250/2538/386 1254/2541/386 1253/2569/386 1249/2570/386
f 1249/2570/387 1253/2569/387 1252/2571/387 1248/2572/387
f 1248/2573/388 1252/2574/388 1251/2575/388 1247/2576/388
f 1247/2576/389 1251/2575/389 1232/2577/389 1233/2578/389
f 1254/2579/390 1258/2580/390 1257/2581/390 1253/2582/390
f 1253/2582/391 1257/2581/391 1256/2583/391 1252/2574/391
f 1252/2574/392 1256/2583/392 1255/2584/392 1251/2575/392
f 1251/2575/393 1255/2584/393 1231/2585/393 1232/2577/393
f 1258/2547/145 1262/2546/145 1261/2586/145 1257/2587/145
f 1257/2587/145 1261/2586/145 1260/2588/145 1256/2589/145
f 1256/2589/145 1260/2588/145 1259/2590/145 1255/2591/145
f 1255/2591/145 1259/2590/145 1230/2592/145 1231/2593/145
f 1262/2546/394 1266/2594/394 1265/2595/394 1261/2586/394
f 1261/2586/395 1265/2595/395 1264/2596/395 1260/2588/395
f 1260/2588/396 1264/2596/396 1263/2597/396 1259/2590/396
f 1259/2590/397 1263/2597/397 1229/2598/397 1230/2592/397
f 1266/2599/398 1270/2600/398 1269/2601/398 1265/2602/398
f 1265/2602/399 1269/2601/399 1268/2603/399 1264/2604/399
f 1264/2604/400 1268/2603/400 1267/2605/400 1263/2606/400
f 1270/2607/401 1274/2608/401 1273/2609/401 1269/2610/401
f 1269/2610/402 1273/2609/402 1272/2611/402 1268/2612/402
f 1268/2612/403 1272/2611/403 1271/2613/403 1267/2614/403
f 1267/2614/404 1271/2613/404 1227/2615/404 1228/2616/404
f 1274/2559/149 1243/2558/149 1244/2562/149 1273/2617/149
f 1273/2617/149 1244/2562/149 1245/2564/149 1272/2618/149
f 1272/2618/149 1245/2564/149 1246/2566/149 1271/2619/149
f 1271/2619/149 1246/2566/149 1234/2568/149 1227/2620/149
f 1241/2621/153 1242/2622/153 1236/2623/153 1235/2624/153 1237/2625/153 1238/2626/153 1239/2627/153 1240/2628/153
g piping2_piping2
v 0.000660 0.525521 0.563629
v 0.000660 0.562133 0.527017
v 0.000660 0.562133 0.475241
v 0.000660 0.525521 0.438629
v 0.000660 0.473745 0.438629
v 0.000660 0.437133 0.475241
v 0.000660 0.437133 0.527017
v 0.000660 0.473745 0.563629
v 0.016869 0.473745 0.563629
v 0.016869 0.437133 0.527017
v 0.016869 0.437133 0.475241
v 0.016869 0.473745 0.438629
v 0.016869 0.525521 0.438629
v 0.016869 0.562133 0.475241
v 0.016869 0.562133 0.527017
v 0.016869 0.525521 0.563629
v 0.000660 0.530699 0.576129
v -0.024339 0.530699 0.576129
v 0.000660 0.574633 0.532195
v -0.024339 0.574633 0.532195
v 0.000660 0.574633 0.470063
v -0.024339 0.574633 0.470063
v 0.000660 0.530699 0.426129
v -0.024339 0.530699 0.426129
v 0.000660 0.468567 0.426129
v -0.024339 0.468567 0.426129
v 0.000660 0.424633 0.470063
v -0.024339 0.424633 0.470063
v 0.000660 0.424633 0.532195
v -0.024339 0.424633 0.532195
v 0.000660 0.468567 0.576129
v -0.024339 0.468567 0.576129
v 0.362846 2.312100 0.437036
v 0.362846 2.227725 0.437036
v 0.367352 2.312100 0.488616
v 0.367352 2.227725 0.488616
v 0.407011 2.312100 0.521903
v 0.407011 2.227725 0.521903
v 0.458592 2.312100 0.517396
v 0.458592 2.227725 0.517396
v 0.491878 2.312100 0.477737
v 0.491878 2.227725 0.477737
v 0.487372 2.312100 0.426157
v 0.487372 2.227725 0.426157
v 0.447713 2.312100 0.392871
v 0.447713 2.227725 0.392871
v 0.396133 2.312100 0.397377
v 0.396133 2.227725 0.397377
v 0.362834 2.312085 0.437635
v 0.367341 2.312085 0.489216
v 0.407000 2.312085 0.522502
v 0.458580 2.312085 0.517996
v 0.491866 2.312085 0.478337
v 0.487360 2.312085 0.426757
v 0.447701 2.312085 0.393470
v 0.396121 2.312085 0.397976
v 0.367353 2.312047 0.489201
v 0.339310 2.348658 0.465664
v 0.407012 2.312047 0.522487
v 0.435055 2.348658 0.546024
v 0.435055 2.400435 0.546024
v 0.407012 2.437047 0.522487
v 0.367353 2.437047 0.489201
v 0.339310 2.400435 0.465664
v 0.356699 2.395060 0.444946
v 0.371780 2.381556 0.426977
v 0.383976 2.362593 0.412447
v 0.392663 2.339137 0.402096
v 0.442690 2.352214 0.399440
v 0.430665 2.384935 0.413768
v 0.414180 2.410568 0.433408
v 0.393144 2.429260 0.458472
v 0.482349 2.352214 0.432727
v 0.470324 2.384935 0.447054
v 0.453839 2.410568 0.466695
v 0.432804 2.429260 0.491758
v 0.488408 2.339137 0.482457
v 0.479721 2.362592 0.492807
v 0.467525 2.381556 0.507338
v 0.452444 2.395060 0.525306
v 0.457318 2.320642 0.519500
v 0.453352 2.330995 0.524225
v 0.447221 2.340527 0.531530
v 0.440561 2.346696 0.539464
v 0.407290 2.307565 0.522156
v 0.406662 2.308653 0.522904
v 0.404820 2.311516 0.525099
v 0.404116 2.312496 0.525938
v 0.367631 2.307566 0.488869
v 0.367004 2.308653 0.489617
v 0.365161 2.311517 0.491812
v 0.364457 2.312497 0.492652
v 0.361572 2.320642 0.439139
v 0.357606 2.330995 0.443865
v 0.351475 2.340528 0.451169
v 0.344816 2.346696 0.459104
v 0.052582 0.437986 0.570220
v 0.016324 0.473707 0.563895
v 0.016324 0.525484 0.563895
v 0.052582 0.562986 0.570220
v 0.104358 0.562986 0.570220
v 0.140970 0.526374 0.570220
v 0.140970 0.474598 0.570220
v 0.104358 0.437986 0.570220
v 0.016343 0.473707 0.563934
v 0.016343 0.437096 0.527322
v 0.016343 0.525484 0.563934
v 0.016343 0.562096 0.527322
v 0.016343 0.562096 0.475545
v 0.016343 0.525484 0.438934
v 0.016343 0.473707 0.438934
v 0.016343 0.437096 0.475545
v 0.043391 0.437096 0.480920
v 0.066850 0.437096 0.494425
v 0.085821 0.437096 0.513388
v 0.099333 0.437096 0.536844
v 0.133530 0.473707 0.523767
v 0.114824 0.473707 0.491046
v 0.089183 0.473707 0.465413
v 0.056461 0.473707 0.446720
v 0.133530 0.525484 0.523767
v 0.114824 0.525484 0.491046
v 0.089183 0.525484 0.465413
v 0.056461 0.525484 0.446720
v 0.099333 0.562096 0.536844
v 0.085821 0.562096 0.513388
v 0.066850 0.562096 0.494425
v 0.043391 0.562096 0.480920
v 0.050972 0.562096 0.555338
v 0.044803 0.562096 0.544986
v 0.035266 0.562096 0.535453
v 0.024908 0.562096 0.529285
v 0.016422 0.526374 0.574740
v 0.015799 0.525484 0.567328
v 0.012934 0.525484 0.564464
v 0.011838 0.525484 0.563484
v 0.016422 0.474598 0.574739
v 0.015799 0.473707 0.567328
v 0.012934 0.473707 0.564464
v 0.011838 0.473707 0.563484
v 0.050972 0.437096 0.555338
v 0.044803 0.437096 0.544986
v 0.035266 0.437096 0.535453
v 0.024908 0.437096 0.529285
v 0.250798 2.312171 0.764975
v 0.246291 2.312171 0.713395
v 0.121766 2.312171 0.724274
v 0.126272 2.312171 0.775854
v 0.165931 2.312171 0.809140
v 0.217511 2.312171 0.804634
v 0.435015 2.348744 0.545488
v 0.282781 2.348744 0.726868
v 0.406971 2.312133 0.521951
v 0.254738 2.312133 0.703331
v 0.367312 2.312133 0.488665
v 0.215079 2.312133 0.670045
v 0.339269 2.348744 0.465128
v 0.187035 2.348744 0.646508
v 0.339269 2.400521 0.465128
v 0.187035 2.400521 0.646508
v 0.367312 2.437133 0.488665
v 0.215079 2.437133 0.670045
v 0.406971 2.437133 0.521951
v 0.254738 2.437133 0.703331
v 0.435015 2.400521 0.545488
v 0.282781 2.400521 0.726868
v 0.254738 2.312133 0.703331
v 0.282781 2.348744 0.726868
v 0.215079 2.312133 0.670045
v 0.187035 2.348744 0.646508
v 0.187035 2.400521 0.646508
v 0.215079 2.437133 0.670045
v 0.254738 2.437133 0.703331
v 0.282781 2.400521 0.726868
v 0.254738 2.312133 0.703331
v 0.282781 2.348744 0.726868
v 0.215079 2.312133 0.670045
v 0.187035 2.348744 0.646508
v 0.187035 2.400521 0.646508
v 0.215079 2.437133 0.670045
v 0.254738 2.437133 0.703331
v 0.282781 2.400521 0.726868
v 0.254738 2.312133 0.703331
v 0.282781 2.348744 0.726868
v 0.215079 2.312133 0.670045
v 0.187035 2.348744 0.646508
v 0.187035 2.400521 0.646508
v 0.215079 2.437133 0.670045
v 0.254738 2.437133 0.703331
v 0.282781 2.400521 0.726868
v 0.246313 2.312133 0.713369
v 0.274356 2.348744 0.736906
v 0.206654 2.312133 0.680082
v 0.178611 2.348744 0.656545
v 0.178611 2.400521 0.656545
v 0.206654 2.437133 0.680082
v 0.246313 2.437133 0.713369
v 0.274356 2.400521 0.736906
v 0.254738 2.312133 0.703331
v 0.282781 2.348744 0.726868
v 0.215079 2.312133 0.670045
v 0.187035 2.348744 0.646508
v 0.187035 2.400521 0.646508
v 0.215079 2.437133 0.670045
v 0.254738 2.437133 0.703331
v 0.282781 2.400521 0.726868
v 0.358898 2.400521 0.636178
v 0.330855 2.437133 0.612641
v 0.291196 2.437133 0.579355
v 0.263152 2.400521 0.555818
v 0.263152 2.348744 0.555818
v 0.291196 2.312133 0.579355
v 0.358898 2.348744 0.636178
v 0.330855 2.312133 0.612641
v 0.246279 2.312133 0.713410
v 0.274322 2.348744 0.736946
v 0.206620 2.312133 0.680123
v 0.178576 2.348744 0.656586
v 0.178576 2.400521 0.656586
v 0.206620 2.437133 0.680123
v 0.246279 2.437133 0.713410
v 0.274322 2.400521 0.736946
v 0.250798 2.312171 0.764975
v 0.246291 2.312171 0.713395
v 0.206632 2.312171 0.680108
v 0.155052 2.312171 0.684615
v 0.121766 2.312171 0.724274
v 0.126272 2.312171 0.775854
v 0.165931 2.312171 0.809140
v 0.217511 2.312171 0.804634
v 0.246279 2.312133 0.713410
v 0.274322 2.348744 0.736946
v 0.206620 2.312133 0.680123
v 0.178576 2.348744 0.656586
v 0.178576 2.400521 0.656586
v 0.206620 2.437133 0.680123
v 0.246279 2.437133 0.713410
v 0.274322 2.400521 0.736946
v 0.256933 2.395146 0.757665
v 0.241852 2.381642 0.775633
v 0.229656 2.362678 0.790164
v 0.220969 2.339222 0.800514
v 0.170942 2.352300 0.803171
v 0.182967 2.385021 0.788843
v 0.199452 2.410653 0.769202
v 0.220487 2.429346 0.744139
v 0.131283 2.352299 0.769884
v 0.143308 2.385021 0.755557
v 0.159792 2.410653 0.735916
v 0.180828 2.429346 0.710853
v 0.125224 2.339223 0.720154
v 0.133911 2.362678 0.709804
v 0.146106 2.381642 0.695273
v 0.161187 2.395146 0.677304
v 0.156314 2.320728 0.683111
v 0.160280 2.331081 0.678386
v 0.166411 2.340613 0.671081
v 0.173070 2.346781 0.663146
v 0.206342 2.307651 0.680455
v 0.206969 2.308738 0.679707
v 0.208812 2.311602 0.677512
v 0.209516 2.312582 0.676672
v 0.246001 2.307651 0.713741
v 0.246629 2.308738 0.712993
v 0.248471 2.311602 0.710798
v 0.249175 2.312582 0.709959
v 0.252060 2.320728 0.763471
v 0.256026 2.331081 0.758746
v 0.262157 2.340614 0.751441
v 0.268816 2.346781 0.743507
v 0.104285 0.437676 0.678123
v 0.104285 0.437676 0.570028
v 0.140754 0.474287 0.678123
v 0.140754 0.474287 0.570028
v 0.140754 0.526064 0.678123
v 0.140754 0.526064 0.570028
v 0.104285 0.562676 0.678123
v 0.104285 0.562676 0.570028
v 0.052711 0.562676 0.678123
v 0.052711 0.562676 0.570028
v 0.016242 0.526064 0.678123
v 0.016242 0.526064 0.570028
v 0.016242 0.474287 0.678123
v 0.016242 0.474287 0.570028
v 0.052711 0.437676 0.678123
v 0.052711 0.437676 0.570028
v 0.014470 0.562479 0.710057
v 0.052337 0.562479 0.674745
v 0.104082 0.562479 0.676552
v 0.139394 0.562479 0.714419
v 0.137587 0.562479 0.766165
v 0.099720 0.562479 0.801476
v 0.047974 0.562479 0.799669
v 0.012663 0.562479 0.761802
v 0.052336 0.562517 0.674765
v 0.015747 0.525905 0.673487
v 0.104081 0.562517 0.676572
v 0.140671 0.525905 0.677849
v 0.140671 0.474128 0.677849
v 0.104081 0.437517 0.676572
v 0.052336 0.437517 0.674765
v 0.015747 0.474128 0.673487
v 0.014803 0.479503 0.700519
v 0.013984 0.493008 0.723963
v 0.013322 0.511971 0.742922
v 0.012850 0.535427 0.756427
v 0.048246 0.522350 0.791880
v 0.048899 0.489629 0.773186
v 0.049794 0.463996 0.747560
v 0.050936 0.445303 0.714859
v 0.099992 0.522350 0.793687
v 0.100644 0.489629 0.774993
v 0.101539 0.463996 0.749367
v 0.102681 0.445303 0.716666
v 0.137774 0.535427 0.760789
v 0.138246 0.511971 0.747285
v 0.138908 0.493008 0.728325
v 0.139727 0.479503 0.704881
v 0.139462 0.553921 0.712457
v 0.139677 0.543569 0.706292
v 0.140010 0.534036 0.696761
v 0.140372 0.527868 0.686409
v 0.104066 0.566998 0.677004
v 0.104100 0.565911 0.676028
v 0.104200 0.563047 0.673164
v 0.104239 0.562067 0.672069
v 0.052321 0.566998 0.675197
v 0.052355 0.565911 0.674221
v 0.052455 0.563047 0.671357
v 0.052493 0.562067 0.670262
v 0.014538 0.553921 0.708095
v 0.014754 0.543569 0.701929
v 0.015086 0.534036 0.692399
v 0.015448 0.527868 0.682046
v 0.014470 0.562479 0.710057
v 0.052337 0.562479 0.674745
v 0.104082 0.562479 0.676552
v 0.139394 0.562479 0.714419
v 0.137587 0.562479 0.766165
v 0.099720 0.562479 0.801476
v 0.047974 0.562479 0.799669
v 0.012663 0.562479 0.761802
v 0.104239 0.562067 0.672069
v 0.052493 0.562067 0.670262
v 0.250698 2.312860 0.765287
v 0.250698 1.875360 0.765287
v 0.246191 2.312860 0.713707
v 0.246191 1.875360 0.713707
v 0.206532 2.312860 0.680421
v 0.206532 1.875360 0.680421
v 0.154952 2.312860 0.684927
v 0.154952 1.875360 0.684927
v 0.121666 2.312860 0.724586
v 0.121666 1.875360 0.724586
v 0.126172 2.312860 0.776167
v 0.126172 1.875360 0.776167
v 0.165831 2.312860 0.809453
v 0.165831 1.875360 0.809453
v 0.217412 2.312860 0.804947
v 0.217412 1.875360 0.804947
v 0.014470 0.562479 0.710057
v 0.139394 0.562479 0.714419
v 0.137587 0.562479 0.766165
v 0.099720 0.562479 0.801476
v 0.047974 0.562479 0.799669
v 0.012663 0.562479 0.761802
v 0.052337 0.575256 0.674745
v 0.014470 0.575256 0.710057
v 0.104082 0.575256 0.676552
v 0.139394 0.575256 0.714419
v 0.137587 0.575256 0.766165
v 0.099720 0.575256 0.801476
v 0.047974 0.575256 0.799669
v 0.012663 0.575256 0.761802
v 0.105617 0.589857 0.677101
v 0.109958 0.631120 0.678620
v 0.116706 0.695236 0.680911
v 0.125460 0.778397 0.683778
v 0.135830 0.876794 0.687033
v 0.147436 0.986617 0.690501
v 0.159919 1.104058 0.694020
v 0.172935 1.225308 0.697449
v 0.186140 1.346558 0.700680
v 0.199122 1.463999 0.703674
v 0.211434 1.573822 0.706398
v 0.222611 1.672219 0.708801
v 0.232174 1.755380 0.710817
v 0.239627 1.819496 0.712365
v 0.244467 1.860759 0.713358
v 0.204758 1.860759 0.680496
v 0.199763 1.819496 0.680681
v 0.192045 1.755380 0.680916
v 0.182103 1.672219 0.681143
v 0.170423 1.573822 0.681301
v 0.157473 1.463999 0.681332
v 0.143698 1.346558 0.681177
v 0.129518 1.225308 0.680780
v 0.115330 1.104058 0.680108
v 0.101537 0.986617 0.679230
v 0.088561 0.876794 0.678237
v 0.076850 0.778397 0.677221
v 0.066877 0.695236 0.676273
v 0.059133 0.631120 0.675485
v 0.054118 0.589857 0.674945
v 0.153442 1.860759 0.685338
v 0.149170 1.819496 0.686465
v 0.142526 1.755380 0.688149
v 0.133901 1.672219 0.690229
v 0.123677 1.573822 0.692554
v 0.112225 1.463999 0.694984
v 0.099897 1.346558 0.697398
v 0.087031 1.225308 0.699694
v 0.073965 1.104058 0.701800
v 0.061111 0.986617 0.703716
v 0.048916 0.876794 0.705441
v 0.037841 0.778397 0.706957
v 0.028364 0.695236 0.708228
v 0.020977 0.631120 0.709207
v 0.016179 0.589857 0.709836
v 0.120580 1.860759 0.725047
v 0.117486 1.819496 0.726330
v 0.112625 1.755380 0.728279
v 0.106243 1.672219 0.730738
v 0.098580 1.573822 0.733564
v 0.089883 1.463999 0.736632
v 0.080395 1.346558 0.739840
v 0.070361 1.225308 0.743111
v 0.060053 1.104058 0.746389
v 0.049841 0.986617 0.749615
v 0.040119 0.876794 0.752710
v 0.031283 0.778397 0.755567
v 0.023726 0.695236 0.758057
v 0.017842 0.631120 0.760033
v 0.014023 0.589857 0.761334
v 0.125422 1.860759 0.776363
v 0.123270 1.819496 0.776922
v 0.119858 1.755380 0.777797
v 0.115329 1.672219 0.778940
v 0.109833 1.573822 0.780310
v 0.103535 1.463999 0.781881
v 0.096616 1.346558 0.783641
v 0.089275 1.225308 0.785598
v 0.081745 1.104058 0.787754
v 0.074327 0.986617 0.790041
v 0.067323 0.876794 0.792354
v 0.061019 0.778397 0.794576
v 0.055681 0.695236 0.796571
v 0.051564 0.631120 0.798189
v 0.048914 0.589857 0.799274
v 0.165132 1.860759 0.809225
v 0.163135 1.819496 0.808607
v 0.159988 1.755380 0.807698
v 0.155838 1.672219 0.806598
v 0.150844 1.573822 0.805407
v 0.145184 1.463999 0.804223
v 0.139058 1.346558 0.803144
v 0.132692 1.225308 0.802267
v 0.126333 1.104058 0.801666
v 0.120226 0.986617 0.801311
v 0.114592 0.876794 0.801151
v 0.109629 0.778397 0.801134
v 0.105510 0.695236 0.801208
v 0.102390 0.631120 0.801323
v 0.100412 0.589857 0.801430
v 0.216447 1.860759 0.804383
v 0.213727 1.819496 0.802822
v 0.209507 1.755380 0.800465
v 0.204040 1.672219 0.797511
v 0.197590 1.573822 0.794154
v 0.190432 1.463999 0.790571
v 0.182859 1.346558 0.786923
v 0.175179 1.225308 0.783354
v 0.167699 1.104058 0.779974
v 0.160652 0.986617 0.776825
v 0.154237 0.876794 0.773947
v 0.148639 0.778397 0.771398
v 0.144024 0.695236 0.769253
v 0.140546 0.631120 0.767601
v 0.138352 0.589857 0.766539
v 0.249309 1.860759 0.764674
v 0.245412 1.819496 0.762958
v 0.239407 1.755380 0.760335
v 0.231698 1.672219 0.757003
v 0.222687 1.573822 0.753143
v 0.212774 1.463999 0.748922
v 0.202361 1.346558 0.744481
v 0.191849 1.225308 0.739937
v 0.181611 1.104058 0.735386
v 0.171922 0.986617 0.730926
v 0.163034 0.876794 0.726678
v 0.155196 0.778397 0.722788
v 0.148661 0.695236 0.719424
v 0.143681 0.631120 0.716775
v 0.140507 0.589857 0.715041
vn -0.0000 0.7071 0.7071
vn -0.0000 1.0000 -0.0000
vn -0.0000 0.7071 -0.7071
vn -0.0000 -0.0000 -1.0000
vn -0.0000 -0.7071 -0.7071
vn -0.0000 -1.0000 -0.0000
vn -0.0000 -0.7071 0.7071
vn -1.0000 -0.0000 -0.0000
vn -0.0000 -0.0000 1.0000
vn 1.0000 -0.0000 -0.0000
vn -0.9962 -0.0000 0.0870
vn -0.6429 -0.0000 0.7660
vn 0.0870 -0.0000 0.9962
vn 0.7660 -0.0000 0.6429
vn 0.9962 -0.0000 -0.0870
vn 0.6429 -0.0000 -0.7660
vn -0.0870 -0.0000 -0.9962
vn -0.7660 -0.0000 -0.6429
vn 0.7085 -0.7057 -0.0000
vn 0.7085 0.7057 -0.0000
vn -0.7085 0.7057 -0.0000
vn -0.7085 -0.7057 -0.0000
vn 0.0383 0.0213 -0.9990
vn -0.6773 0.0804 -0.7313
vn -0.9939 0.1036 -0.0382
vn -0.7315 0.0776 0.6774
vn -0.0384 0.0172 0.9991
vn 0.6789 -0.0421 0.7331
vn 0.9971 -0.0654 0.0383
vn 0.7331 -0.0393 -0.6789
vn 0.0516 0.0191 -0.9985
vn 0.0770 0.0152 -0.9969
vn 0.1130 0.0101 -0.9935
vn 0.1581 0.0037 -0.9874
vn 0.2106 -0.0037 -0.9776
vn 0.2681 -0.0120 -0.9633
vn 0.3282 -0.0208 -0.9444
vn 0.3881 -0.0300 -0.9211
vn 0.4452 -0.0387 -0.8946
vn 0.4972 -0.0466 -0.8664
vn 0.5425 -0.0534 -0.8383
vn 0.5800 -0.0593 -0.8125
vn 0.6088 -0.0639 -0.7908
vn 0.6285 -0.0673 -0.7749
vn 0.6387 -0.0693 -0.7663
vn -0.6676 0.0786 -0.7404
vn -0.6487 0.0754 -0.7573
vn -0.6211 0.0711 -0.7805
vn -0.5851 0.0657 -0.8083
vn -0.5414 0.0592 -0.8387
vn -0.4910 0.0519 -0.8696
vn -0.4354 0.0436 -0.8992
vn -0.3769 0.0348 -0.9256
vn -0.3179 0.0262 -0.9477
vn -0.2613 0.0182 -0.9651
vn -0.2094 0.0110 -0.9778
vn -0.1647 0.0047 -0.9863
vn -0.1289 -0.0004 -0.9917
vn -0.1037 -0.0042 -0.9946
vn -0.0905 -0.0064 -0.9959
vn -0.9934 0.1025 -0.0514
vn -0.9919 0.1009 -0.0766
vn -0.9887 0.0987 -0.1125
vn -0.9829 0.0959 -0.1574
vn -0.9734 0.0925 -0.2097
vn -0.9596 0.0884 -0.2671
vn -0.9413 0.0835 -0.3271
vn -0.9188 0.0779 -0.3871
vn -0.8929 0.0723 -0.4443
vn -0.8654 0.0670 -0.4966
vn -0.8379 0.0620 -0.5423
vn -0.8126 0.0575 -0.5800
vn -0.7912 0.0537 -0.6091
vn -0.7756 0.0509 -0.6291
vn -0.7673 0.0491 -0.6395
vn -0.7405 0.0773 0.6676
vn -0.7572 0.0772 0.6486
vn -0.7801 0.0772 0.6208
vn -0.8076 0.0772 0.5847
vn -0.8376 0.0771 0.5407
vn -0.8682 0.0767 0.4902
vn -0.8974 0.0758 0.4346
vn -0.9236 0.0743 0.3761
vn -0.9456 0.0728 0.3172
vn -0.9628 0.0712 0.2607
vn -0.9754 0.0697 0.2090
vn -0.9841 0.0681 0.1643
vn -0.9894 0.0667 0.1287
vn -0.9925 0.0654 0.1035
vn -0.9938 0.0645 0.0903
vn -0.0516 0.0173 0.9985
vn -0.0770 0.0178 0.9969
vn -0.1130 0.0188 0.9934
vn -0.1581 0.0201 0.9872
vn -0.2105 0.0217 0.9774
vn -0.2680 0.0234 0.9631
vn -0.3281 0.0248 0.9443
vn -0.3881 0.0260 0.9212
vn -0.4453 0.0273 0.8949
vn -0.4976 0.0286 0.8670
vn -0.5431 0.0297 0.8392
vn -0.5807 0.0305 0.8135
vn -0.6097 0.0310 0.7920
vn -0.6297 0.0311 0.7763
vn -0.6399 0.0309 0.7678
vn 0.6690 -0.0424 0.7420
vn 0.6500 -0.0425 0.7588
vn 0.6221 -0.0424 0.7818
vn 0.5859 -0.0420 0.8093
vn 0.5419 -0.0413 0.8394
vn 0.4912 -0.0405 0.8701
vn 0.4355 -0.0396 0.8993
vn 0.3768 -0.0388 0.9255
vn 0.3178 -0.0376 0.9474
vn 0.2611 -0.0362 0.9646
vn 0.2093 -0.0348 0.9772
vn 0.1646 -0.0335 0.9858
vn 0.1289 -0.0326 0.9911
vn 0.1037 -0.0322 0.9941
vn 0.0904 -0.0321 0.9954
vn 0.9965 -0.0666 0.0515
vn 0.9947 -0.0682 0.0768
vn 0.9911 -0.0702 0.1127
vn 0.9848 -0.0724 0.1577
vn 0.9748 -0.0747 0.2100
vn 0.9605 -0.0771 0.2673
vn 0.9416 -0.0795 0.3272
vn 0.9185 -0.0818 0.3869
vn 0.8921 -0.0836 0.4439
vn 0.8642 -0.0848 0.4960
vn 0.8365 -0.0856 0.5413
vn 0.8109 -0.0861 0.5788
vn 0.7894 -0.0865 0.6077
vn 0.7737 -0.0870 0.6276
vn 0.7652 -0.0874 0.6378
vn 0.7420 -0.0412 -0.6691
vn 0.7587 -0.0444 -0.6499
vn 0.7816 -0.0485 -0.6219
vn 0.8089 -0.0536 -0.5856
vn 0.8387 -0.0592 -0.5414
vn 0.8689 -0.0654 -0.4906
vn 0.8977 -0.0718 -0.4347
vn 0.9233 -0.0782 -0.3760
vn 0.9447 -0.0841 -0.3169
vn 0.9614 -0.0891 -0.2603
vn 0.9736 -0.0932 -0.2086
vn 0.9817 -0.0967 -0.1640
vn 0.9867 -0.0994 -0.1283
vn 0.9895 -0.1014 -0.1032
vn 0.9906 -0.1026 -0.0900
vn -0.4489 0.6997 -0.5558
vn 0.1225 0.9817 -0.1460
vn 0.6252 0.6997 0.3457
vn 0.3716 -0.6731 0.6394
vn -0.6940 -0.6732 -0.2553
vn -0.6942 -0.6731 -0.2550
vn -0.3115 0.6168 -0.7229
vn -0.2166 0.5022 -0.8372
vn -0.1423 0.3537 -0.9245
vn -0.0872 0.1372 -0.9867
vn 0.3189 0.8683 -0.3799
vn 0.4545 0.7072 -0.5415
vn 0.5581 0.4963 -0.6650
vn 0.6311 0.1907 -0.7519
vn 0.7660 0.6168 0.1814
vn 0.8621 0.5022 0.0682
vn 0.9352 0.3537 -0.0202
vn 0.9869 0.1372 -0.0852
vn 0.2963 -0.6033 0.7404
vn 0.2167 -0.5022 0.8371
vn 0.1506 -0.3768 0.9140
vn 0.1003 -0.2520 0.9625
vn -0.4286 -0.7453 0.5108
vn -0.4544 -0.7074 0.5414
vn -0.4783 -0.6681 0.5700
vn -0.7805 -0.6034 -0.1634
vn -0.8621 -0.5022 -0.0682
vn -0.9262 -0.3768 0.0102
vn -0.9653 -0.2519 0.0682
vn -0.7659 -0.0000 -0.6429
vn 0.1371 -0.7011 -0.6997
vn 0.1905 -0.0000 -0.9817
vn 0.1371 0.7011 -0.6997
vn -0.2508 0.6957 0.6731
vn -0.2508 -0.6957 0.6731
vn 0.3535 -0.7033 -0.6167
vn 0.5020 -0.7041 -0.5022
vn 0.6167 -0.7033 -0.3537
vn 0.7071 -0.7007 -0.0948
vn 0.4960 -0.0000 -0.8683
vn 0.7070 -0.0000 -0.7072
vn 0.8681 -0.0000 -0.4963
vn 0.9874 -0.0000 -0.1581
vn 0.3535 0.7033 -0.6168
vn 0.5020 0.7041 -0.5022
vn 0.6167 0.7033 -0.3537
vn 0.7019 0.7011 -0.1252
vn -0.0066 0.9993 -0.0359
vn -0.3766 0.7029 0.6034
vn -0.5020 0.7041 0.5022
vn -0.6667 0.7123 0.2192
vn -0.6728 0.6956 0.2520
vn -0.6666 -0.0000 0.7454
vn -0.7070 -0.0000 0.7072
vn -0.9965 -0.0000 0.0838
vn -0.3766 -0.7029 0.6034
vn -0.5020 -0.7041 0.5022
vn -0.6441 -0.7111 0.2819
vn -0.6729 -0.6956 0.2518
vn 0.0066 -0.9993 0.0359
vn 0.5416 -0.7071 0.4546
vn -0.5416 -0.7071 -0.4546
vn -0.5416 0.7071 -0.4546
vn 0.5416 0.7071 0.4546
vn 0.5909 -0.7722 -0.2338
vn 0.5912 -0.7719 0.2338
vn 0.9396 -0.0000 -0.3422
vn 0.9397 -0.0000 0.3421
vn -0.5912 -0.7719 -0.2338
vn -0.5913 -0.7718 0.2338
vn 0.5910 -0.7721 -0.2338
vn 0.7659 -0.0000 0.6429
vn 0.4489 0.6997 0.5558
vn -0.1225 0.9817 0.1459
vn -0.6252 0.6997 -0.3457
vn -0.3714 -0.6731 -0.6396
vn -0.0637 0.9951 0.0760
vn 0.6943 -0.6730 0.2550
vn 0.3115 0.6168 0.7229
vn 0.2166 0.5022 0.8372
vn 0.1423 0.3537 0.9245
vn 0.0872 0.1372 0.9867
vn -0.3189 0.8683 0.3800
vn -0.4545 0.7072 0.5415
vn -0.5581 0.4963 0.6650
vn -0.6311 0.1907 0.7519
vn -0.7660 0.6168 -0.1814
vn -0.8621 0.5022 -0.0682
vn -0.9352 0.3537 0.0202
vn -0.9869 0.1372 0.0852
vn -0.2964 -0.6035 -0.7403
vn -0.2166 -0.5022 -0.8372
vn -0.1506 -0.3768 -0.9140
vn -0.1003 -0.2517 -0.9626
vn 0.4286 -0.7454 -0.5106
vn 0.4545 -0.7073 -0.5414
vn 0.4783 -0.6682 -0.5699
vn -0.6397 0.0995 0.7622
vn 0.7805 -0.6034 0.1635
vn 0.8621 -0.5022 0.0682
vn 0.9262 -0.3768 -0.0101
vn 0.9653 -0.2520 -0.0682
vn -0.7055 -0.6997 0.1126
vn -0.0066 -0.9817 0.1904
vn 0.6959 -0.6997 0.1615
vn 0.9994 -0.0000 0.0349
vn 0.7040 0.6731 -0.2266
vn -0.6865 0.6731 -0.2751
vn -0.9994 -0.0000 -0.0349
vn -0.7152 -0.6168 0.3287
vn -0.7212 -0.5022 0.4771
vn -0.7244 -0.3537 0.5917
vn -0.7251 -0.1372 0.6748
vn -0.0173 -0.8683 0.4957
vn -0.0247 -0.7072 0.7066
vn -0.0303 -0.4963 0.8676
vn -0.0343 -0.1907 0.9811
vn 0.6906 -0.6167 0.3778
vn 0.6862 -0.5022 0.5263
vn 0.6814 -0.3537 0.6408
vn 0.6763 -0.1372 0.7237
vn 0.7157 0.6034 -0.3517
vn 0.7212 0.5022 -0.4771
vn 0.7236 0.3768 -0.5784
vn 0.7187 0.2516 -0.6482
vn 0.0233 0.7454 -0.6662
vn 0.0247 0.7073 -0.7065
vn 0.0260 0.6683 -0.7434
vn -0.6894 0.6034 -0.4008
vn -0.6862 0.5022 -0.5262
vn -0.6814 0.3768 -0.6274
vn -0.6790 0.1589 -0.7167
vn 0.6803 -0.0706 0.7295
vn 0.9304 -0.0000 0.3665
vn 0.9304 -0.0000 -0.3666
vn 0.9171 -0.0000 -0.3987
vn 0.9171 -0.0000 0.3987
vn 0.7193 -0.0000 0.6947
vn 0.7193 -0.0000 -0.6947
vn 0.9998 -0.0000 -0.0174
vn 0.9998 -0.0000 0.0174
vn 0.0349 -0.0000 -0.9994
vn -0.7314 -0.0000 0.6820
vn -0.0349 -0.0000 0.9994
vn 0.6820 -0.0000 0.7314
vn -0.7313 -0.0000 0.6820
vt 0.489999 0.747041
vt 0.490725 0.769984
vt 0.483563 0.770206
vt 0.482838 0.747263
vt 0.489999 0.786369
vt 0.482838 0.786591
vt 0.258098 0.798680
vt 0.258098 0.821634
vt 0.250922 0.821633
vt 0.250922 0.798678
vt 0.160827 0.785929
vt 0.161765 0.768820
vt 0.168910 0.768566
vt 0.167972 0.785674
vt 0.160827 0.745916
vt 0.167972 0.745662
vt 0.373757 0.753638
vt 0.372211 0.738076
vt 0.379364 0.738104
vt 0.380911 0.753666
vt 0.372211 0.715140
vt 0.379364 0.715168
vt 0.887718 0.404162
vt 0.887718 0.427117
vt 0.871516 0.443347
vt 0.848603 0.443345
vt 0.832401 0.427112
vt 0.832401 0.404157
vt 0.848603 0.387927
vt 0.871516 0.387929
vt 0.373757 0.698266
vt 0.380911 0.698294
vt 0.168039 0.698125
vt 0.168910 0.725656
vt 0.157865 0.725999
vt 0.156994 0.698468
vt 0.168039 0.745319
vt 0.156994 0.745662
vt 0.493905 0.786594
vt 0.493905 0.814139
vt 0.482838 0.814137
vt 0.482838 0.786591
vt 0.505792 0.692022
vt 0.506918 0.671492
vt 0.517938 0.671099
vt 0.516812 0.691630
vt 0.505792 0.644007
vt 0.516812 0.643614
vt 0.194409 0.640041
vt 0.192553 0.621367
vt 0.203586 0.621410
vt 0.205442 0.640084
vt 0.192553 0.593844
vt 0.203586 0.593887
vt 0.496139 0.712229
vt 0.515559 0.692740
vt 0.543023 0.692723
vt 0.562443 0.712189
vt 0.562443 0.739734
vt 0.543023 0.759223
vt 0.515559 0.759239
vt 0.496139 0.739774
vt 0.194409 0.573595
vt 0.205442 0.573638
vt 0.260857 0.684809
vt 0.260860 0.712355
vt 0.241420 0.731833
vt 0.213924 0.731833
vt 0.194480 0.712355
vt 0.194477 0.684809
vt 0.213918 0.665332
vt 0.241413 0.665332
vt 0.657674 0.919656
vt 0.695049 0.919589
vt 0.695049 0.942522
vt 0.657674 0.942590
vt 0.658350 0.904142
vt 0.695724 0.904074
vt 0.673475 0.746686
vt 0.682033 0.720433
vt 0.704380 0.724219
vt 0.695822 0.750472
vt 0.953111 0.671768
vt 0.915748 0.671718
vt 0.916542 0.655052
vt 0.953904 0.655102
vt 0.953111 0.694714
vt 0.915748 0.694664
vt 0.953904 0.710499
vt 0.916542 0.710450
vt 0.191299 0.874582
vt 0.191299 0.902504
vt 0.168910 0.905874
vt 0.168910 0.877952
vt 0.711623 0.780305
vt 0.695822 0.788876
vt 0.673476 0.785089
vt 0.657675 0.771164
vt 0.657675 0.755257
vt 0.711623 0.764398
vt 0.695724 0.959440
vt 0.658350 0.959508
vt 0.645965 0.749813
vt 0.629502 0.747618
vt 0.617861 0.729988
vt 0.617861 0.707250
vt 0.629502 0.692724
vt 0.645964 0.694919
vt 0.657605 0.712549
vt 0.657606 0.735287
vt 0.833483 0.481695
vt 0.881320 0.481695
vt 0.880401 0.498698
vt 0.832564 0.498698
vt 0.833415 0.458768
vt 0.881253 0.458768
vt 0.832401 0.443347
vt 0.880238 0.443347
vt 0.810484 0.590136
vt 0.810484 0.555894
vt 0.833217 0.554179
vt 0.833217 0.588420
vt 0.056996 0.883304
vt 0.104873 0.883304
vt 0.105551 0.900194
vt 0.057674 0.900194
vt 0.057038 0.860369
vt 0.104915 0.860369
vt 0.057774 0.844824
vt 0.105652 0.844824
vt 0.833217 0.586828
vt 0.833217 0.554179
vt 0.855857 0.556517
vt 0.855857 0.589167
vt 0.073889 0.193890
vt 0.072776 0.000162
vt 0.095721 0.000000
vt 0.096835 0.193728
vt 0.058110 0.194795
vt 0.056996 0.001068
vt 0.155158 0.437830
vt 0.166603 0.582159
vt 0.144551 0.587289
vt 0.133106 0.442960
vt 0.038439 0.194856
vt 0.040072 0.001068
vt 0.056996 0.000566
vt 0.055363 0.194354
vt 0.015506 0.194622
vt 0.017140 0.000834
vt 0.000000 0.193788
vt 0.001633 -0.000000
vt 0.166603 0.143985
vt 0.179124 0.001353
vt 0.201748 0.000000
vt 0.189228 0.142632
vt 0.112392 0.000676
vt 0.113506 0.194403
vt 0.143957 0.007547
vt 0.166603 0.004215
vt 0.166194 0.009107
vt 0.143626 0.012321
vt 0.056996 0.772163
vt 0.042086 0.772763
vt 0.042205 0.766264
vt 0.056928 0.765662
vt 0.019202 0.772645
vt 0.019438 0.766154
vt 0.001750 0.771879
vt 0.001962 0.765395
vt 0.204340 0.569429
vt 0.181446 0.568885
vt 0.181560 0.564139
vt 0.204355 0.564788
vt 0.112166 0.772664
vt 0.097540 0.771884
vt 0.097689 0.765401
vt 0.112126 0.766184
vt 0.074688 0.771909
vt 0.074956 0.765418
vt 0.056996 0.772725
vt 0.057243 0.766225
vt 0.165049 0.022938
vt 0.142692 0.025821
vt 0.163294 0.044440
vt 0.141246 0.046818
vt 0.161055 0.072345
vt 0.139379 0.074082
vt 0.158454 0.105385
vt 0.137175 0.106381
vt 0.155603 0.142296
vt 0.134715 0.142480
vt 0.152606 0.181814
vt 0.132069 0.181144
vt 0.149554 0.222677
vt 0.129298 0.221129
vt 0.146528 0.263618
vt 0.126462 0.261185
vt 0.143598 0.303342
vt 0.123642 0.300036
vt 0.140844 0.340545
vt 0.120937 0.336401
vt 0.138353 0.373920
vt 0.118453 0.369005
vt 0.136225 0.402159
vt 0.116304 0.396573
vt 0.134566 0.423952
vt 0.114613 0.417835
vt 0.133489 0.437989
vt 0.113506 0.431523
vt 0.073726 0.200394
vt 0.058133 0.201299
vt 0.042545 0.747900
vt 0.056746 0.747290
vt 0.043076 0.719366
vt 0.056487 0.718744
vt 0.043767 0.682358
vt 0.056186 0.681720
vt 0.404397 0.751128
vt 0.386700 0.743678
vt 0.386528 0.713275
vt 0.404458 0.719897
vt 0.386263 0.679360
vt 0.404488 0.685088
vt 0.385898 0.643124
vt 0.404487 0.647927
vt 0.385434 0.605763
vt 0.404467 0.609636
vt 0.384886 0.568472
vt 0.404448 0.571433
vt 0.384299 0.532418
vt 0.404451 0.534500
vt 0.383719 0.498761
vt 0.404488 0.500015
vt 0.160236 0.333840
vt 0.158558 0.367728
vt 0.157155 0.396401
vt 0.156083 0.418530
vt 0.155399 0.432783
vt 0.020094 0.747809
vt 0.021096 0.719306
vt 0.022363 0.682337
vt 0.023826 0.638597
vt 0.044592 0.638572
vt 0.025419 0.589780
vt 0.045531 0.589705
vt 0.027090 0.537580
vt 0.046571 0.537453
vt 0.028796 0.483692
vt 0.047704 0.483509
vt 0.030504 0.429808
vt 0.048926 0.429570
vt 0.032180 0.377621
vt 0.050196 0.377328
vt 0.033782 0.328823
vt 0.051462 0.328477
vt 0.035253 0.285105
vt 0.052662 0.284710
vt 0.036530 0.248158
vt 0.053728 0.247720
vt 0.037539 0.219673
vt 0.054585 0.219202
vt 0.038201 0.201343
vt 0.055156 0.200849
vt 0.002545 0.747072
vt 0.003422 0.718600
vt 0.004513 0.681671
vt 0.005743 0.637976
vt 0.007043 0.589207
vt 0.008351 0.537057
vt 0.009614 0.483216
vt 0.010792 0.429378
vt 0.011876 0.377235
vt 0.012861 0.328478
vt 0.013729 0.284795
vt 0.014458 0.247879
vt 0.015020 0.219418
vt 0.015380 0.201103
vt 0.181872 0.550718
vt 0.204400 0.551661
vt 0.182333 0.529850
vt 0.204468 0.531244
vt 0.182897 0.502760
vt 0.204554 0.504732
vt 0.183522 0.470676
vt 0.204656 0.473320
vt 0.184174 0.434824
vt 0.204780 0.438211
vt 0.184828 0.396429
vt 0.204938 0.400610
vt 0.185473 0.356719
vt 0.205151 0.361728
vt 0.186106 0.316926
vt 0.205442 0.322787
vt 0.462898 0.695885
vt 0.482838 0.692724
vt 0.482838 0.729345
vt 0.463041 0.733435
vt 0.482820 0.763531
vt 0.463105 0.768515
vt 0.482780 0.794116
vt 0.463101 0.799924
vt 0.482722 0.819931
vt 0.463047 0.826456
vt 0.000442 0.247046
vt 0.000218 0.218585
vt 0.000060 0.200269
vt 0.098112 0.747081
vt 0.112026 0.747869
vt 0.098772 0.718612
vt 0.111895 0.719411
vt 0.099631 0.681684
vt 0.111759 0.682497
vt 0.166603 0.511693
vt 0.166870 0.478849
vt 0.167092 0.442180
vt 0.167245 0.402946
vt 0.167309 0.362401
vt 0.167279 0.321799
vt 0.167184 0.282415
vt 0.186730 0.278314
vt 0.167057 0.245534
vt 0.187338 0.242154
vt 0.166922 0.212446
vt 0.187913 0.209717
vt 0.166798 0.184447
vt 0.188427 0.182275
vt 0.166697 0.162836
vt 0.188845 0.161099
vt 0.166629 0.148914
vt 0.189126 0.147461
vt 0.075702 0.747076
vt 0.076843 0.718573
vt 0.078293 0.681602
vt 0.079971 0.637856
vt 0.100657 0.637989
vt 0.081807 0.589027
vt 0.101821 0.589215
vt 0.083738 0.536807
vt 0.103102 0.537054
vt 0.085714 0.482888
vt 0.104487 0.483197
vt 0.087694 0.428963
vt 0.105961 0.429335
vt 0.089636 0.376727
vt 0.107477 0.377162
vt 0.091487 0.327876
vt 0.108972 0.328371
vt 0.093183 0.284104
vt 0.110378 0.284656
vt 0.094650 0.247108
vt 0.111619 0.247709
vt 0.095806 0.218583
vt 0.112610 0.219223
vt 0.096564 0.200224
vt 0.113268 0.200890
vt 0.057925 0.747857
vt 0.058954 0.719317
vt 0.060243 0.682298
vt 0.061707 0.638498
vt 0.063269 0.589610
vt 0.064858 0.537331
vt 0.066411 0.483353
vt 0.067881 0.429371
vt 0.069251 0.377081
vt 0.070502 0.328179
vt 0.071611 0.284362
vt 0.072545 0.247327
vt 0.073264 0.218772
vt 0.194477 0.743802
vt 0.213997 0.732739
vt 0.218174 0.748574
vt 0.197277 0.754513
vt 0.234911 0.731833
vt 0.239088 0.747668
vt 0.041734 0.856203
vt 0.041734 0.833840
vt 0.050310 0.834129
vt 0.054488 0.856677
vt 0.926941 0.794376
vt 0.927370 0.817300
vt 0.924627 0.818092
vt 0.918273 0.796516
vt 0.191172 0.831607
vt 0.184815 0.853201
vt 0.186485 0.853312
vt 0.187704 0.831609
vt 0.715064 0.745720
vt 0.730034 0.757693
vt 0.729090 0.760436
vt 0.715303 0.744261
vt 0.752920 0.759192
vt 0.750302 0.767878
vt 0.219986 0.765002
vt 0.198563 0.766320
vt 0.219986 0.781002
vt 0.198563 0.778157
vt 0.218174 0.796665
vt 0.197278 0.789421
vt 0.213996 0.810733
vt 0.194477 0.798947
vt 0.240900 0.764095
vt 0.240901 0.780095
vt 0.239089 0.795758
vt 0.234910 0.809827
vt 0.902631 0.782043
vt 0.910828 0.802287
vt 0.892246 0.790028
vt 0.904875 0.810514
vt 0.884198 0.801149
vt 0.900716 0.820779
vt 0.878444 0.815470
vt 0.899208 0.832708
vt 0.876266 0.833167
vt 0.921342 0.820732
vt 0.918349 0.824867
vt 0.916447 0.829396
vt 0.915886 0.833167
vt 0.185849 0.853453
vt 0.182507 0.832345
vt 0.184106 0.853881
vt 0.176705 0.833768
vt 0.183483 0.854048
vt 0.171846 0.835497
vt 0.184832 0.853194
vt 0.168910 0.837064
vt 0.191172 0.873845
vt 0.190536 0.873987
vt 0.188792 0.874414
vt 0.188169 0.874582
vt 0.726271 0.763644
vt 0.714860 0.744591
vt 0.721972 0.766485
vt 0.713568 0.745445
vt 0.717341 0.768203
vt 0.713079 0.745732
vt 0.713541 0.768597
vt 0.715081 0.745715
vt 0.744124 0.775156
vt 0.735573 0.780808
vt 0.725084 0.784547
vt 0.713079 0.785522
vt 0.770315 0.749338
vt 0.716779 0.730286
vt 0.734174 0.720432
vt 0.757060 0.721931
vt 0.772030 0.733904
vt 0.655074 0.826328
vt 0.634383 0.836196
vt 0.628830 0.818967
vt 0.651362 0.814693
vt 0.618284 0.842061
vt 0.612731 0.824831
vt 0.992550 0.892799
vt 0.972106 0.882361
vt 0.976088 0.870847
vt 0.998507 0.875750
vt 0.956440 0.695727
vt 0.970933 0.688048
vt 0.973502 0.690960
vt 0.964321 0.705044
vt 0.990343 0.675794
vt 0.989155 0.674177
vt 0.771947 0.673491
vt 0.793725 0.680686
vt 0.791946 0.684141
vt 0.772711 0.671635
vt 0.808986 0.684100
vt 0.803613 0.695065
vt 0.627438 0.802985
vt 0.650390 0.803219
vt 0.629140 0.788746
vt 0.651648 0.792684
vt 0.633945 0.776167
vt 0.655074 0.783626
vt 0.903682 0.000000
vt 0.908561 0.016968
vt 0.887806 0.017463
vt 0.888778 0.000459
vt 0.611338 0.808850
vt 0.935564 0.016085
vt 0.935564 0.039013
vt 0.923538 0.039534
vt 0.923538 0.016606
vt 0.908561 0.039896
vt 0.887806 0.040391
vt 0.977130 0.859460
vt 1.000000 0.859890
vt 0.975780 0.848978
vt 0.998175 0.845723
vt 0.972106 0.839937
vt 0.993020 0.833167
vt 0.903682 0.055352
vt 0.888778 0.055811
vt 0.977670 0.693918
vt 0.973632 0.711813
vt 0.982587 0.696070
vt 0.983413 0.716094
vt 0.986939 0.696842
vt 0.993164 0.717668
vt 0.302575 0.864551
vt 0.302956 0.842671
vt 0.307999 0.842354
vt 0.313712 0.864551
vt 0.989688 0.674441
vt 0.991165 0.675088
vt 0.993164 0.674387
vt 0.990328 0.675793
vt 0.991262 0.695403
vt 0.518193 0.600048
vt 0.518193 0.577113
vt 0.518648 0.577132
vt 0.518648 0.600067
vt 0.519972 0.577183
vt 0.519972 0.600118
vt 0.523267 0.577583
vt 0.523267 0.600517
vt 0.788677 0.688069
vt 0.772268 0.672029
vt 0.784531 0.691432
vt 0.771023 0.673039
vt 0.780616 0.693331
vt 0.768484 0.672695
vt 0.775737 0.692908
vt 0.771961 0.673485
vt 0.796346 0.703993
vt 0.788099 0.710682
vt 0.779292 0.714790
vt 0.768484 0.714576
vt 0.832401 0.371692
vt 0.832401 0.348737
vt 0.848603 0.332507
vt 0.871516 0.332509
vt 0.887718 0.348742
vt 0.887718 0.371697
vt 0.871516 0.387927
vt 0.848603 0.387925
vt 0.977324 0.137304
vt 0.977324 0.179696
vt 0.954421 0.180756
vt 0.954421 0.138364
vt 0.790709 0.551685
vt 0.790709 0.592790
vt 0.768484 0.589221
vt 0.768484 0.548115
vt 0.810484 0.544435
vt 0.810484 0.585540
vt 0.955569 0.381270
vt 0.955569 0.421981
vt 0.933305 0.418452
vt 0.933305 0.377742
vt 0.972106 0.877061
vt 0.972106 0.915780
vt 0.949188 0.914907
vt 0.949188 0.876188
vt 0.954258 0.274591
vt 0.954257 0.317594
vt 0.932079 0.320989
vt 0.932079 0.277986
vt 0.133615 0.751900
vt 0.133615 0.794467
vt 0.113506 0.787989
vt 0.113506 0.745422
vt 0.155662 0.748160
vt 0.155662 0.790728
vt 0.260860 0.498762
vt 0.790709 0.506010
vt 0.768484 0.502441
vt 0.810484 0.498761
vt 0.955569 0.336036
vt 0.933305 0.332507
vt 0.972106 0.834040
vt 0.949188 0.833167
vt 0.954258 0.226808
vt 0.932079 0.230203
vt 0.133615 0.704603
vt 0.113506 0.698125
vt 0.155662 0.700863
vt 0.977324 0.217849
vt 0.954421 0.218909
vt 0.518448 0.624385
vt 0.522917 0.623677
vt 0.522917 0.646218
vt 0.518448 0.646927
vt 0.240901 0.731833
vt 0.245451 0.732232
vt 0.250947 0.752564
vt 0.246396 0.752165
vt 0.245451 0.774393
vt 0.240901 0.773994
vt 0.160827 0.768785
vt 0.156592 0.768589
vt 0.156592 0.745661
vt 0.160827 0.745857
vt 0.260828 0.774078
vt 0.256108 0.774385
vt 0.250947 0.752626
vt 0.255668 0.752319
vt 0.256108 0.732140
vt 0.260828 0.731833
vt 0.522917 0.623677
vt 0.518193 0.622953
vt 0.518193 0.600517
vt 0.522917 0.601240
vt 0.518617 0.647091
vt 0.522917 0.646927
vt 0.522917 0.669862
vt 0.518617 0.670026
vt 0.814735 0.659776
vt 0.795301 0.670837
vt 0.791321 0.655053
vt 0.812068 0.649098
vt 0.774189 0.671635
vt 0.770210 0.655850
vt 0.205442 0.640321
vt 0.205442 0.662757
vt 0.196720 0.662630
vt 0.192471 0.640084
vt 0.668418 0.904074
vt 0.657675 0.883811
vt 0.659690 0.881637
vt 0.674954 0.897533
vt 0.462898 0.869416
vt 0.469333 0.847812
vt 0.467677 0.847695
vt 0.466343 0.869423
vt 0.493956 0.757840
vt 0.493956 0.736713
vt 0.495624 0.736277
vt 0.495624 0.757403
vt 0.920883 0.459362
vt 0.909189 0.475783
vt 0.906465 0.474698
vt 0.922324 0.459674
vt 0.908453 0.498698
vt 0.899840 0.495637
vt 0.789596 0.638640
vt 0.810843 0.637302
vt 0.789595 0.622629
vt 0.810843 0.625456
vt 0.791321 0.606929
vt 0.812067 0.614167
vt 0.795301 0.592790
vt 0.814735 0.604594
vt 0.768484 0.639437
vt 0.768484 0.623426
vt 0.770210 0.607726
vt 0.774190 0.593587
vt 0.695672 0.904074
vt 0.678788 0.888399
vt 0.701049 0.891390
vt 0.680220 0.877865
vt 0.702985 0.877152
vt 0.679176 0.866469
vt 0.701487 0.861277
vt 0.675084 0.854999
vt 0.695365 0.844293
vt 0.661341 0.877524
vt 0.662061 0.872229
vt 0.661658 0.867165
vt 0.660438 0.863494
vt 0.468313 0.847554
vt 0.471527 0.868696
vt 0.470058 0.847128
vt 0.477333 0.867279
vt 0.470682 0.846962
vt 0.482211 0.865550
vt 0.469316 0.847818
vt 0.485174 0.863979
vt 0.462898 0.827189
vt 0.463534 0.827049
vt 0.465278 0.826623
vt 0.465902 0.826456
vt 0.460712 0.754248
vt 0.460712 0.738719
vt 0.462724 0.738776
vt 0.462724 0.754305
vt 0.903225 0.471707
vt 0.921986 0.459213
vt 0.900297 0.467247
vt 0.921106 0.457873
vt 0.898462 0.462510
vt 0.920808 0.457367
vt 0.897953 0.458673
vt 0.920889 0.459379
vt 0.892496 0.489069
vt 0.886671 0.480197
vt 0.882663 0.469475
vt 0.881320 0.457367
vt 0.826930 0.762267
vt 0.825039 0.777749
vt 0.807456 0.773659
vt 0.815078 0.759454
vt 0.506749 0.577113
vt 0.483850 0.577044
vt 0.483144 0.562472
vt 0.506043 0.562540
vt 0.373373 0.775851
vt 0.371224 0.792786
vt 0.359210 0.794679
vt 0.355557 0.778576
vt 0.370398 0.815699
vt 0.366590 0.816413
vt 0.371379 0.831167
vt 0.373373 0.831048
vt 0.827232 0.722423
vt 0.827839 0.739350
vt 0.824090 0.738344
vt 0.829214 0.722694
vt 0.523267 0.555340
vt 0.505737 0.546624
vt 0.523050 0.543896
vt 0.505737 0.530565
vt 0.523050 0.532015
vt 0.506043 0.514271
vt 0.523267 0.520303
vt 0.791350 0.733803
vt 0.774768 0.738319
vt 0.772030 0.720432
vt 0.789450 0.721743
vt 0.482838 0.546556
vt 0.482838 0.530496
vt 0.483143 0.514202
vt 0.483849 0.498761
vt 0.506749 0.498830
vt 0.348650 0.800234
vt 0.340829 0.786261
vt 0.339981 0.808285
vt 0.329113 0.797144
vt 0.333648 0.818422
vt 0.320342 0.811288
vt 0.330845 0.830297
vt 0.316265 0.828906
vt 0.361923 0.818957
vt 0.357566 0.823004
vt 0.354680 0.827475
vt 0.353678 0.831227
vt 0.482838 0.747041
vt 0.487835 0.729835
vt 0.488483 0.729775
vt 0.488004 0.746597
vt 0.490271 0.729608
vt 0.493956 0.746041
vt 0.371565 0.832678
vt 0.371117 0.833142
vt 0.371388 0.831150
vt 0.485702 0.706989
vt 0.486350 0.706930
vt 0.488139 0.706763
vt 0.488783 0.706702
vt 0.490915 0.729547
vt 0.819623 0.735447
vt 0.828748 0.722243
vt 0.482855 0.691444
vt 0.488807 0.690888
vt 0.493956 0.690367
vt 0.827120 0.720432
vt 0.813035 0.726394
vt 0.812318 0.722574
vt 0.804954 0.753100
vt 0.796907 0.744402
vt 0.815579 0.731075
vt 0.462720 0.768952
vt 0.460712 0.768870
vt 0.462720 0.754305
vt 0.042038 0.778422
vt 0.019154 0.778305
vt 0.143623 0.003332
vt 0.166269 0.000000
vt 0.001703 0.777538
vt 0.203974 0.573595
vt 0.181081 0.573051
vt 0.112198 0.778322
vt 0.097573 0.777541
vt 0.074721 0.777566
vt 0.517938 0.692022
vt 0.517938 0.674554
vt 0.523594 0.674353
vt 0.523594 0.691822
s 0
g piping2_wood-gasifier-piping-all
usemtl wood-gasifier-piping-all
f 1290/2629/405 1289/2630/405 1276/2631/405 1275/2632/405
f 1289/2630/406 1288/2633/406 1277/2634/406 1276/2631/406
f 1288/2635/407 1287/2636/407 1278/2637/407 1277/2638/407
f 1287/2639/408 1286/2640/408 1279/2641/408 1278/2642/408
f 1286/2640/409 1285/2643/409 1280/2644/409 1279/2641/409
f 1285/2645/410 1284/2646/410 1281/2647/410 1280/2648/410
f 1284/2646/411 1283/2649/411 1282/2650/411 1281/2647/411
f 1275/2651/412 1276/2652/412 1277/2653/412 1278/2654/412 1279/2655/412 1280/2656/412 1281/2657/412 1282/2658/412
f 1283/2649/413 1290/2659/413 1275/2660/413 1282/2650/413
f 1291/2661/405 1293/2662/405 1294/2663/405 1292/2664/405
f 1293/2662/406 1295/2665/406 1296/2666/406 1294/2663/406
f 1295/2667/407 1297/2668/407 1298/2669/407 1296/2670/407
f 1297/2671/408 1299/2672/408 1300/2673/408 1298/2674/408
f 1299/2672/409 1301/2675/409 1302/2676/409 1300/2673/409
f 1301/2677/410 1303/2678/410 1304/2679/410 1302/2680/410
f 1303/2678/411 1305/2681/411 1306/2682/411 1304/2679/411
f 1291/2683/414 1305/2684/414 1303/2685/414 1301/2686/414 1299/2687/414 1297/2688/414 1295/2689/414 1293/2690/414
f 1305/2681/413 1291/2691/413 1292/2692/413 1306/2682/413
f 1292/2693/412 1294/2694/412 1296/2695/412 1298/2696/412 1300/2697/412 1302/2698/412 1304/2699/412 1306/2700/412
f 1310/2701/415 1309/2702/415 1307/2703/415 1308/2704/415
f 1312/2705/416 1311/2706/416 1309/2702/416 1310/2701/416
f 1314/2707/417 1313/2708/417 1311/2709/417 1312/2710/417
f 1316/2711/418 1315/2712/418 1313/2713/418 1314/2714/418
f 1318/2715/419 1317/2716/419 1315/2712/419 1316/2711/419
f 1320/2717/420 1319/2718/420 1317/2716/420 1318/2715/420
f 1322/2719/421 1321/2720/421 1319/2721/421 1320/2722/421
f 1308/2723/410 1322/2724/410 1320/2725/410 1318/2726/410 1316/2727/410 1314/2707/410 1312/2710/410 1310/2728/410
f 1308/2704/422 1307/2703/422 1321/2729/422 1322/2730/422
f 1307/2731/406 1309/2732/406 1311/2733/406 1313/2734/406 1315/2735/406 1317/2736/406 1319/2737/406 1321/2738/406
f 1548/2739/423 1547/2740/423 1545/2741/423 1546/2742/423
f 1550/2743/414 1549/2744/414 1547/2740/414 1548/2739/414
f 1552/2745/424 1551/2746/424 1549/2744/424 1550/2743/424
f 1554/2747/406 1553/2748/406 1551/2749/406 1552/2750/406
f 1556/2751/425 1555/2752/425 1553/2753/425 1554/2754/425
f 1558/2755/412 1557/2756/412 1555/2752/412 1556/2751/412
f 1560/2757/426 1559/2758/426 1557/2756/426 1558/2755/426
f 1546/2759/410 1545/2760/410 1559/2761/410 1560/2762/410
f 1622/2763/419 1621/2764/419 1619/2765/419 1620/2766/419
f 1624/2767/420 1623/2768/420 1621/2764/420 1622/2763/420
f 1626/2769/421 1625/2770/421 1623/2771/421 1624/2772/421
f 1628/2773/422 1627/2774/422 1625/2775/422 1626/2776/422
f 1630/2777/415 1629/2778/415 1627/2774/415 1628/2773/415
f 1632/2779/416 1631/2780/416 1629/2778/416 1630/2777/416
f 1634/2781/417 1633/2782/417 1631/2783/417 1632/2784/417
f 1620/2766/418 1619/2765/418 1633/2785/418 1634/2786/418
f 1643/2787/427 1641/2788/427 1678/2789/427 1649/2790/427
f 1641/2791/428 1642/2792/428 1693/2793/428 1678/2794/428
f 1642/2792/429 1648/2795/429 1708/2796/429 1693/2793/429
f 1648/2795/430 1647/2797/430 1723/2798/430 1708/2796/430
f 1647/2799/431 1646/2800/431 1738/2801/431 1723/2802/431
f 1646/2803/432 1645/2804/432 1753/2805/432 1738/2806/432
f 1645/2804/433 1644/2807/433 1768/2808/433 1753/2805/433
f 1644/2807/434 1643/2809/434 1649/2810/434 1768/2808/434
f 1649/2790/435 1678/2789/435 1677/2811/435 1650/2812/435
f 1650/2812/436 1677/2811/436 1676/2813/436 1651/2814/436
f 1651/2814/437 1676/2813/437 1675/2815/437 1652/2816/437
f 1652/2816/438 1675/2815/438 1674/2817/438 1653/2818/438
f 1653/2818/439 1674/2817/439 1673/2819/439 1654/2820/439
f 1654/2820/440 1673/2819/440 1672/2821/440 1655/2822/440
f 1655/2822/441 1672/2821/441 1671/2823/441 1656/2824/441
f 1656/2824/442 1671/2823/442 1670/2825/442 1657/2826/442
f 1657/2826/443 1670/2825/443 1669/2827/443 1658/2828/443
f 1658/2828/444 1669/2827/444 1668/2829/444 1659/2830/444
f 1659/2830/445 1668/2829/445 1667/2831/445 1660/2832/445
f 1660/2832/446 1667/2831/446 1666/2833/446 1661/2834/446
f 1661/2834/447 1666/2833/447 1665/2835/447 1662/2836/447
f 1662/2836/448 1665/2835/448 1664/2837/448 1663/2838/448
f 1663/2839/449 1664/2840/449 1624/2767/449 1622/2763/449
f 1678/2794/450 1693/2793/450 1692/2841/450 1677/2842/450
f 1677/2842/451 1692/2841/451 1691/2843/451 1676/2844/451
f 1676/2844/452 1691/2843/452 1690/2845/452 1675/2846/452
f 1675/2847/453 1690/2848/453 1689/2849/453 1674/2850/453
f 1674/2850/454 1689/2849/454 1688/2851/454 1673/2852/454
f 1673/2852/455 1688/2851/455 1687/2853/455 1672/2854/455
f 1672/2854/456 1687/2853/456 1686/2855/456 1671/2856/456
f 1671/2856/457 1686/2855/457 1685/2857/457 1670/2858/457
f 1670/2858/458 1685/2857/458 1684/2859/458 1669/2860/458
f 1669/2860/459 1684/2859/459 1683/2861/459 1668/2862/459
f 1668/2829/460 1683/2863/460 1682/2864/460 1667/2831/460
f 1667/2831/461 1682/2864/461 1681/2865/461 1666/2833/461
f 1666/2833/462 1681/2865/462 1680/2866/462 1665/2835/462
f 1665/2835/463 1680/2866/463 1679/2867/463 1664/2837/463
f 1664/2837/464 1679/2867/464 1626/2769/464 1624/2772/464
f 1693/2793/465 1708/2796/465 1707/2868/465 1692/2841/465
f 1692/2841/466 1707/2868/466 1706/2869/466 1691/2843/466
f 1691/2843/467 1706/2869/467 1705/2870/467 1690/2845/467
f 1690/2845/468 1705/2870/468 1704/2871/468 1689/2872/468
f 1689/2872/469 1704/2871/469 1703/2873/469 1688/2874/469
f 1688/2874/470 1703/2873/470 1702/2875/470 1687/2876/470
f 1687/2876/471 1702/2875/471 1701/2877/471 1686/2878/471
f 1686/2878/472 1701/2877/472 1700/2879/472 1685/2880/472
f 1685/2880/473 1700/2879/473 1699/2881/473 1684/2882/473
f 1684/2882/474 1699/2881/474 1698/2883/474 1683/2884/474
f 1683/2884/475 1698/2883/475 1697/2885/475 1682/2886/475
f 1682/2886/476 1697/2885/476 1696/2887/476 1681/2888/476
f 1681/2888/477 1696/2887/477 1695/2889/477 1680/2890/477
f 1680/2890/478 1695/2889/478 1694/2891/478 1679/2892/478
f 1679/2892/479 1694/2891/479 1628/2773/479 1626/2776/479
f 1708/2796/480 1723/2798/480 1722/2893/480 1707/2868/480
f 1707/2868/481 1722/2893/481 1721/2894/481 1706/2869/481
f 1706/2869/482 1721/2894/482 1720/2895/482 1705/2870/482
f 1705/2870/483 1720/2895/483 1719/2896/483 1704/2871/483
f 1704/2871/484 1719/2896/484 1718/2897/484 1703/2873/484
f 1703/2873/485 1718/2897/485 1717/2898/485 1702/2875/485
f 1702/2875/486 1717/2898/486 1716/2899/486 1701/2877/486
f 1701/2877/487 1716/2899/487 1715/2900/487 1700/2879/487
f 1700/2879/488 1715/2900/488 1714/2901/488 1699/2881/488
f 1699/2881/489 1714/2901/489 1713/2902/489 1698/2883/489
f 1698/2883/490 1713/2902/490 1712/2903/490 1697/2885/490
f 1697/2885/491 1712/2903/491 1711/2904/491 1696/2887/491
f 1696/2887/492 1711/2904/492 1710/2905/492 1695/2889/492
f 1695/2889/493 1710/2905/493 1709/2906/493 1694/2891/493
f 1694/2891/494 1709/2906/494 1630/2777/494 1628/2773/494
f 1723/2802/495 1738/2801/495 1737/2907/495 1722/2908/495
f 1722/2908/496 1737/2907/496 1736/2909/496 1721/2910/496
f 1721/2910/497 1736/2909/497 1735/2911/497 1720/2912/497
f 1720/2912/498 1735/2911/498 1734/2913/498 1719/2914/498
f 1719/2914/499 1734/2913/499 1733/2915/499 1718/2916/499
f 1718/2916/500 1733/2915/500 1732/2917/500 1717/2918/500
f 1717/2918/501 1732/2917/501 1731/2919/501 1716/2920/501
f 1716/2920/502 1731/2919/502 1730/2921/502 1715/2922/502
f 1715/2923/503 1730/2924/503 1729/2925/503 1714/2926/503
f 1714/2926/504 1729/2925/504 1728/2927/504 1713/2928/504
f 1713/2928/505 1728/2927/505 1727/2929/505 1712/2930/505
f 1712/2930/506 1727/2929/506 1726/2931/506 1711/2932/506
f 1711/2904/507 1726/2933/507 1725/2934/507 1710/2905/507
f 1710/2905/508 1725/2934/508 1724/2935/508 1709/2906/508
f 1709/2906/509 1724/2935/509 1632/2779/509 1630/2777/509
f 1738/2806/510 1753/2805/510 1752/2936/510 1737/2937/510
f 1737/2937/511 1752/2936/511 1751/2938/511 1736/2939/511
f 1736/2939/512 1751/2938/512 1750/2940/512 1735/2941/512
f 1735/2911/513 1750/2942/513 1749/2943/513 1734/2913/513
f 1734/2913/514 1749/2943/514 1748/2944/514 1733/2915/514
f 1733/2915/515 1748/2944/515 1747/2945/515 1732/2917/515
f 1732/2917/516 1747/2945/516 1746/2946/516 1731/2919/516
f 1731/2919/517 1746/2946/517 1745/2947/517 1730/2921/517
f 1730/2921/518 1745/2947/518 1744/2948/518 1729/2949/518
f 1729/2949/519 1744/2948/519 1743/2950/519 1728/2951/519
f 1728/2951/520 1743/2950/520 1742/2952/520 1727/2953/520
f 1727/2953/521 1742/2952/521 1741/2954/521 1726/2955/521
f 1726/2955/522 1741/2954/522 1740/2956/522 1725/2957/522
f 1725/2957/523 1740/2956/523 1739/2958/523 1724/2959/523
f 1724/2959/524 1739/2958/524 1634/2781/524 1632/2784/524
f 1753/2805/525 1768/2808/525 1767/2960/525 1752/2936/525
f 1752/2936/526 1767/2960/526 1766/2961/526 1751/2938/526
f 1751/2938/527 1766/2961/527 1765/2962/527 1750/2940/527
f 1750/2940/528 1765/2962/528 1764/2963/528 1749/2964/528
f 1749/2964/529 1764/2963/529 1763/2965/529 1748/2966/529
f 1748/2966/530 1763/2965/530 1762/2967/530 1747/2968/530
f 1747/2968/531 1762/2967/531 1761/2969/531 1746/2970/531
f 1746/2970/532 1761/2969/532 1760/2971/532 1745/2972/532
f 1745/2972/533 1760/2971/533 1759/2973/533 1744/2974/533
f 1744/2974/534 1759/2973/534 1758/2975/534 1743/2976/534
f 1743/2976/535 1758/2975/535 1757/2977/535 1742/2978/535
f 1742/2978/536 1757/2977/536 1756/2979/536 1741/2980/536
f 1741/2980/537 1756/2979/537 1755/2981/537 1740/2982/537
f 1740/2982/538 1755/2981/538 1754/2983/538 1739/2984/538
f 1739/2984/539 1754/2983/539 1620/2766/539 1634/2786/539
f 1768/2808/540 1649/2810/540 1650/2985/540 1767/2960/540
f 1767/2960/541 1650/2985/541 1651/2986/541 1766/2961/541
f 1766/2961/542 1651/2986/542 1652/2987/542 1765/2962/542
f 1765/2962/543 1652/2987/543 1653/2988/543 1764/2963/543
f 1764/2963/544 1653/2988/544 1654/2989/544 1763/2965/544
f 1763/2965/545 1654/2989/545 1655/2990/545 1762/2967/545
f 1762/2967/546 1655/2990/546 1656/2991/546 1761/2969/546
f 1761/2969/547 1656/2991/547 1657/2992/547 1760/2971/547
f 1760/2971/548 1657/2992/548 1658/2993/548 1759/2973/548
f 1759/2973/549 1658/2993/549 1659/2994/549 1758/2975/549
f 1758/2975/550 1659/2994/550 1660/2995/550 1757/2977/550
f 1757/2977/551 1660/2995/551 1661/2996/551 1756/2979/551
f 1756/2979/552 1661/2996/552 1662/2997/552 1755/2981/552
f 1755/2981/553 1662/2997/553 1663/2839/553 1754/2983/553
f 1754/2983/554 1663/2839/554 1622/2763/554 1620/2766/554
f 1338/2998/555 1337/2999/555 1346/3000/555 1339/3001/555
f 1337/2999/556 1336/3002/556 1350/3003/556 1346/3000/556
f 1336/3004/557 1335/3005/557 1354/3006/557 1350/3007/557
f 1335/3008/418 1334/3009/418 1358/3010/418 1354/3011/418
f 1334/3012/558 1333/3013/558 1362/3014/558 1358/3015/558
f 1331/3016/559 1332/3017/560 1370/3018/560 1366/3019/559
f 1332/3017/422 1338/3020/422 1339/3021/422 1370/3018/422
f 1339/3001/561 1346/3000/561 1345/3022/561 1340/3023/561
f 1340/3023/562 1345/3022/562 1344/3024/562 1341/3025/562
f 1341/3025/563 1344/3024/563 1343/3026/563 1342/3027/563
f 1342/3027/564 1343/3026/564 1329/3028/564 1330/3029/564
f 1346/3000/565 1350/3003/565 1349/3030/565 1345/3022/565
f 1345/3022/566 1349/3030/566 1348/3031/566 1344/3024/566
f 1344/3024/567 1348/3031/567 1347/3032/567 1343/3026/567
f 1343/3026/568 1347/3032/568 1328/3033/568 1329/3028/568
f 1350/3034/569 1354/3011/569 1353/3035/569 1349/3036/569
f 1349/3036/570 1353/3035/570 1352/3037/570 1348/3038/570
f 1348/3038/571 1352/3037/571 1351/3039/571 1347/3040/571
f 1347/3040/572 1351/3039/572 1327/3041/572 1328/3042/572
f 1354/3011/418 1358/3010/418 1357/3043/418 1353/3035/418
f 1353/3035/418 1357/3043/418 1356/3044/418 1352/3037/418
f 1352/3037/418 1356/3044/418 1355/3045/418 1351/3039/418
f 1351/3039/418 1355/3045/418 1326/3046/418 1327/3041/418
f 1358/3015/573 1362/3014/573 1361/3047/573 1357/3048/573
f 1357/3048/574 1361/3047/574 1360/3049/574 1356/3050/574
f 1356/3050/575 1360/3049/575 1359/3051/575 1355/3052/575
f 1355/3052/576 1359/3051/576 1325/3053/576 1326/3054/576
f 1362/3014/577 1366/3055/577 1365/3056/577 1361/3047/577
f 1361/3047/578 1365/3056/578 1364/3057/578 1360/3049/578
f 1360/3049/579 1364/3057/579 1363/3058/579 1359/3051/579
f 1366/3019/580 1370/3018/580 1369/3059/580 1365/3060/580
f 1365/3060/581 1369/3059/581 1368/3061/581 1364/3062/581
f 1364/3062/582 1368/3061/582 1367/3063/582 1363/3064/582
f 1363/3064/583 1367/3063/583 1323/3065/583 1324/3066/583
f 1370/3018/422 1339/3021/422 1340/3067/422 1369/3059/422
f 1369/3059/584 1340/3067/584 1341/3068/584 1368/3061/584
f 1368/3061/422 1341/3068/422 1342/3069/422 1367/3063/422
f 1367/3063/422 1342/3069/422 1330/3070/422 1323/3065/422
f 1337/3071/416 1338/3020/416 1332/3017/416 1331/3016/416 1333/3072/416 1334/3073/416 1335/3074/416 1336/3075/416
f 1386/3076/585 1385/3077/585 1394/3078/585 1387/3079/585
f 1385/3077/586 1384/3080/586 1398/3081/586 1394/3078/586
f 1384/3082/587 1383/3083/587 1402/3084/587 1398/3085/587
f 1383/3086/406 1382/3087/406 1406/3088/406 1402/3089/406
f 1382/3087/588 1381/3090/588 1410/3091/588 1406/3088/588
f 1379/3092/589 1380/3093/589 1418/3094/589 1414/3095/589
f 1380/3093/410 1386/3096/410 1387/3097/410 1418/3094/410
f 1387/3079/590 1394/3078/590 1393/3098/590 1388/3099/590
f 1388/3099/591 1393/3098/591 1392/3100/591 1389/3101/591
f 1389/3101/592 1392/3100/592 1391/3102/592 1390/3103/592
f 1390/3104/593 1391/3105/593 1377/3106/593 1378/3107/593
f 1394/3078/594 1398/3081/594 1397/3108/594 1393/3098/594
f 1393/3109/595 1397/3110/595 1396/3111/595 1392/3112/595
f 1392/3112/596 1396/3111/596 1395/3113/596 1391/3105/596
f 1391/3105/597 1395/3113/597 1376/3114/597 1377/3106/597
f 1398/3085/598 1402/3084/598 1401/3115/598 1397/3116/598
f 1397/3116/599 1401/3115/599 1400/3117/599 1396/3118/599
f 1396/3118/600 1400/3117/600 1399/3119/600 1395/3120/600
f 1395/3113/601 1399/3121/601 1375/3122/601 1376/3114/601
f 1402/3089/406 1406/3088/406 1405/3123/406 1401/3124/406
f 1401/3124/406 1405/3123/406 1404/3125/406 1400/3126/406
f 1400/3126/406 1404/3125/406 1403/3127/406 1399/3128/406
f 1399/3129/602 1403/3130/602 1374/3131/602 1375/3132/602
f 1406/3088/603 1410/3091/603 1409/3133/603 1405/3123/603
f 1405/3123/604 1409/3133/604 1408/3134/604 1404/3125/604
f 1404/3125/605 1408/3134/605 1407/3135/605 1403/3127/605
f 1403/3127/606 1407/3135/606 1373/3136/606 1374/3137/606
f 1410/3138/607 1414/3139/607 1413/3140/607 1409/3141/607
f 1409/3141/608 1413/3140/608 1412/3142/608 1408/3143/608
f 1408/3143/609 1412/3142/609 1411/3144/609 1407/3145/609
f 1414/3095/610 1418/3094/610 1417/3146/610 1413/3147/610
f 1413/3147/611 1417/3146/611 1416/3148/611 1412/3149/611
f 1412/3149/612 1416/3148/612 1415/3150/612 1411/3151/612
f 1411/3151/613 1415/3150/613 1371/3152/613 1372/3153/613
f 1418/3094/410 1387/3097/410 1388/3154/410 1417/3146/410
f 1417/3146/410 1388/3154/410 1389/3155/410 1416/3148/410
f 1416/3148/410 1389/3155/410 1390/3156/410 1415/3150/410
f 1415/3150/614 1390/3156/614 1378/3157/614 1371/3152/614
f 1385/3158/412 1386/3159/412 1380/3160/412 1379/3161/412 1381/3162/412 1382/3163/412 1383/3164/412 1384/3165/412
f 1490/3166/418 1487/3167/418 1481/3168/418 1496/3169/418
f 1488/3170/615 1427/3171/615 1425/3172/615 1487/3173/615
f 1486/3174/410 1429/3175/410 1427/3171/410 1488/3170/410
f 1485/3176/616 1431/3177/616 1429/3178/616 1486/3179/616
f 1484/3180/422 1433/3181/422 1431/3182/422 1485/3183/422
f 1483/3184/617 1435/3185/617 1433/3186/617 1484/3187/617
f 1482/3188/406 1437/3189/406 1435/3190/406 1483/3191/406
f 1481/3192/618 1439/3193/618 1437/3189/618 1482/3188/618
f 1426/3194/413 1442/3194/413 1448/3194/413 1440/3194/413
f 1440/3194/413 1448/3194/619 1447/3194/413 1438/3194/620
f 1438/3194/413 1447/3194/621 1446/3194/413 1436/3194/622
f 1436/3194/413 1446/3194/623 1445/3194/413 1434/3194/624
f 1434/3194/413 1445/3194/413 1444/3194/413 1432/3194/413
f 1432/3194/413 1444/3194/620 1443/3194/413 1430/3194/625
f 1430/3194/413 1443/3194/622 1441/3194/413 1428/3194/621
f 1428/3194/413 1441/3194/624 1442/3194/413 1426/3194/623
f 1442/3194/413 1450/3194/413 1456/3194/413 1448/3194/413
f 1448/3194/413 1456/3194/619 1455/3194/413 1447/3194/620
f 1447/3194/413 1455/3194/621 1454/3194/413 1446/3194/622
f 1446/3194/413 1454/3194/623 1453/3194/413 1445/3194/624
f 1445/3194/413 1453/3194/413 1452/3194/413 1444/3194/413
f 1444/3194/413 1452/3194/620 1451/3194/413 1443/3194/625
f 1443/3194/413 1451/3194/622 1449/3194/413 1441/3194/621
f 1441/3194/413 1449/3194/624 1450/3194/413 1442/3194/623
f 1450/3194/413 1458/3194/413 1464/3194/413 1456/3194/413
f 1456/3194/413 1464/3194/619 1463/3194/413 1455/3194/620
f 1455/3194/413 1463/3194/621 1462/3194/413 1454/3194/622
f 1454/3194/413 1462/3194/623 1461/3194/413 1453/3194/624
f 1453/3194/413 1461/3194/413 1460/3194/413 1452/3194/413
f 1452/3194/413 1460/3194/620 1459/3194/413 1451/3194/625
f 1451/3194/413 1459/3194/622 1457/3194/413 1449/3194/621
f 1449/3194/413 1457/3194/624 1458/3194/413 1450/3194/623
f 1458/3194/413 1474/3194/413 1480/3194/413 1464/3194/413
f 1464/3194/413 1480/3194/619 1479/3194/413 1463/3194/620
f 1463/3194/413 1479/3194/621 1478/3194/413 1462/3194/622
f 1462/3194/413 1478/3194/623 1477/3194/413 1461/3194/624
f 1461/3194/413 1477/3194/413 1476/3194/413 1460/3194/413
f 1460/3194/413 1476/3194/620 1475/3194/413 1459/3194/625
f 1459/3194/413 1475/3194/622 1473/3194/413 1457/3194/621
f 1457/3194/413 1473/3194/624 1474/3194/413 1458/3194/623
f 1489/3195/615 1488/3170/615 1487/3173/615 1490/3196/615
f 1491/3197/410 1486/3174/410 1488/3170/410 1489/3195/410
f 1492/3198/616 1485/3176/616 1486/3179/616 1491/3199/616
f 1493/3200/422 1484/3180/422 1485/3183/422 1492/3201/422
f 1494/3202/617 1483/3184/617 1484/3187/617 1493/3203/617
f 1495/3204/406 1482/3188/406 1483/3191/406 1494/3205/406
f 1496/3206/618 1481/3192/618 1482/3188/618 1495/3204/618
f 1487/3167/418 1425/3207/418 1439/3208/418 1481/3168/418
f 1480/3209/616 1496/3210/616 1495/3211/616 1479/3212/616
f 1479/3213/410 1495/3214/410 1494/3215/410 1478/3216/410
f 1478/3216/615 1494/3215/615 1493/3217/615 1477/3218/615
f 1477/3219/626 1493/3220/626 1492/3221/626 1476/3222/626
f 1476/3223/618 1492/3224/618 1491/3225/618 1475/3226/618
f 1475/3226/406 1491/3225/406 1489/3227/406 1473/3228/406
f 1473/3229/617 1489/3230/617 1490/3231/617 1474/3232/617
f 1474/3233/584 1490/3234/584 1496/3235/584 1480/3236/584
f 1512/3237/627 1511/3238/627 1520/3239/627 1513/3240/627
f 1511/3238/628 1510/3241/628 1524/3242/628 1520/3239/628
f 1510/3243/629 1509/3244/629 1528/3245/629 1524/3246/629
f 1509/3247/422 1508/3248/422 1532/3249/422 1528/3250/422
f 1508/3251/630 1507/3252/630 1536/3253/630 1532/3254/630
f 1507/3255/631 1505/3256/631 1540/3257/631 1536/3258/631
f 1505/3259/632 1506/3260/632 1544/3261/632 1540/3262/632
f 1506/3260/418 1512/3263/418 1513/3264/418 1544/3261/418
f 1513/3240/633 1520/3239/633 1519/3265/633 1514/3266/633
f 1514/3266/634 1519/3265/634 1518/3267/634 1515/3268/634
f 1515/3268/635 1518/3267/635 1517/3269/635 1516/3270/635
f 1516/3270/636 1517/3269/636 1503/3271/636 1504/3272/636
f 1520/3239/637 1524/3242/637 1523/3273/637 1519/3265/637
f 1519/3265/638 1523/3273/638 1522/3274/638 1518/3267/638
f 1518/3267/639 1522/3274/639 1521/3275/639 1517/3269/639
f 1517/3269/640 1521/3275/640 1502/3276/640 1503/3271/640
f 1524/3277/641 1528/3250/641 1527/3278/641 1523/3279/641
f 1523/3279/642 1527/3278/642 1526/3280/642 1522/3281/642
f 1522/3281/643 1526/3280/643 1525/3282/643 1521/3283/643
f 1521/3283/644 1525/3282/644 1501/3284/644 1502/3285/644
f 1528/3250/422 1532/3249/422 1531/3286/422 1527/3278/422
f 1527/3278/422 1531/3286/422 1530/3287/422 1526/3280/422
f 1526/3280/422 1530/3287/422 1529/3288/422 1525/3282/422
f 1525/3282/422 1529/3288/422 1500/3289/422 1501/3284/422
f 1532/3254/645 1536/3253/645 1535/3290/645 1531/3291/645
f 1531/3291/646 1535/3290/646 1534/3292/646 1530/3293/646
f 1530/3293/647 1534/3292/647 1533/3294/647 1529/3295/647
f 1529/3295/648 1533/3294/648 1499/3296/648 1500/3297/648
f 1536/3253/649 1540/3298/649 1539/3299/649 1535/3290/649
f 1535/3290/650 1539/3299/650 1538/3300/650 1534/3292/650
f 1534/3292/651 1538/3300/651 1537/3301/651 1533/3294/651
f 1533/3302/652 1537/3303/652 1498/3304/652 1499/3305/652
f 1540/3262/653 1544/3261/653 1543/3306/653 1539/3307/653
f 1539/3307/654 1543/3306/654 1542/3308/654 1538/3309/654
f 1538/3309/655 1542/3308/655 1541/3310/655 1537/3311/655
f 1537/3311/656 1541/3310/656 1497/3312/656 1498/3313/656
f 1544/3261/418 1513/3264/418 1514/3314/418 1543/3306/418
f 1543/3306/418 1514/3314/418 1515/3315/418 1542/3308/418
f 1542/3308/418 1515/3315/418 1516/3316/418 1541/3310/418
f 1541/3310/418 1516/3316/418 1504/3317/418 1497/3312/418
f 1576/3318/657 1575/3319/657 1584/3320/657 1577/3321/657
f 1575/3322/658 1574/3323/658 1588/3324/658 1584/3325/658
f 1574/3326/659 1573/3327/659 1592/3328/659 1588/3329/659
f 1573/3327/660 1572/3330/660 1596/3331/660 1592/3328/660
f 1572/3330/661 1571/3332/661 1600/3333/661 1596/3331/661
f 1569/3334/662 1570/3335/662 1608/3336/662 1604/3337/662
f 1570/3335/663 1576/3318/663 1577/3321/663 1608/3336/663
f 1577/3338/664 1584/3325/664 1583/3339/664 1578/3340/664
f 1578/3340/665 1583/3339/665 1582/3341/665 1579/3342/665
f 1579/3342/666 1582/3341/666 1581/3343/666 1580/3344/666
f 1580/3345/667 1581/3346/667 1567/3347/667 1568/3348/667
f 1584/3325/668 1588/3324/668 1587/3349/668 1583/3339/668
f 1583/3339/669 1587/3349/669 1586/3350/669 1582/3341/669
f 1582/3341/670 1586/3350/670 1585/3351/670 1581/3343/670
f 1581/3343/671 1585/3351/671 1566/3352/671 1567/3353/671
f 1588/3329/672 1592/3328/672 1591/3354/672 1587/3355/672
f 1587/3355/673 1591/3354/673 1590/3356/673 1586/3357/673
f 1586/3357/674 1590/3356/674 1589/3358/674 1585/3359/674
f 1585/3359/675 1589/3358/675 1565/3360/675 1566/3361/675
f 1592/3328/660 1596/3331/660 1595/3362/660 1591/3354/660
f 1591/3354/660 1595/3362/660 1594/3363/660 1590/3356/660
f 1590/3356/660 1594/3363/660 1593/3364/660 1589/3358/660
f 1589/3358/660 1593/3364/660 1564/3365/660 1565/3360/660
f 1596/3366/676 1600/3367/676 1599/3368/676 1595/3369/676
f 1595/3369/677 1599/3368/677 1598/3370/677 1594/3371/677
f 1594/3363/678 1598/3372/678 1597/3373/678 1593/3364/678
f 1593/3364/679 1597/3373/679 1563/3374/679 1564/3365/679
f 1600/3367/680 1604/3375/680 1603/3376/680 1599/3368/680
f 1599/3368/681 1603/3376/681 1602/3377/681 1598/3370/681
f 1598/3370/682 1602/3377/682 1601/3378/682 1597/3379/682
f 1604/3337/683 1608/3336/683 1607/3380/683 1603/3381/683
f 1603/3376/684 1607/3382/684 1606/3383/684 1602/3377/684
f 1602/3377/685 1606/3383/685 1605/3384/685 1601/3378/685
f 1601/3385/686 1605/3386/686 1561/3387/686
f 1608/3336/663 1577/3321/663 1578/3388/663 1607/3380/663
f 1607/3380/663 1578/3388/663 1579/3389/663 1606/3390/663
f 1606/3390/663 1579/3389/663 1580/3345/663 1605/3386/663
f 1605/3386/663 1580/3345/663 1568/3348/663 1561/3387/663
f 1562/3391/687 1601/3392/687 1561/3393/687
f 1613/3194/688 1614/3194/413 1638/3194/689 1637/3194/413
f 1615/3194/690 1616/3194/413 1640/3194/691 1639/3194/413
f 1612/3194/692 1613/3194/413 1637/3194/693 1636/3194/413
f 1614/3194/694 1615/3194/413 1639/3194/695 1638/3194/413
f 1616/3194/693 1609/3194/413 1635/3194/692 1640/3194/413
f 1609/3394/663 1616/3395/663 1648/2795/663 1642/2792/663
f 1611/3396/696 1562/3397/696 1641/2788/696 1643/2787/696
f 1616/3395/697 1615/3398/697 1647/2797/697 1648/2795/697
f 1615/3399/698 1614/3400/698 1646/2800/698 1647/2799/698
f 1614/3401/699 1613/3402/699 1645/2804/699 1646/2803/699
f 1613/3402/660 1612/3403/660 1644/2807/660 1645/2804/660
f 1611/3404/700 1612/3405/700 1644/3406/700 1643/3407/700
l 1419 1424
l 1423 1424
l 1422 1423
l 1421 1422
l 1419 1420
l 1457 1465
l 1458 1466
l 1459 1467
l 1460 1468
l 1461 1469
l 1462 1470
l 1463 1471
l 1464 1472
l 1421 1501
l 1420 1499
l 1609 1610
l 1617 1618
l 1571 1612
